model,IFEval,BBH,MATH_Lvl5,GPQA,MUSR,MMLU-PRO
0-hero/Matter-0.2-7B-DPO,0.26247689463955637,0.35844471445929527,0.014350453172205438,0.25922818791946306,0.38095238095238093,0.1163563829787234
01-ai/Yi-1.5-34B-32K,0.2532347504621072,0.5981600416594341,0.1540785498489426,0.36325503355704697,0.43915343915343913,0.4709109042553192
01-ai/Yi-1.5-34B-Chat-16K,0.39371534195933455,0.6070126714112133,0.21374622356495468,0.33808724832214765,0.43915343915343913,0.45445478723404253
01-ai/Yi-1.5-34B-Chat,0.5526802218114603,0.6064919284846381,0.277190332326284,0.3649328859060403,0.42724867724867727,0.45204454787234044
01-ai/Yi-1.5-34B,0.21811460258780038,0.5953827460510328,0.15332326283987915,0.36577181208053694,0.42328042328042326,0.4665890957446808
01-ai/Yi-1.5-6B-Chat,0.45471349353049906,0.4528727651449401,0.1623867069486405,0.30201342281879195,0.43783068783068785,0.3193151595744681
01-ai/Yi-1.5-6B,0.2199630314232902,0.4481860788057629,0.06646525679758308,0.313758389261745,0.4365079365079365,0.31441156914893614
01-ai/Yi-1.5-9B-32K,0.18484288354898337,0.49401145634438465,0.10800604229607251,0.35906040268456374,0.41798941798941797,0.37649601063829785
01-ai/Yi-1.5-9B-Chat-16K,0.3512014787430684,0.5124110397500434,0.1782477341389728,0.3087248322147651,0.4087301587301587,0.39935172872340424
01-ai/Yi-1.5-9B-Chat,0.5508317929759704,0.5528554070473876,0.2258308157099698,0.3347315436241611,0.4246031746031746,0.39752327127659576
01-ai/Yi-1.5-9B,0.23105360443622922,0.513626106578719,0.11404833836858005,0.37919463087248323,0.43253968253968256,0.3916223404255319
01-ai/Yi-34B-200K,0.12384473197781885,0.5401839958340566,0.05740181268882175,0.3565436241610738,0.38095238095238093,0.45345744680851063
01-ai/Yi-34B-Chat,0.4121996303142329,0.5526818260718626,0.06268882175226587,0.33808724832214765,0.3968253968253968,0.4093251329787234
01-ai/Yi-34B,0.24584103512014788,0.5450442631487589,0.0513595166163142,0.36661073825503354,0.4113756613756614,0.441156914893617
01-ai/Yi-6B-200K,0.07393715341959335,0.4245790661343517,0.01812688821752266,0.28187919463087246,0.4576719576719577,0.2844082446808511
01-ai/Yi-6B-Chat,0.2809611829944547,0.40878319736156915,0.013595166163141994,0.29446308724832215,0.36772486772486773,0.3061003989361702
01-ai/Yi-6B,0.22735674676524953,0.42666203784065265,0.015861027190332326,0.26929530201342283,0.39285714285714285,0.29911901595744683
01-ai/Yi-9B-200K,0.18484288354898337,0.4780420065960771,0.06646525679758308,0.31543624161073824,0.42857142857142855,0.36220079787234044
01-ai/Yi-9B,0.2144177449168207,0.492622808540184,0.055891238670694864,0.3179530201342282,0.40476190476190477,0.35738031914893614
01-ai/Yi-Coder-9B-Chat,0.4214417744916821,0.48029855927790316,0.04003021148036254,0.24748322147651006,0.39814814814814814,0.24251994680851063
1-800-LLMs/Qwen-2.5-14B-Hindi-Custom-Instruct,0.2809611829944547,0.6257594167679222,0.311178247734139,0.3699664429530201,0.44841269841269843,0.516373005319149
1-800-LLMs/Qwen-2.5-14B-Hindi,0.5212569316081331,0.6497135913903836,0.3330815709969788,0.3624161073825503,0.44841269841269843,0.5262632978723404
1024m/PHI-4-Hindi,0.005545286506469501,0.669675403575768,0.23338368580060423,0.3976510067114094,0.49074074074074076,0.523936170212766
1024m/QWEN-14B-B100,0.7430683918669131,0.6511022391945843,0.5438066465256798,0.35067114093959734,0.4087301587301587,0.5178690159574468
152334H/miqu-1-70b-sf,0.4584103512014787,0.6087484811664642,0.12462235649546828,0.35067114093959734,0.4576719576719577,0.42278922872340424
1TuanPham/T-VisStar-7B-v0.1,0.2957486136783734,0.5032112480472141,0.05740181268882175,0.28523489932885904,0.4365079365079365,0.3210605053191489
1TuanPham/T-VisStar-v0.1,0.2957486136783734,0.5032112480472141,0.05740181268882175,0.28523489932885904,0.4365079365079365,0.3210605053191489
3rd-Degree-Burn/L-3.1-Science-Writer-8B,0.35489833641404805,0.5007811143898628,0.10347432024169184,0.27432885906040266,0.3955026455026455,0.36494348404255317
3rd-Degree-Burn/Llama-3.1-8B-Squareroot-v1,0.2199630314232902,0.33153966325290746,0.08836858006042296,0.2558724832214765,0.3333333333333333,0.11269946808510638
3rd-Degree-Burn/Llama-3.1-8B-Squareroot,0.1645101663585952,0.34247526471098766,0.26586102719033233,0.25671140939597314,0.3082010582010582,0.17495013297872342
3rd-Degree-Burn/Llama-Squared-8B,0.2033271719038817,0.44106925880923453,0.05740181268882175,0.27181208053691275,0.3082010582010582,0.2366190159574468
4season/final_model_test_v2,0.25693160813308685,0.6323554938378754,0.08383685800604229,0.3271812080536913,0.4312169312169312,0.3528091755319149
AALF/FuseChat-Llama-3.1-8B-Instruct-preview,0.6765249537892791,0.509460163166117,0.24773413897280966,0.3053691275167785,0.38095238095238093,0.3732546542553192
AALF/FuseChat-Llama-3.1-8B-SFT-preview,0.6839186691312384,0.522131574379448,0.22507552870090636,0.30453020134228187,0.4007936507936508,0.37433510638297873
AALF/gemma-2-27b-it-SimPO-37K-100steps,0.21256931608133087,0.3917722617601111,0.021148036253776436,0.28859060402684567,0.33201058201058203,0.21251662234042554
AALF/gemma-2-27b-it-SimPO-37K,0.19593345656192238,0.38899496615170975,0.01283987915407855,0.2802013422818792,0.3478835978835979,0.1971409574468085
AELLM/gemma-2-aeria-infinity-9b,0.7190388170055453,0.5976392987328589,0.21450151057401812,0.3338926174496644,0.4007936507936508,0.38622007978723405
AELLM/gemma-2-lyco-infinity-9b,0.6839186691312384,0.5828849158132269,0.17069486404833836,0.32802013422818793,0.3994708994708995,0.378656914893617
AGI-0/Art-v0-3B,0.24399260628465805,0.3388300642249609,0.24622356495468278,0.25922818791946306,0.37566137566137564,0.11785239361702128
AGI-0/Artificium-llama3.1-8B-001,0.4584103512014787,0.42371116125672625,0.13595166163141995,0.26593959731543626,0.3783068783068783,0.3181515957446808
AGI-0/smartllama3.1-8B-001,0.27911275415896486,0.4639819475785454,0.1299093655589124,0.3062080536912752,0.43783068783068785,0.3486535904255319
AI-MO/NuminaMath-7B-CoT,0.2199630314232902,0.42978649540010416,0.26963746223564955,0.26593959731543626,0.32936507936507936,0.28681848404255317
AI-MO/NuminaMath-7B-TIR,0.21072088724584104,0.41277555979864605,0.1608761329305136,0.25838926174496646,0.3505291005291005,0.2732712765957447
AI-Sweden-Models/Llama-3-8B-instruct,0.17929759704251386,0.414684950529422,0.03851963746223565,0.26593959731543626,0.47619047619047616,0.25972406914893614
AI-Sweden-Models/gpt-sw3-40b,0.09981515711645102,0.32459642423190416,0.017371601208459216,0.2348993288590604,0.36243386243386244,0.12757646276595744
AI4free/Dhanishtha,0.19408502772643252,0.33761499739628537,0.25604229607250756,0.2525167785234899,0.3558201058201058,0.16431183510638298
AI4free/t2,0.31053604436229204,0.28745009546953654,0.18957703927492447,0.2575503355704698,0.3835978835978836,0.11436170212765957
AIDC-AI/Marco-o1,0.4121996303142329,0.5334143377885784,0.37462235649546827,0.25922818791946306,0.4126984126984127,0.41165226063829785
Aashraf995/Creative-7B-nerd,0.4048059149722736,0.5584099982641902,0.3164652567975831,0.3263422818791946,0.45105820105820105,0.44921875
Aashraf995/Gemma-Evo-10B,0.6894639556377079,0.6035410519007117,0.22280966767371602,0.3540268456375839,0.458994708994709,0.4275265957446808
Aashraf995/Qwen-Evo-7B,0.4011090573012939,0.5681305328935948,0.31419939577039274,0.32550335570469796,0.4537037037037037,0.44622672872340424
Aashraf995/QwenStock-14B,0.4417744916820702,0.6528380489498351,0.35725075528700906,0.38926174496644295,0.47883597883597884,0.5382313829787234
AbacusResearch/Jallabi-34B,0.2920517560073937,0.5986807845860094,0.05211480362537765,0.3389261744966443,0.48148148148148145,0.4681682180851064
Ahdoot/StructuredThinker-v0.3-MoreStructure,0.34935304990757854,0.48134004513105366,0.290785498489426,0.29697986577181207,0.41534391534391535,0.36103723404255317
Ahdoot/Test_StealthThinker,0.3512014787430684,0.461031070994619,0.17900302114803626,0.2961409395973154,0.42724867724867727,0.35970744680851063
AicoresSecurity/Cybernet-Sec-3B-R1-V0-Coder,0.6617375231053605,0.4452352022218365,0.1487915407854985,0.27181208053691275,0.33994708994708994,0.3178191489361702
AicoresSecurity/Cybernet-Sec-3B-R1-V0,0.5785582255083179,0.4487068217323381,0.11555891238670694,0.2634228187919463,0.3306878306878307,0.301030585106383
AicoresSecurity/Cybernet-Sec-3B-R1-V1.1,0.6266173752310537,0.43672973442110746,0.17598187311178248,0.2709731543624161,0.3531746031746032,0.308843085106383
AicoresSecurity/Cybernet-Sec-3B-R1-V1,0.5600739371534196,0.4263148758896025,0.15181268882175228,0.2609060402684564,0.328042328042328,0.2876496010638298
Alepach/notHumpback-M0,0.17744916820702403,0.27651449401145634,0.0188821752265861,0.24916107382550334,0.3544973544973545,0.1118683510638298
Alepach/notHumpback-M1-v2,0.17005545286506468,0.27512584620725566,0.02190332326283988,0.2600671140939597,0.34656084656084657,0.1118683510638298
Alepach/notHumpback-M1,0.16081330868761554,0.28606144766533587,0.015861027190332326,0.23741610738255034,0.3412698412698413,0.10912566489361702
Alibaba-NLP/gte-Qwen2-7B-instruct,0.1645101663585952,0.4457559451484117,0.06419939577039276,0.24496644295302014,0.3558201058201058,0.33211436170212766
Alsebay/Qwen2.5-7B-test-novelist,0.4731977818853974,0.5117167158479431,0.2348942598187311,0.2911073825503356,0.4748677248677249,0.3865525265957447
Amaorynho/BBAI2006,0.09796672828096119,0.2671411213331019,0.0,0.2525167785234899,0.35978835978835977,0.11228390957446809
Amaorynho/BBAI270V4,0.133086876155268,0.3041138691199445,0.008308157099697885,0.24580536912751677,0.3306878306878307,0.11136968085106383
Amaorynho/BBAIIFEV1,0.7689463955637708,0.5280333275473008,0.1933534743202417,0.3104026845637584,0.41798941798941797,0.3857214095744681
Amaorynho/BBAI_375,0.09796672828096119,0.2671411213331019,0.0,0.2525167785234899,0.35978835978835977,0.11228390957446809
Amu/t1-1.5B,0.2698706099815157,0.39802117687901406,0.0513595166163142,0.24328859060402686,0.3505291005291005,0.2566489361702128
Amu/t1-3B,0.2698706099815157,0.39645894809928833,0.13746223564954682,0.2407718120805369,0.3425925925925926,0.12840757978723405
ArliAI/ArliAI-RPMax-12B-v1.1,0.47504621072088726,0.47335532025689986,0.11253776435045318,0.28187919463087246,0.3611111111111111,0.3384308510638298
ArliAI/Llama-3.1-8B-ArliAI-RPMax-v1.1,0.5859519408502772,0.4997396285367124,0.13141993957703926,0.2835570469798658,0.35714285714285715,0.35513630319148937
Arthur-LAGACHERIE/Precis-1B-Instruct,0.30129390018484287,0.3195625759416768,0.0037764350453172208,0.26593959731543626,0.3425925925925926,0.14261968085106383
Artples/L-MChat-7b,0.4658040665434381,0.45842735636174275,0.09214501510574018,0.3053691275167785,0.4021164021164021,0.3298703457446808
Artples/L-MChat-Small,0.25693160813308685,0.4789099114737025,0.0377643504531722,0.2676174496644295,0.36904761904761907,0.24642619680851063
Aryanne/QwentileSwap,0.6987060998151571,0.6979691025863566,0.42220543806646527,0.3674496644295302,0.46296296296296297,0.5945811170212766
Aryanne/SHBA,0.7467652495378928,0.5210900885262976,0.1797583081570997,0.3053691275167785,0.41534391534391535,0.3892121010638298
Aryanne/SuperHeart,0.44731977818853974,0.5191806977955216,0.15634441087613293,0.3011744966442953,0.44312169312169314,0.3912067819148936
AtAndDev/Qwen2.5-1.5B-continuous-learnt,0.39371534195933455,0.42371116125672625,0.1472809667673716,0.2701342281879195,0.3611111111111111,0.28058510638297873
Ateron/Glowing-Forest-12B,0.29390018484288355,0.5469536538795348,0.07779456193353475,0.33305369127516776,0.4444444444444444,0.37175864361702127
Ateron/Lotus-Magpic,0.5785582255083179,0.5226523173060232,0.09969788519637462,0.3028523489932886,0.43253968253968256,0.3490691489361702
Ateron/Way_of_MagPicaro,0.19408502772643252,0.5401839958340566,0.05891238670694864,0.3338926174496644,0.4642857142857143,0.35355718085106386
AuraIndustries/Aura-4B,0.30868761552680224,0.44697101197708733,0.04229607250755287,0.287751677852349,0.39285714285714285,0.27061170212765956
AuraIndustries/Aura-8B,0.6820702402957486,0.5108488109703176,0.15181268882175228,0.2860738255033557,0.3994708994708995,0.38738364361702127
AuraIndustries/Aura-MoE-2x4B-v2,0.4195933456561922,0.4292657524735289,0.03172205438066465,0.287751677852349,0.4087301587301587,0.2609707446808511
AuraIndustries/Aura-MoE-2x4B,0.3974121996303142,0.4322166290574553,0.030966767371601207,0.27181208053691275,0.4074074074074074,0.26496010638297873
Aurel9/testmerge-7b,0.32717190388170053,0.5151883353584447,0.06570996978851963,0.30033557046979864,0.4656084656084656,0.3052692819148936
Ayush-Singh/Llama1B-sft-2,0.09981515711645102,0.2808540183995834,0.0,0.24580536912751677,0.3544973544973545,0.11170212765957446
Azure99/Blossom-V6-14B,0.589648798521257,0.5023433431695886,0.525679758308157,0.2625838926174497,0.4021164021164021,0.4543716755319149
Azure99/Blossom-V6-7B,0.5009242144177449,0.4954001041485853,0.45845921450151056,0.30453020134228187,0.42857142857142855,0.41439494680851063
Azure99/blossom-v5-32b,0.4787430683918669,0.5931261933692067,0.1865558912386707,0.311241610738255,0.4007936507936508,0.4234541223404255
Azure99/blossom-v5-llama3-8b,0.3733826247689464,0.4155528554070474,0.0513595166163142,0.2651006711409396,0.3664021164021164,0.2205784574468085
Azure99/blossom-v5.1-34b,0.5194085027726433,0.608227738239889,0.2590634441087613,0.30956375838926176,0.3915343915343915,0.4557845744680851
Azure99/blossom-v5.1-9b,0.4584103512014787,0.5318521090088526,0.2122356495468278,0.33557046979865773,0.39814814814814814,0.39793882978723405
BAAI/Gemma2-9B-IT-Simpo-Infinity-Preference,0.3031423290203327,0.5971185558062836,0.09743202416918428,0.33976510067114096,0.3955026455026455,0.3868849734042553
BAAI/Infinity-Instruct-3M-0613-Llama3-70B,0.634011090573013,0.6625585835792397,0.21525679758308158,0.35822147651006714,0.45105820105820105,0.47298869680851063
BAAI/Infinity-Instruct-3M-0613-Mistral-7B,0.4824399260628466,0.49418503731990976,0.08157099697885196,0.2961409395973154,0.43386243386243384,0.31607380319148937
BAAI/Infinity-Instruct-3M-0625-Llama3-70B,0.7042513863216266,0.6639472313834404,0.22507552870090636,0.3573825503355705,0.4603174603174603,0.4586103723404255
BAAI/Infinity-Instruct-3M-0625-Llama3-8B,0.5637707948243993,0.49210206561360875,0.08836858006042296,0.2751677852348993,0.37037037037037035,0.3252160904255319
BAAI/Infinity-Instruct-3M-0625-Mistral-7B,0.5415896487985212,0.4914077417115084,0.07628398791540786,0.28691275167785235,0.42592592592592593,0.3229720744680851
BAAI/Infinity-Instruct-3M-0625-Qwen2-7B,0.5064695009242144,0.5315049470578025,0.19259818731117825,0.31291946308724833,0.38756613756613756,0.39602726063829785
BAAI/Infinity-Instruct-3M-0625-Yi-1.5-9B,0.4676524953789279,0.5497309494879361,0.16389728096676737,0.3540268456375839,0.45634920634920634,0.41181848404255317
BAAI/Infinity-Instruct-7M-0729-Llama3_1-8B,0.5693160813308688,0.5040791529248394,0.12764350453172205,0.29278523489932884,0.35714285714285715,0.3223902925531915
BAAI/Infinity-Instruct-7M-0729-mistral-7B,0.5693160813308688,0.49314355146675926,0.08308157099697885,0.2902684563758389,0.40476190476190477,0.3273769946808511
BAAI/Infinity-Instruct-7M-Gen-Llama3_1-70B,0.6913123844731978,0.6675924318694672,0.25226586102719034,0.37583892617449666,0.4523809523809524,0.460688164893617
BAAI/Infinity-Instruct-7M-Gen-Llama3_1-8B,0.5693160813308688,0.5040791529248394,0.12764350453172205,0.29278523489932884,0.35714285714285715,0.3223902925531915
BAAI/Infinity-Instruct-7M-Gen-mistral-7B,0.5674676524953789,0.49314355146675926,0.08308157099697885,0.2902684563758389,0.40476190476190477,0.3273769946808511
BAAI/OPI-Llama-3.1-8B-Instruct,0.15711645101663585,0.3520222183648672,0.013595166163141994,0.27432885906040266,0.32275132275132273,0.21243351063829788
BEE-spoke-data/Meta-Llama-3-8Bee,0.12754158964879853,0.4620725568477695,0.04833836858006042,0.313758389261745,0.36507936507936506,0.32197473404255317
BEE-spoke-data/smol_llama-101M-GQA,0.08502772643253234,0.2976913730255164,0.006042296072507553,0.2575503355704698,0.37037037037037035,0.11070478723404255
BEE-spoke-data/smol_llama-220M-GQA-fineweb_edu,0.13863216266173753,0.2897066481513626,0.006797583081570997,0.25922818791946306,0.4351851851851852,0.11269946808510638
BEE-spoke-data/smol_llama-220M-GQA,0.17744916820702403,0.2997743447318174,0.010574018126888218,0.2558724832214765,0.40476190476190477,0.1149434840425532
BEE-spoke-data/smol_llama-220M-openhermes,0.10720887245841035,0.2997743447318174,0.010574018126888218,0.2676174496644295,0.3835978835978836,0.11203457446808511
BEE-spoke-data/tFINE-900m-e16-d32-flan-infinity-instruct-7m-T2T_en-1024,0.07948243992606285,0.311577851067523,0.010574018126888218,0.25419463087248323,0.43783068783068785,0.12367021276595745
BEE-spoke-data/tFINE-900m-e16-d32-flan,0.09611829944547134,0.301162992536018,0.009818731117824773,0.2332214765100671,0.3716931216931217,0.1307347074468085
BEE-spoke-data/tFINE-900m-e16-d32-instruct_2e,0.08872458410351201,0.3096684603367471,0.013595166163141994,0.25922818791946306,0.4193121693121693,0.12367021276595745
BEE-spoke-data/tFINE-900m-instruct-orpo,0.08133086876155268,0.29994792570734247,0.015861027190332326,0.25922818791946306,0.33994708994708994,0.11519281914893617
BSC-LT/salamandra-7b-instruct,0.19038817005545286,0.3829196320083319,0.008308157099697885,0.26426174496644295,0.4126984126984127,0.18051861702127658
BSC-LT/salamandra-7b,0.09242144177449169,0.35098073251171674,0.0037764350453172208,0.2701342281879195,0.3492063492063492,0.14926861702127658
Ba2han/Llama-Phi-3_DoRA,0.4565619223659889,0.5490366255858358,0.1216012084592145,0.3263422818791946,0.4060846560846561,0.39153922872340424
Baptiste-HUVELLE-10/LeTriomphant2.2_ECE_iLAB,0.43253234750462105,0.7238326679395938,0.44486404833836857,0.39932885906040266,0.46164021164021163,0.5851063829787234
BenevolenceMessiah/Qwen2.5-72B-2x-Instruct-TIES-v1.0,0.4879852125693161,0.7257420586703698,0.5785498489425982,0.3674496644295302,0.4193121693121693,0.5628324468085106
BenevolenceMessiah/Yi-Coder-9B-Chat-Instruct-TIES-MoE-v1.0,0.2365988909426987,0.4903662558583579,0.04154078549848943,0.2625838926174497,0.4074074074074074,0.26803523936170215
BlackBeenie/Bloslain-8B-v0.2,0.4399260628465804,0.5087658392640166,0.14501510574018128,0.3062080536912752,0.4074074074074074,0.3653590425531915
BlackBeenie/Llama-3.1-8B-OpenO1-SFT-v0.1,0.45286506469500926,0.4764797778163513,0.15256797583081572,0.2684563758389262,0.3611111111111111,0.34915226063829785
BlackBeenie/Llama-3.1-8B-pythonic-passthrough-merge,0.16820702402957485,0.34195452178441244,0.011329305135951661,0.2684563758389262,0.376984126984127,0.1332280585106383
BlackBeenie/Neos-Gemma-2-9b,0.5360443622920518,0.5483423016837354,0.09818731117824774,0.32298657718120805,0.3611111111111111,0.39810505319148937
BlackBeenie/Neos-Llama-3.1-8B,0.4288354898336414,0.4393334490539837,0.13217522658610273,0.2684563758389262,0.37433862433862436,0.32621343085106386
BlackBeenie/Neos-Llama-3.1-base,0.11275415896487985,0.2891859052247874,0.0,0.23741610738255034,0.3492063492063492,0.11120345744680851
BlackBeenie/Neos-Phi-3-14B-v0.1,0.33086876155268025,0.6202048255511196,0.1782477341389728,0.3053691275167785,0.4113756613756614,0.45636635638297873
BlackBeenie/llama-3-luminous-merged,0.36229205175600737,0.5141468495052942,0.08685800604229607,0.29278523489932884,0.414021164021164,0.3773271276595745
BlackBeenie/llama-3.1-8B-Galore-openassistant-guanaco,0.19963031423290203,0.5195278597465718,0.06646525679758308,0.30033557046979864,0.44047619047619047,0.32064494680851063
Bllossom/llama-3.2-Korean-Bllossom-AICA-5B,0.4565619223659889,0.42770352369380316,0.12386706948640483,0.2986577181208054,0.38227513227513227,0.27102726063829785
BoltMonkey/DreadMix,0.6635859519408502,0.5422669675403575,0.1555891238670695,0.29949664429530204,0.42063492063492064,0.37898936170212766
BoltMonkey/NeuralDaredevil-SuperNova-Lite-7B-DARETIES-abliterated,0.7652495378927912,0.5137996875542441,0.11933534743202417,0.28104026845637586,0.4007936507936508,0.37333776595744683
BoltMonkey/SuperNeuralDreadDevil-8b,0.7338262476894639,0.5271654226696754,0.09290030211480363,0.29194630872483224,0.3968253968253968,0.36785239361702127
BrainWave-ML/llama3.2-3B-maths-orpo,0.14602587800369685,0.28762367644506165,0.0,0.25922818791946306,0.35714285714285715,0.11677194148936171
BramVanroy/GEITje-7B-ultra,0.3142329020332717,0.3754556500607533,0.015861027190332326,0.2625838926174497,0.328042328042328,0.20113031914893617
BramVanroy/fietje-2-chat,0.22735674676524953,0.41329630272522133,0.0188821752265861,0.23993288590604026,0.35185185185185186,0.20545212765957446
BramVanroy/fietje-2-instruct,0.21626617375231053,0.4115604929699705,0.022658610271903322,0.2332214765100671,0.335978835978836,0.2103557180851064
BramVanroy/fietje-2,0.1534195933456562,0.402187120291616,0.015861027190332326,0.25419463087248323,0.36904761904761907,0.19855385638297873
CYFRAGOVPL/Llama-PLLuM-8B-base,0.22365988909426987,0.43169588613088006,0.03625377643504532,0.28523489932885904,0.3968253968253968,0.27568151595744683
CYFRAGOVPL/Llama-PLLuM-8B-chat,0.30129390018484287,0.4056587398021177,0.033987915407854986,0.26426174496644295,0.4193121693121693,0.27194148936170215
CYFRAGOVPL/PLLuM-12B-base,0.22365988909426987,0.4372504773476827,0.028700906344410877,0.2902684563758389,0.414021164021164,0.2740192819148936
CYFRAGOVPL/PLLuM-12B-chat,0.2735674676524954,0.4431522305155355,0.01812688821752266,0.2600671140939597,0.4113756613756614,0.2872340425531915
CYFRAGOVPL/PLLuM-12B-nc-base,0.18114602587800369,0.42423190418330153,0.02190332326283988,0.2701342281879195,0.3637566137566138,0.25590093085106386
CYFRAGOVPL/PLLuM-12B-nc-chat,0.23475046210720887,0.4559972227043916,0.012084592145015106,0.2827181208053691,0.4351851851851852,0.25972406914893614
CarrotAI/Llama-3.2-Rabbit-Ko-3B-Instruct-2412,0.4048059149722736,0.43551466759243185,0.17598187311178248,0.29278523489932884,0.3862433862433862,0.31341422872340424
CarrotAI/Llama-3.2-Rabbit-Ko-3B-Instruct,0.678373382624769,0.43968061100503386,0.2054380664652568,0.2709731543624161,0.3637566137566138,0.2822473404255319
Casual-Autopsy/L3-Umbral-Mind-RP-v2.0-8B,0.6691312384473198,0.5250824509633745,0.1095166163141994,0.28691275167785235,0.36772486772486773,0.3723404255319149
CausalLM/14B,0.2255083179297597,0.46745356708904706,0.0755287009063444,0.3028523489932886,0.41534391534391535,0.3221409574468085
CausalLM/34b-beta,0.27171903881700554,0.5549383787536886,0.04833836858006042,0.3464765100671141,0.37433862433862436,0.5324966755319149
CausalLM/preview-1-hf,0.49907578558225507,0.3596597812879708,0.030211480362537766,0.26174496644295303,0.3412698412698413,0.35970744680851063
Changgil/K2S3-14b-v0.2,0.26247689463955637,0.4596424231904183,0.05740181268882175,0.28104026845637586,0.3915343915343915,0.2643783244680851
Changgil/K2S3-v0.1,0.2680221811460259,0.46311404270092,0.04607250755287009,0.26426174496644295,0.4007936507936508,0.2562333776595745
ClaudioItaly/Albacus,0.4011090573012939,0.5089394202395418,0.07099697885196375,0.27181208053691275,0.4126984126984127,0.31648936170212766
ClaudioItaly/Book-Gut12B,0.33086876155268025,0.5405311577851067,0.10196374622356495,0.3070469798657718,0.46296296296296297,0.3670212765957447
ClaudioItaly/Evolutionstory-7B-v2.2,0.4195933456561922,0.5084186773129665,0.07099697885196375,0.2751677852348993,0.4126984126984127,0.31590757978723405
ClaudioItaly/intelligence-cod-rag-7b-v3,0.6469500924214417,0.5330671758375282,0.3806646525679758,0.2726510067114094,0.414021164021164,0.4195478723404255
CohereForAI/aya-23-35B,0.5933456561922366,0.5360180524214546,0.03474320241691843,0.29446308724832215,0.4298941798941799,0.33560505319148937
CohereForAI/aya-23-8B,0.4121996303142329,0.42562055198750215,0.01661631419939577,0.28439597315436244,0.39285714285714285,0.2278091755319149
CohereForAI/aya-expanse-32b,0.6857670979667283,0.5629231036278424,0.15332326283987915,0.32550335570469796,0.3862433862433862,0.41298204787234044
CohereForAI/aya-expanse-8b,0.5822550831792976,0.49418503731990976,0.08610271903323263,0.3028523489932886,0.3716931216931217,0.3003656914893617
CohereForAI/c4ai-command-r-plus-08-2024,0.7153419593345656,0.5948620031244576,0.12386706948640483,0.35067114093959734,0.4828042328042328,0.44207114361702127
CohereForAI/c4ai-command-r-plus,0.7282809611829945,0.5813226870335011,0.08006042296072508,0.3053691275167785,0.4801587301587302,0.3991855053191489
CohereForAI/c4ai-command-r-v01,0.6266173752310537,0.5351501475438292,0.03474320241691843,0.3070469798657718,0.45105820105820105,0.3369348404255319
CohereForAI/c4ai-command-r7b-12-2024,0.7356746765249538,0.549383787536886,0.2990936555891239,0.3087248322147651,0.4113756613756614,0.3572140957446808
Columbia-NLP/LION-Gemma-2b-dpo-v1.0,0.24399260628465805,0.38448186078805763,0.05362537764350453,0.2533557046979866,0.4074074074074074,0.16647273936170212
Columbia-NLP/LION-Gemma-2b-odpo-v1.0,0.24399260628465805,0.38621767054330847,0.06948640483383686,0.2424496644295302,0.42724867724867727,0.1692154255319149
Columbia-NLP/LION-Gemma-2b-sft-v1.0,0.3068391866913124,0.3846554417635827,0.06797583081570997,0.2558724832214765,0.4021164021164021,0.17819148936170212
Columbia-NLP/LION-LLaMA-3-8b-dpo-v1.0,0.4399260628465804,0.4983509807325117,0.11706948640483383,0.28104026845637586,0.4087301587301587,0.3218916223404255
Columbia-NLP/LION-LLaMA-3-8b-odpo-v1.0,0.32717190388170053,0.4978302378059365,0.10649546827794562,0.28523489932885904,0.40476190476190477,0.3152426861702128
Columbia-NLP/LION-LLaMA-3-8b-sft-v1.0,0.3197781885397412,0.505294219753515,0.11404833836858005,0.27768456375838924,0.4497354497354497,0.32372007978723405
CombinHorizon/Josiefied-abliteratedV4-Qwen2.5-14B-Inst-BaseMerge-TIES,0.7966728280961183,0.6346120465197015,0.5317220543806647,0.32466442953020136,0.4246031746031746,0.4979222074468085
CombinHorizon/Rombos-Qwen2.5-7B-Inst-BaseMerge-TIES,0.7190388170055453,0.5375802812011804,0.493202416918429,0.2978187919463087,0.4021164021164021,0.4341755319148936
CombinHorizon/YiSM-blossom5.1-34B-SLERP,0.4454713493530499,0.6177746918937684,0.21525679758308158,0.35570469798657717,0.44047619047619047,0.4740691489361702
CombinHorizon/huihui-ai-abliterated-Qwen2.5-32B-Inst-BaseMerge-TIES,0.7911275415896488,0.6898107967366777,0.5944108761329305,0.3389261744966443,0.4193121693121693,0.5720578457446809
CombinHorizon/huihui-ai-abliteratedV2-Qwen2.5-14B-Inst-BaseMerge-TIES,0.7874306839186691,0.6313140079847249,0.547583081570997,0.3145973154362416,0.4246031746031746,0.4910239361702128
CombinHorizon/zetasepic-abliteratedV2-Qwen2.5-32B-Inst-BaseMerge-TIES,0.8059149722735675,0.692761673320604,0.5853474320241692,0.3674496644295302,0.4298941798941799,0.5684840425531915
ContactDoctor/Bio-Medical-3B-CoT-012025,0.29390018484288355,0.4342996007637563,0.2212990936555891,0.30453020134228187,0.335978835978836,0.2933843085106383
ContactDoctor/Bio-Medical-Llama-3-8B,0.3844731977818854,0.4856795695191807,0.06722054380664652,0.3338926174496644,0.3505291005291005,0.36477726063829785
CoolSpring/Qwen2-0.5B-Abyme-merge2,0.14417744916820702,0.29803853497656657,0.03323262839879154,0.2600671140939597,0.36772486772486773,0.14893617021276595
CoolSpring/Qwen2-0.5B-Abyme-merge3,0.17744916820702403,0.2982121159520916,0.03172205438066465,0.26426174496644295,0.3492063492063492,0.15001662234042554
CoolSpring/Qwen2-0.5B-Abyme,0.13123844731977818,0.2832841520569346,0.02945619335347432,0.2533557046979866,0.3531746031746032,0.13331117021276595
Corianas/Neural-Mistral-7B,0.49353049907578556,0.44159000173580976,0.0188821752265861,0.2835570469798658,0.3862433862433862,0.27376994680851063
Corianas/Quokka_2.7b,0.12199630314232902,0.3020308974136435,0.008308157099697885,0.2558724832214765,0.39021164021164023,0.11452792553191489
Corianas/llama-3-reactor,0.16266173752310537,0.44558236417288666,0.04682779456193353,0.2978187919463087,0.3968253968253968,0.2800864361702128
CortexLM/btlm-7b-base-v0.2,0.10720887245841035,0.3987155007811144,0.015105740181268883,0.2533557046979866,0.3835978835978836,0.2349567819148936
Cran-May/SCE-2-24B,0.5304990757855823,0.6245443499392467,0.18957703927492447,0.337248322147651,0.4523809523809524,0.461186835106383
Cran-May/SCE-3-24B,0.49353049907578556,0.5960770699531331,0.18806646525679757,0.3464765100671141,0.44312169312169314,0.4646775265957447
Cran-May/T.E-8.1,0.6635859519408502,0.555806283631314,0.44561933534743203,0.31291946308724833,0.4497354497354497,0.4432347074468085
Cran-May/merge_model_20250308_2,0.5341959334565619,0.6563096684603368,0.4380664652567976,0.39093959731543626,0.47883597883597884,0.5419714095744681
Cran-May/merge_model_20250308_3,0.5452865064695009,0.6240236070126715,0.2545317220543807,0.3221476510067114,0.4312169312169312,0.49617686170212766
Cran-May/merge_model_20250308_4,0.38632162661737524,0.6642943933344906,0.4199395770392749,0.3976510067114094,0.46825396825396826,0.5366522606382979
Cran-May/tempmotacilla-cinerea-0308,0.7800369685767098,0.6533587918764103,0.5551359516616314,0.3624161073825503,0.4193121693121693,0.5250166223404256
CreitinGameplays/Llama-3.1-8B-R1-v0.1,0.2476894639556377,0.3025516403402187,0.18126888217522658,0.25838926174496646,0.3611111111111111,0.12516622340425532
CultriX/Qwen2.5-14B-Broca,0.5009242144177449,0.6507550772435341,0.3580060422960725,0.38674496644295303,0.47619047619047616,0.5364029255319149
CultriX/Qwen2.5-14B-BrocaV9,0.6247689463955638,0.6361742752994272,0.3814199395770393,0.3640939597315436,0.46825396825396826,0.5330784574468085
CultriX/Qwen2.5-14B-Brocav3,0.6469500924214417,0.6431175143204305,0.38746223564954685,0.35906040268456374,0.4748677248677249,0.531748670212766
CultriX/Qwen2.5-14B-Brocav6,0.6580406654343808,0.635827113348377,0.38746223564954685,0.3674496644295302,0.47354497354497355,0.5319148936170213
CultriX/Qwen2.5-14B-Brocav7,0.6229205175600739,0.6417288665162298,0.38444108761329304,0.3674496644295302,0.47883597883597884,0.5257646276595744
CultriX/Qwen2.5-14B-Emerged,0.6506469500924215,0.6240236070126715,0.324773413897281,0.3573825503355705,0.46825396825396826,0.5186170212765957
CultriX/Qwen2.5-14B-Emergedv3,0.5822550831792976,0.6163860440895678,0.43580060422960726,0.36073825503355705,0.4722222222222222,0.5173703457446809
CultriX/Qwen2.5-14B-FinalMerge,0.43622920517560076,0.570387085575421,0.3814199395770393,0.3548657718120805,0.4365079365079365,0.4574468085106383
CultriX/Qwen2.5-14B-Hyper,0.4787430683918669,0.6484985245617081,0.34365558912386707,0.39177852348993286,0.4894179894179894,0.5374002659574468
CultriX/Qwen2.5-14B-HyperMarck-dl,0.6118299445471349,0.6080541572643638,0.5287009063444109,0.3674496644295302,0.44047619047619047,0.5090591755319149
CultriX/Qwen2.5-14B-Hyperionv3,0.6358595194085028,0.6500607533414338,0.37009063444108764,0.37080536912751677,0.4722222222222222,0.5339926861702128
CultriX/Qwen2.5-14B-Hyperionv4,0.4824399260628466,0.6452004860267315,0.3474320241691843,0.3976510067114094,0.4828042328042328,0.5364029255319149
CultriX/Qwen2.5-14B-Hyperionv5,0.6192236598890942,0.6422496094428051,0.3821752265861027,0.3716442953020134,0.47883597883597884,0.5301695478723404
CultriX/Qwen2.5-14B-MegaMerge-pt2,0.5083179297597042,0.6550946016316612,0.3995468277945619,0.37919463087248323,0.4722222222222222,0.5420545212765957
CultriX/Qwen2.5-14B-MergeStock,0.5027726432532348,0.6554417635827113,0.41465256797583083,0.3733221476510067,0.4669312169312169,0.539561170212766
CultriX/Qwen2.5-14B-ReasoningMerge,0.38632162661737524,0.6571775733379621,0.520392749244713,0.4077181208053691,0.5158730158730159,0.5344913563829787
CultriX/Qwen2.5-14B-Ultimav2,0.48613678373382624,0.6540531157785107,0.38444108761329304,0.3850671140939597,0.49603174603174605,0.5417220744680851
CultriX/Qwen2.5-14B-Unity,0.6247689463955638,0.6002430133657352,0.4312688821752266,0.34731543624161076,0.4669312169312169,0.507563164893617
CultriX/Qwen2.5-14B-Wernicke-SFT,0.42513863216266173,0.6443325811491061,0.3595166163141994,0.3540268456375839,0.3888888888888889,0.5069813829787234
CultriX/Qwen2.5-14B-Wernicke-SLERP,0.49907578558225507,0.641902447491755,0.4486404833836858,0.34395973154362414,0.4126984126984127,0.5093916223404256
CultriX/Qwen2.5-14B-Wernicke,0.4510166358595194,0.6542266967540358,0.3814199395770393,0.3934563758389262,0.46825396825396826,0.5423869680851063
CultriX/Qwen2.5-14B-Wernickev3,0.6506469500924215,0.6165596250650929,0.3542296072507553,0.3624161073825503,0.4708994708994709,0.515126329787234
CultriX/Qwen2.5-14B-partialmergept1,0.5804066543438078,0.6134351675056414,0.45392749244712993,0.3615771812080537,0.4748677248677249,0.5207779255319149
CultriX/Qwenfinity-2.5-14B,0.4195933456561922,0.5629231036278424,0.41012084592145015,0.348993288590604,0.4497354497354497,0.4498005319148936
CultriX/Qwestion-14B,0.5693160813308688,0.6432910952959555,0.3723564954682779,0.36828859060402686,0.46296296296296297,0.542220744680851
CultriX/SeQwence-14B-EvolMerge,0.4731977818853974,0.6550946016316612,0.36706948640483383,0.3808724832214765,0.48148148148148145,0.5418882978723404
CultriX/SeQwence-14B-EvolMergev1,0.4898336414048059,0.6524908869987849,0.4214501510574018,0.3766778523489933,0.46164021164021163,0.539311835106383
CultriX/SeQwence-14B-v5,0.5304990757855823,0.6502343343169589,0.33081570996978854,0.3699664429530201,0.4708994708994709,0.5414727393617021
CultriX/SeQwence-14B,0.4731977818853974,0.6491928484638083,0.35347432024169184,0.36073825503355705,0.4656084656084656,0.5418882978723404
CultriX/SeQwence-14Bv1,0.6173752310536045,0.6321819128623503,0.3610271903323263,0.3615771812080537,0.4695767195767196,0.531998005319149
CultriX/SeQwence-14Bv2,0.5157116451016636,0.6280159694497484,0.47583081570996977,0.36073825503355705,0.458994708994709,0.5334109042553191
CultriX/SeQwence-14Bv3,0.5083179297597042,0.6276688074986981,0.47658610271903323,0.3649328859060403,0.46164021164021163,0.5334940159574468
DRXD1000/Atlas-7B,0.3068391866913124,0.3282416247179309,0.0188821752265861,0.2575503355704698,0.3333333333333333,0.14012632978723405
DRXD1000/Phoenix-7B,0.26062846580406657,0.39003645200486026,0.01661631419939577,0.2785234899328859,0.3835978835978836,0.23429188829787234
DUAL-GPO/zephyr-7b-ipo-0k-15k-i1,0.21072088724584104,0.44471445929526127,0.030211480362537766,0.2911073825503356,0.4166666666666667,0.31299867021276595
DZgas/GIGABATEMAN-7B,0.4011090573012939,0.5014754382919632,0.05513595166163142,0.28942953020134227,0.43253968253968256,0.3176529255319149
Daemontatox/AetherDrake-SFT,0.4121996303142329,0.4844645026905051,0.1510574018126888,0.32046979865771813,0.4087301587301587,0.34990026595744683
Daemontatox/AetherSett,0.4731977818853974,0.5438291963200833,0.3972809667673716,0.30788590604026844,0.4603174603174603,0.4278590425531915
Daemontatox/AetherTOT,0.3567467652495379,0.5040791529248394,0.1487915407854985,0.3238255033557047,0.4074074074074074,0.38040226063829785
Daemontatox/AetherUncensored,0.3419593345656192,0.4459295261239368,0.14501510574018128,0.28859060402684567,0.37433862433862436,0.27102726063829785
Daemontatox/Cogito-MIS,0.11829944547134935,0.5047734768269397,0.08610271903323263,0.25671140939597314,0.37566137566137564,0.14353390957446807
Daemontatox/CogitoDistil,0.20517560073937152,0.36538795348029857,0.39274924471299094,0.25922818791946306,0.37433862433862436,0.2625498670212766
Daemontatox/CogitoZ,0.3438077634011091,0.6698489845512932,0.5241691842900302,0.3951342281879195,0.47883597883597884,0.5592586436170213
Daemontatox/CogitoZ14,0.6247689463955638,0.6283631314007985,0.42220543806646527,0.3162751677852349,0.40476190476190477,0.39993351063829785
Daemontatox/DocumentCogito,0.7375231053604436,0.5183127929178962,0.21978851963746224,0.2936241610738255,0.39021164021164023,0.3737533244680851
Daemontatox/Llama3.3-70B-CogniLink,0.6487985212569316,0.6668981079673668,0.41389728096676737,0.44546979865771813,0.48677248677248675,0.5172872340425532
Daemontatox/Llama_cot,0.7171903881700554,0.4794306544002777,0.20241691842900303,0.2911073825503356,0.3862433862433862,0.351811835106383
Daemontatox/MawaredT1,0.34935304990757854,0.5188335358444714,0.3021148036253776,0.3347315436241611,0.4695767195767196,0.4718251329787234
Daemontatox/Mini_QwQ,0.3826247689463956,0.5530289880229127,0.41918429003021146,0.3036912751677852,0.46825396825396826,0.437250664893617
Daemontatox/NemoR,0.17929759704251386,0.5188335358444714,0.08308157099697885,0.3271812080536913,0.39021164021164023,0.32903922872340424
Daemontatox/PathFinderAI2.0,0.3974121996303142,0.6623850026037146,0.5075528700906344,0.30201342281879195,0.42063492063492064,0.5546875
Daemontatox/PathFinderAi3.0,0.3733826247689464,0.6847769484464503,0.5045317220543807,0.4085570469798658,0.4801587301587302,0.5757147606382979
Daemontatox/PathfinderAI,0.43622920517560076,0.658913383093213,0.48413897280966767,0.30956375838926176,0.4246031746031746,0.554188829787234
Daemontatox/Phi-4-COT,0.1367837338262477,0.6153445582364173,0.2243202416918429,0.33557046979865773,0.4523809523809524,0.500498670212766
Daemontatox/PixelParse_AI,0.3585951940850277,0.500954695365388,0.1472809667673716,0.3238255033557047,0.40476190476190477,0.37782579787234044
Daemontatox/RA2.0,0.3179297597042514,0.4865474743968061,0.38368580060422963,0.3053691275167785,0.4087301587301587,0.26163563829787234
Daemontatox/RA_Reasoner,0.5009242144177449,0.6035410519007117,0.2122356495468278,0.3313758389261745,0.3955026455026455,0.43001994680851063
Daemontatox/RA_Reasoner2.0,0.4713493530499076,0.6049296997049124,0.2311178247734139,0.32466442953020136,0.38756613756613756,0.4353390957446808
Daemontatox/ReasonTest,0.33271719038817005,0.5407047387606319,0.21374622356495468,0.3187919463087248,0.4312169312169312,0.4271941489361702
Daemontatox/Research_PathfinderAI,0.27171903881700554,0.28363131400798475,0.16993957703927492,0.2407718120805369,0.3386243386243386,0.11303191489361702
Daemontatox/SphinX,0.5083179297597042,0.5426141294914077,0.3081570996978852,0.2978187919463087,0.44047619047619047,0.43658577127659576
Daemontatox/Sphinx2.0,0.6728280961182994,0.6448533240756813,0.40181268882175225,0.2936241610738255,0.4246031746031746,0.5183676861702128
Daemontatox/TinySphinx,0.18484288354898337,0.3289359486200312,0.04305135951661632,0.27348993288590606,0.33201058201058203,0.1697972074468085
Daemontatox/TinySphinx2.0,0.19408502772643252,0.31487588960249957,0.0324773413897281,0.2684563758389262,0.3373015873015873,0.1731216755319149
Daemontatox/Zirel-7B-Math,0.6155268022181146,0.5419198055893074,0.19788519637462235,0.3263422818791946,0.47883597883597884,0.4237034574468085
Daemontatox/Zirel_1.5,0.36229205175600737,0.39593820517271305,0.11329305135951662,0.2600671140939597,0.36507936507936506,0.21434507978723405
Daemontatox/mini-Cogito-R1,0.17190388170055454,0.32667939593820516,0.27492447129909364,0.28691275167785235,0.3439153439153439,0.14818816489361702
Daemontatox/mini_Pathfinder,0.22181146025878004,0.39350807151536193,0.47507552870090636,0.25838926174496646,0.376984126984127,0.28091755319148937
Dampfinchen/Llama-3.1-8B-Ultra-Instruct,0.7744916820702403,0.5250824509633745,0.22054380664652568,0.29194630872483224,0.3994708994708995,0.382563164893617
Danielbrdz/Barcenas-10b,0.6081330868761553,0.6101371289706649,0.21525679758308158,0.3414429530201342,0.4126984126984127,0.4360871010638298
Danielbrdz/Barcenas-14b-Phi-3-medium-ORPO,0.4214417744916821,0.6507550772435341,0.20241691842900303,0.3263422818791946,0.4801587301587302,0.47232380319148937
Danielbrdz/Barcenas-14b-phi-4-v2,0.2144177449168207,0.6575247352890123,0.3217522658610272,0.3783557046979866,0.43915343915343913,0.5243517287234043
Danielbrdz/Barcenas-14b-phi-4,0.04436229205175601,0.6748828328415206,0.2583081570996979,0.38338926174496646,0.5092592592592593,0.5174534574468085
Danielbrdz/Barcenas-3b-GRPO,0.4713493530499076,0.4408956778337094,0.13746223564954682,0.2902684563758389,0.35714285714285715,0.3036901595744681
Danielbrdz/Barcenas-Llama3-8b-ORPO,0.6987060998151571,0.4962680090262107,0.06570996978851963,0.3070469798657718,0.41798941798941797,0.3829787234042553
Danielbrdz/Barcenas-R1-Qwen-1.5b,0.17744916820702403,0.35740322860614476,0.3496978851963746,0.3036912751677852,0.3531746031746032,0.19090757978723405
Dans-DiscountModels/12b-mn-dans-reasoning-test-2,0.31053604436229204,0.4770005207429266,0.0634441087613293,0.27348993288590606,0.36904761904761907,0.2507480053191489
Dans-DiscountModels/12b-mn-dans-reasoning-test-3,0.4565619223659889,0.4829022739107794,0.07779456193353475,0.2709731543624161,0.41534391534391535,0.2515791223404255
Dans-DiscountModels/Dans-Instruct-CoreCurriculum-12b-ChatML,0.16081330868761554,0.4783891685471272,0.04305135951661632,0.2802013422818792,0.35978835978835977,0.2805019946808511
Dans-DiscountModels/Dans-Instruct-Mix-8b-ChatML-V0.1.0,0.04251386321626617,0.475785453914251,0.06722054380664652,0.2860738255033557,0.3783068783068783,0.328374335106383
Dans-DiscountModels/Dans-Instruct-Mix-8b-ChatML-V0.1.1,0.06099815157116451,0.4724874153792744,0.05966767371601209,0.2911073825503356,0.38227513227513227,0.327875664893617
Dans-DiscountModels/Dans-Instruct-Mix-8b-ChatML-V0.2.0,0.45286506469500926,0.46051032806804376,0.07326283987915408,0.2936241610738255,0.3637566137566138,0.2999501329787234
Dans-DiscountModels/Dans-Instruct-Mix-8b-ChatML,0.04990757855822551,0.47144592952612396,0.05513595166163142,0.29446308724832215,0.3915343915343915,0.32878989361702127
Dans-DiscountModels/Mistral-7b-v0.3-Test-E0.7,0.4491682070240296,0.4738760631834751,0.033987915407854986,0.2961409395973154,0.3994708994708995,0.2744348404255319
Dans-DiscountModels/mistral-7b-test-merged,0.6173752310536045,0.48828328415205696,0.0445619335347432,0.29446308724832215,0.37433862433862436,0.29778922872340424
Darkknight535/OpenCrystal-12B-L3,0.3345656192236599,0.5198750216976219,0.08987915407854985,0.3062080536912752,0.36507936507936506,0.3640292553191489
DavidAU/DeepHermes-3-Llama-3-8B-Preview-16.5B-Brainstorm,0.24584103512014788,0.47439680611005036,0.10574018126888217,0.313758389261745,0.39285714285714285,0.3208942819148936
DavidAU/DeepSeek-BlackRoot-R1-Distill-Llama-3.1-8B,0.2957486136783734,0.48602673147023084,0.06570996978851963,0.3179530201342282,0.4312169312169312,0.2976230053191489
DavidAU/DeepSeek-Grand-Horror-SMB-R1-Distill-Llama-3.1-16B,0.18484288354898337,0.4461031070994619,0.02945619335347432,0.313758389261745,0.41534391534391535,0.2709441489361702
DavidAU/DeepSeek-MOE-4X8B-R1-Distill-Llama-3.1-Deep-Thinker-Uncensored-24B,0.31608133086876156,0.4867210553723312,0.08157099697885196,0.32298657718120805,0.4365079365079365,0.30244348404255317
DavidAU/DeepSeek-MOE-4X8B-R1-Distill-Llama-3.1-Mad-Scientist-24B,0.2735674676524954,0.47717410171845165,0.0755287009063444,0.337248322147651,0.421957671957672,0.29695811170212766
DavidAU/DeepSeek-R1-Distill-Qwen-25.5B-Brainstorm,0.27911275415896486,0.5813226870335011,0.5536253776435045,0.3859060402684564,0.5145502645502645,0.4623503989361702
DavidAU/DeepSeek-V2-Grand-Horror-SMB-R1-Distill-Llama-3.1-Uncensored-16.5B,0.21811460258780038,0.44402013539316093,0.017371601208459216,0.3053691275167785,0.4166666666666667,0.2777593085106383
DavidAU/DeepThought-MOE-8X3B-R1-Llama-3.2-Reasoning-18B,0.3197781885397412,0.42180177052595036,0.10800604229607251,0.27936241610738255,0.3558201058201058,0.2720246010638298
DavidAU/Gemma-The-Writer-9B,0.16820702402957485,0.5891338309321298,0.08761329305135952,0.34563758389261745,0.4087301587301587,0.39793882978723405
DavidAU/Gemma-The-Writer-DEADLINE-10B,0.21811460258780038,0.5889602499566048,0.09894259818731117,0.3422818791946309,0.41798941798941797,0.39461436170212766
DavidAU/Gemma-The-Writer-J.GutenBerg-10B,0.2754158964879852,0.5903488977608055,0.09214501510574018,0.33808724832214765,0.4166666666666667,0.3946974734042553
DavidAU/Gemma-The-Writer-Mighty-Sword-9B,0.7153419593345656,0.5900017358097552,0.19108761329305135,0.34815436241610737,0.41005291005291006,0.39677526595744683
DavidAU/Gemma-The-Writer-N-Restless-Quill-10B-Uncensored,0.6635859519408502,0.5913903836139559,0.229607250755287,0.3414429530201342,0.41534391534391535,0.3966090425531915
DavidAU/L3-DARKEST-PLANET-16.5B,0.5674676524953789,0.5216108314528728,0.08987915407854985,0.2953020134228188,0.37433862433862436,0.363031914893617
DavidAU/L3-Dark-Planet-8B,0.3364140480591497,0.5059885436556153,0.0823262839879154,0.30033557046979864,0.3611111111111111,0.37367021276595747
DavidAU/L3-Jamet-12.2B-MK.V-Blackroot-Instruct,0.32717190388170053,0.4740496441590002,0.04078549848942598,0.2785234899328859,0.4007936507936508,0.3291223404255319
DavidAU/L3-Lumimaid-12.2B-v0.1-OAS-Instruct,0.3123844731977819,0.46727998611352195,0.04607250755287009,0.27684563758389263,0.41798941798941797,0.31416223404255317
DavidAU/L3-SMB-Instruct-12.2B-F32,0.3678373382624769,0.47613261586530115,0.04682779456193353,0.28187919463087246,0.4074074074074074,0.3312001329787234
DavidAU/L3-Stheno-Maid-Blackroot-Grand-HORROR-16B,0.27171903881700554,0.4717930914771741,0.02190332326283988,0.2709731543624161,0.4021164021164021,0.3570478723404255
DavidAU/L3-Stheno-v3.2-12.2B-Instruct,0.32717190388170053,0.4809928831800035,0.05060422960725076,0.2751677852348993,0.4087301587301587,0.3345246010638298
DavidAU/L3.1-Dark-Planet-SpinFire-Uncensored-8B,0.6543438077634011,0.524214546085749,0.09290030211480363,0.27936241610738255,0.3531746031746032,0.3670212765957447
DavidAU/L3.1-MOE-2X8B-Deepseek-DeepHermes-e32-uncensored-abliterated-13.7B,0.266173752310536,0.4443672973442111,0.26057401812688824,0.313758389261745,0.37433862433862436,0.2892287234042553
DavidAU/Qwen2.5-MOE-2X1.5B-DeepSeek-Uncensored-Censored-4B,0.13123844731977818,0.29942718278076724,0.024924471299093656,0.25922818791946306,0.37037037037037035,0.11419547872340426
DavidAU/Qwen2.5-MOE-2X7B-DeepSeek-Abliterated-Censored-19B,0.21811460258780038,0.35636174275299426,0.24169184290030213,0.2651006711409396,0.3835978835978836,0.1636469414893617
DavidAU/Qwen2.5-MOE-6x1.5B-DeepSeek-Reasoning-e32,0.15157116451016636,0.326332233987155,0.06646525679758308,0.24748322147651006,0.33994708994708994,0.11220079787234043
Davidsv/SUONG-1,0.17929759704251386,0.27755597986460684,0.0,0.24412751677852348,0.35714285714285715,0.1085438829787234
DavieLion/Llama-3.2-1B-SPIN-iter0,0.10720887245841035,0.2902273910779379,0.006042296072507553,0.2575503355704698,0.3558201058201058,0.11278257978723404
DavieLion/Llama-3.2-1B-SPIN-iter1,0.10166358595194085,0.29109529595556327,0.0022658610271903325,0.25083892617449666,0.3637566137566138,0.11178523936170212
DavieLion/Llama-3.2-1B-SPIN-iter2,0.09057301293900184,0.29352542961291445,0.005287009063444108,0.25419463087248323,0.3544973544973545,0.11286569148936171
DavieLion/Llama-3.2-1B-SPIN-iter3,0.08133086876155268,0.29300468668633917,0.006797583081570997,0.2533557046979866,0.3492063492063492,0.11278257978723404
DavieLion/Lllma-3.2-1B,0.11645101663585952,0.29352542961291445,0.006797583081570997,0.24412751677852348,0.35714285714285715,0.11261635638297872
DebateLabKIT/Llama-3.1-Argunaut-1-8B-SFT,0.49353049907578556,0.48029855927790316,0.14501510574018128,0.2835570469798658,0.4497354497354497,0.3472406914893617
Deci/DeciLM-7B-instruct,0.4232902033271719,0.456865127582017,0.030211480362537766,0.28942953020134227,0.38756613756613756,0.26080452127659576
Deci/DeciLM-7B,0.2088724584103512,0.43950703002950875,0.028700906344410877,0.2953020134228188,0.4351851851851852,0.26919880319148937
DeepAutoAI/Explore_Llama-3.1-8B-Inst,0.7412199630314233,0.5105016490192675,0.20090634441087613,0.2835570469798658,0.39021164021164023,0.379155585106383
DeepAutoAI/Explore_Llama-3.2-1B-Inst,0.49907578558225507,0.3482034369033154,0.07477341389728097,0.2558724832214765,0.31746031746031744,0.18085106382978725
DeepAutoAI/Explore_Llama-3.2-1B-Inst_v0,0.49353049907578556,0.3343169588613088,0.05966767371601209,0.2634228187919463,0.30952380952380953,0.18035239361702127
DeepAutoAI/Explore_Llama-3.2-1B-Inst_v1.1,0.5249537892791127,0.34889776080541574,0.07175226586102719,0.2625838926174497,0.31084656084656087,0.18184840425531915
DeepAutoAI/Explore_Llama-3.2-1B-Inst_v1,0.43622920517560076,0.31036278423884744,0.030966767371601207,0.24496644295302014,0.376984126984127,0.12691156914893617
DeepAutoAI/causal_gpt2,0.12754158964879853,0.29942718278076724,0.005287009063444109,0.2600671140939597,0.42592592592592593,0.11311502659574468
DeepAutoAI/d2nwg_Llama-3.1-8B-Instruct-v0.0,0.756007393715342,0.5045998958514147,0.18051359516616314,0.29194630872483224,0.4126984126984127,0.3877160904255319
DeepAutoAI/d2nwg_causal_gpt2,0.13863216266173753,0.29925360180524213,0.004531722054380665,0.2575503355704698,0.42857142857142855,0.11510970744680851
DeepAutoAI/d2nwg_causal_gpt2_v1,0.1423290203327172,0.2956084013192154,0.0037764350453172208,0.25838926174496646,0.43253968253968256,0.11353058510638298
DeepAutoAI/ldm_soup_Llama-3.1-8B-Inst,0.7707948243992606,0.5085922582884915,0.18882175226586104,0.28942953020134227,0.41534391534391535,0.38863031914893614
DeepAutoAI/ldm_soup_Llama-3.1-8B-Instruct-v0.0,0.7541589648798521,0.5089394202395418,0.19184290030211482,0.2911073825503356,0.4113756613756614,0.38954454787234044
DeepAutoAI/ldm_soup_Llama-3.1-8B-Instruct-v0.1,0.7541589648798521,0.5089394202395418,0.19184290030211482,0.2911073825503356,0.4113756613756614,0.38954454787234044
DeepMount00/Lexora-Lite-3B,0.5304990757855823,0.48429092171498006,0.23036253776435045,0.27432885906040266,0.3955026455026455,0.3602061170212766
DeepMount00/Lexora-Lite-3B_v2,0.4454713493530499,0.479951397326853,0.2280966767371601,0.2709731543624161,0.38095238095238093,0.35438829787234044
DeepMount00/Lexora-Medium-7B,0.35304990757855825,0.511543134872418,0.22205438066465258,0.3053691275167785,0.44312169312169314,0.43251329787234044
DeepMount00/Llama-3-8b-Ita,0.7134935304990758,0.4917549036625586,0.06646525679758308,0.3053691275167785,0.42592592592592593,0.38522273936170215
DeepMount00/Llama-3.1-8b-ITA,0.756007393715342,0.5075507724353411,0.10876132930513595,0.287751677852349,0.4126984126984127,0.38763297872340424
DeepMount00/Llama-3.1-8b-Ita,0.4602587800369686,0.5139732685297691,0.17069486404833836,0.3062080536912752,0.44841269841269843,0.39602726063829785
DeepMount00/Llama-3.1-Distilled,0.7486136783733827,0.5068564485332407,0.20317220543806647,0.3036912751677852,0.40476190476190477,0.3781582446808511
DeepMount00/Qwen2-1.5B-Ita,0.46395563770794823,0.3947231383440375,0.11404833836858005,0.2625838926174497,0.3492063492063492,0.2771775265957447
DeepMount00/Qwen2-1.5B-Ita_v2,0.4436229205175601,0.39211942371116126,0.09667673716012085,0.25922818791946306,0.36904761904761907,0.30319148936170215
DeepMount00/Qwen2-1.5B-Ita_v3,0.43253234750462105,0.39125151883353587,0.1042296072507553,0.2533557046979866,0.373015873015873,0.3017785904255319
DeepMount00/Qwen2-1.5B-Ita_v5,0.4399260628465804,0.39940982468321473,0.11782477341389729,0.25419463087248323,0.3412698412698413,0.29429853723404253
DeepMount00/Qwen2-1.5B-Ita_v6,0.23290203327171904,0.42110744662385,0.08459214501510574,0.2827181208053691,0.37433862433862436,0.28715093085106386
DeepMount00/Qwen2.5-7B-Instruct-MathCoder,0.09981515711645102,0.2966498871723659,0.0007552870090634441,0.2625838926174497,0.37962962962962965,0.11178523936170212
DeepMount00/mergekit-ties-okvgjfz,0.09981515711645102,0.2966498871723659,0.0007552870090634441,0.2625838926174497,0.37962962962962965,0.11178523936170212
Delta-Vector/Baldur-8B,0.4048059149722736,0.5292483943759764,0.14350453172205438,0.30201342281879195,0.4365079365079365,0.3654421542553192
Delta-Vector/Control-8B-V1.1,0.5194085027726433,0.4974830758548863,0.12764350453172205,0.3070469798657718,0.42328042328042326,0.37450132978723405
Delta-Vector/Control-8B,0.49722735674676527,0.5028640860961638,0.13897280966767372,0.3162751677852349,0.4351851851851852,0.3731715425531915
Delta-Vector/Darkens-8B,0.1977818853974122,0.522131574379448,0.05891238670694864,0.32466442953020136,0.41005291005291006,0.3735871010638298
Delta-Vector/Henbane-7b-attempt2,0.35304990757855825,0.5025169241451137,0.22734138972809667,0.2902684563758389,0.3968253968253968,0.4027593085106383
Delta-Vector/Odin-9B,0.3031423290203327,0.5420933865648325,0.14501510574018128,0.3414429530201342,0.4642857142857143,0.4046708776595745
Delta-Vector/Tor-8B,0.18853974121996303,0.5184863738934212,0.05891238670694864,0.3238255033557047,0.4087301587301587,0.37300531914893614
DevQuasar/DevQuasar-R1-Uncensored-Llama-8B,0.31053604436229204,0.5108488109703176,0.33081570996978854,0.34731543624161076,0.44312169312169314,0.3614527925531915
Dongwei/DeepSeek-R1-Distill-Qwen-7B-GRPO,0.33271719038817005,0.34108661690678704,0.19561933534743203,0.27936241610738255,0.36507936507936506,0.23221409574468085
DoppelReflEx/L3-8B-R1-WolfCore-V1.5-test,0.3197781885397412,0.5295955563270266,0.12311178247734139,0.3263422818791946,0.3835978835978836,0.37275598404255317
DoppelReflEx/L3-8B-R1-WolfCore,0.29944547134935307,0.5302898802291269,0.16314199395770393,0.3288590604026846,0.42724867724867727,0.3716755319148936
DoppelReflEx/L3-8B-WolfCore,0.32717190388170053,0.5164034021871203,0.09818731117824774,0.30956375838926176,0.3968253968253968,0.3705119680851064
DoppelReflEx/MN-12B-FoxFrame-test,0.3659889094269871,0.5433084533935081,0.13972809667673716,0.30788590604026844,0.4246031746031746,0.3503158244680851
DoppelReflEx/MN-12B-FoxFrame2-test,0.3733826247689464,0.5459121680263843,0.1404833836858006,0.3145973154362416,0.4246031746031746,0.3568816489361702
DoppelReflEx/MN-12B-FoxFrame3-test,0.3826247689463956,0.5361916333969797,0.13217522658610273,0.3011744966442953,0.458994708994709,0.35289228723404253
DoppelReflEx/MN-12B-Kakigori,0.3049907578558225,0.538968929005381,0.11933534743202417,0.32466442953020136,0.40476190476190477,0.3581283244680851
DoppelReflEx/MN-12B-LilithFrame-Experiment-2,0.36229205175600737,0.4954001041485853,0.10725075528700906,0.32550335570469796,0.37962962962962965,0.32762632978723405
DoppelReflEx/MN-12B-LilithFrame-Experiment-3,0.3567467652495379,0.5441763582711335,0.13444108761329304,0.32802013422818793,0.40343915343915343,0.3603723404255319
DoppelReflEx/MN-12B-LilithFrame-Experiment-4,0.33826247689463956,0.5502516924145113,0.12235649546827794,0.31711409395973156,0.4365079365079365,0.3648603723404255
DoppelReflEx/MN-12B-LilithFrame,0.38632162661737524,0.49106057976045825,0.11555891238670694,0.3196308724832215,0.3888888888888889,0.3256316489361702
DoppelReflEx/MN-12B-Mimicore-GreenSnake,0.41404805914972276,0.5459121680263843,0.13897280966767372,0.32466442953020136,0.4298941798941799,0.3651097074468085
DoppelReflEx/MN-12B-Mimicore-Nocturne,0.33086876155268025,0.5677833709425447,0.10574018126888217,0.3196308724832215,0.45634920634920634,0.36336436170212766
DoppelReflEx/MN-12B-Mimicore-Orochi-v2-Experiment,0.24953789279112754,0.528554070473876,0.06117824773413897,0.2978187919463087,0.45634920634920634,0.3423371010638298
DoppelReflEx/MN-12B-Mimicore-Orochi-v3-Experiment,0.36229205175600737,0.5413990626627322,0.1216012084592145,0.29278523489932884,0.44312169312169314,0.339594414893617
DoppelReflEx/MN-12B-Mimicore-Orochi-v4-Experiment,0.36414048059149723,0.5424405485158826,0.12084592145015106,0.3053691275167785,0.4444444444444444,0.3519780585106383
DoppelReflEx/MN-12B-Mimicore-Orochi,0.40850277264325324,0.5462593299774344,0.13595166163141995,0.31291946308724833,0.4537037037037037,0.34466422872340424
DoppelReflEx/MN-12B-Mimicore-WhiteSnake-v2-Experiment-1,0.3345656192236599,0.4844645026905051,0.07854984894259819,0.3053691275167785,0.3783068783068783,0.31141954787234044
DoppelReflEx/MN-12B-Mimicore-WhiteSnake-v2-Experiment-2,0.2698706099815157,0.5096337441416421,0.11253776435045318,0.2961409395973154,0.3968253968253968,0.33136635638297873
DoppelReflEx/MN-12B-Mimicore-WhiteSnake-v2-Experiment-3,0.36044362292051757,0.47717410171845165,0.08987915407854985,0.30201342281879195,0.36772486772486773,0.31981382978723405
DoppelReflEx/MN-12B-Mimicore-WhiteSnake-v2-Experiment-4,0.36968576709796674,0.51570907828502,0.11404833836858005,0.3104026845637584,0.3994708994708995,0.3341921542553192
DoppelReflEx/MN-12B-Mimicore-WhiteSnake,0.38632162661737524,0.5566741885089395,0.13141993957703926,0.3179530201342282,0.45634920634920634,0.3657746010638298
DoppelReflEx/MN-12B-Unleashed-Twilight,0.2957486136783734,0.5497309494879361,0.09592145015105741,0.3288590604026846,0.43783068783068785,0.3677692819148936
DoppelReflEx/MN-12B-WolFrame,0.37707948243992606,0.5085922582884915,0.13141993957703926,0.3104026845637584,0.4007936507936508,0.33934507978723405
DoppelReflEx/MiniusLight-24B-test,0.029574861367837338,0.6320083318868253,0.0256797583081571,0.36828859060402686,0.4087301587301587,0.5182014627659575
DoppelReflEx/MiniusLight-24B-v1b-test,0.3049907578558225,0.659086964068738,0.2394259818731118,0.37919463087248323,0.455026455026455,0.5364860372340425
DoppelReflEx/MiniusLight-24B-v1c-test,0.33271719038817005,0.673667766012845,0.29682779456193353,0.3951342281879195,0.46296296296296297,0.5487034574468085
DoppelReflEx/MiniusLight-24B-v1d-test,0.36044362292051757,0.6693282416247179,0.2945619335347432,0.3951342281879195,0.46164021164021163,0.5488696808510638
DoppelReflEx/MiniusLight-24B,0.19038817005545286,0.6236764450616212,0.12613293051359517,0.35822147651006714,0.4312169312169312,0.5091422872340425
DreadPoor/Again-8B-Model_Stock,0.6266173752310537,0.5297691373025516,0.12009063444108761,0.3011744966442953,0.39814814814814814,0.351811835106383
DreadPoor/Alita99-8B-LINEAR,0.6802218114602587,0.5426141294914077,0.1646525679758308,0.3162751677852349,0.42592592592592593,0.38090093085106386
DreadPoor/AnotherTest,0.4029574861367837,0.4655441763582711,0.061933534743202415,0.2978187919463087,0.42063492063492064,0.2874833776595745
DreadPoor/Aspire-8B-model_stock,0.6691312384473198,0.5261239368165249,0.14954682779456194,0.3145973154362416,0.42063492063492064,0.37632978723404253
DreadPoor/Aspire_1.3-8B_model-stock,0.6617375231053605,0.5289012324249263,0.1691842900302115,0.30788590604026844,0.41005291005291006,0.37159242021276595
DreadPoor/Aspire_V2-8B-Model_Stock,0.6913123844731978,0.5320256899843777,0.17598187311178248,0.32046979865771813,0.3888888888888889,0.3696808510638298
DreadPoor/Aspire_V2.1-8B-Model_Stock,0.6765249537892791,0.5224787363304981,0.17673716012084592,0.30956375838926176,0.4126984126984127,0.3800698138297872
DreadPoor/Aspire_V2_ALT-8B-Model_Stock,0.6968576709796673,0.5254296129144246,0.1729607250755287,0.32466442953020136,0.3968253968253968,0.3726728723404255
DreadPoor/Aspire_V2_ALT_ROW-8B-Model_Stock,0.6968576709796673,0.5254296129144246,0.1729607250755287,0.32466442953020136,0.3968253968253968,0.3726728723404255
DreadPoor/Aspire_V3-8B-Model_Stock,0.43622920517560076,0.52629751779205,0.18580060422960726,0.3053691275167785,0.4007936507936508,0.36419547872340424
DreadPoor/Aspire_V4-8B-Model_Stock,0.7282809611829945,0.5308106231557022,0.19259818731117825,0.30453020134228187,0.3862433862433862,0.370844414893617
DreadPoor/Aspire_V4_ALT-8B-Model_Stock,0.6950092421441775,0.52629751779205,0.18126888217522658,0.32046979865771813,0.3915343915343915,0.3681848404255319
DreadPoor/Asymmetric_Linearity-8B-Model_Stock,0.6746765249537893,0.5448706821732339,0.1646525679758308,0.3145973154362416,0.4193121693121693,0.3843916223404255
DreadPoor/Aurora_faustus-8B-LINEAR,0.6876155268022182,0.5499045304634612,0.17069486404833836,0.3070469798657718,0.414021164021164,0.3842253989361702
DreadPoor/Aurora_faustus-8B-LORABLATED,0.711645101663586,0.5382746051032807,0.1487915407854985,0.30201342281879195,0.42328042328042326,0.36727061170212766
DreadPoor/Aurora_faustus-8B-LORABLATED_ALT,0.6950092421441775,0.5377538621767054,0.15861027190332327,0.2986577181208054,0.421957671957672,0.36943151595744683
DreadPoor/Autumn_Dawn-8B-LINEAR,0.6876155268022182,0.5438291963200833,0.18580060422960726,0.2936241610738255,0.41798941798941797,0.39677526595744683
DreadPoor/BaeZel-8B-LINEAR,0.6950092421441775,0.5450442631487589,0.18126888217522658,0.3213087248322148,0.421957671957672,0.3861369680851064
DreadPoor/BaeZel-8B-Model_Stock,0.7356746765249538,0.538968929005381,0.16389728096676737,0.313758389261745,0.4193121693121693,0.38804853723404253
DreadPoor/BaeZel_V2-8B-Model_Stock,0.7319778188539742,0.5351501475438292,0.1797583081570997,0.29949664429530204,0.41798941798941797,0.3946974734042553
DreadPoor/BaeZel_V2_ALT-8B-Model_Stock,0.7319778188539742,0.5351501475438292,0.1797583081570997,0.29949664429530204,0.41798941798941797,0.3946974734042553
DreadPoor/BaeZel_V3-8B-Model_Stock,0.7486136783733827,0.5375802812011804,0.18957703927492447,0.32046979865771813,0.4166666666666667,0.3887965425531915
DreadPoor/Blunt_Edge-8B-SLERP,0.7079482439926063,0.5374067002256553,0.18580060422960726,0.311241610738255,0.4166666666666667,0.37666223404255317
DreadPoor/BulkUp,0.11460258780036968,0.2827634091303593,0.0,0.24748322147651006,0.3439153439153439,0.11095412234042554
DreadPoor/Cadence-8B-LINEAR,0.7282809611829945,0.5413990626627322,0.16767371601208458,0.3028523489932886,0.4166666666666667,0.3803191489361702
DreadPoor/Caelid-8B-Model_Stock,0.6820702402957486,0.5443499392466585,0.1510574018126888,0.3104026845637584,0.3994708994708995,0.3816489361702128
DreadPoor/Casuar-9B-Model_Stock,0.7412199630314233,0.6094428050685645,0.21299093655589124,0.3447986577181208,0.41534391534391535,0.4156416223404255
DreadPoor/Condensed_Milk-8B-Model_Stock,0.7134935304990758,0.5415726436382573,0.17447129909365558,0.3213087248322148,0.41534391534391535,0.38763297872340424
DreadPoor/CoolerCoder-8B-LINEAR,0.39186691312384475,0.4745703870855754,0.07930513595166164,0.2902684563758389,0.3955026455026455,0.31590757978723405
DreadPoor/Damasteel-8B-LINEAR,0.6987060998151571,0.5372331192501302,0.16691842900302115,0.2986577181208054,0.42063492063492064,0.3779089095744681
DreadPoor/Dearly_Beloved-8B-TIES,0.7948243992606284,0.4025342822426662,0.21148036253776434,0.2986577181208054,0.4166666666666667,0.2826628989361702
DreadPoor/Decayed-8B-LINEAR,0.7282809611829945,0.5396632529074813,0.1714501510574018,0.30956375838926176,0.41798941798941797,0.37632978723404253
DreadPoor/Derivative-8B-Model_Stock,0.7301293900184843,0.5382746051032807,0.17900302114803626,0.31711409395973156,0.4193121693121693,0.3810671542553192
DreadPoor/Derivative_V2-8B-Model_Stock,0.7171903881700554,0.5379274431522305,0.1797583081570997,0.3070469798657718,0.4113756613756614,0.38563829787234044
DreadPoor/Derivative_V2_ALT-8B-Model_Stock,0.7393715341959335,0.5351501475438292,0.18806646525679757,0.311241610738255,0.4126984126984127,0.38821476063829785
DreadPoor/Derivative_V3-8B-Model_Stock,0.6469500924214417,0.5216108314528728,0.14652567975830816,0.29446308724832215,0.414021164021164,0.35023271276595747
DreadPoor/Elusive_Dragon_Heart-8B-LINEAR,0.66728280961183,0.5440027772956084,0.14803625377643503,0.3062080536912752,0.414021164021164,0.3813996010638298
DreadPoor/Emu_Eggs-9B-Model_Stock,0.7264325323475046,0.6044089567783371,0.20996978851963746,0.33305369127516776,0.4060846560846561,0.4227061170212766
DreadPoor/Eunoia_Vespera-8B-LINEAR,0.6820702402957486,0.5386217670543308,0.1540785498489426,0.3070469798657718,0.41798941798941797,0.38389295212765956
DreadPoor/Fu_sion_HA-8B-SLERP,0.7208872458410351,0.5356708904704044,0.17522658610271905,0.32298657718120805,0.41534391534391535,0.38248005319148937
DreadPoor/HOT_STINKING_GARBAGE,0.5249537892791127,0.4875889602499566,0.06722054380664652,0.2751677852348993,0.4246031746031746,0.30169547872340424
DreadPoor/H_the_eighth-8B-LINEAR,0.7060998151571165,0.536712376323555,0.17749244712990936,0.32802013422818793,0.4166666666666667,0.3823969414893617
DreadPoor/Happy_New_Year-8B-Model_Stock,0.7245841035120147,0.5354973094948794,0.1593655589123867,0.313758389261745,0.41798941798941797,0.3878823138297872
DreadPoor/Heart_Stolen-8B-Model_Stock,0.6839186691312384,0.5382746051032807,0.17220543806646527,0.31711409395973156,0.41534391534391535,0.37940492021276595
DreadPoor/Heart_Stolen-ALT-8B-Model_Stock,0.6765249537892791,0.5252560319388995,0.15634441087613293,0.3011744966442953,0.40476190476190477,0.37724401595744683
DreadPoor/Here_We_Go_Again-8B-SLERP,0.7042513863216266,0.5443499392466585,0.1729607250755287,0.3187919463087248,0.41798941798941797,0.3873005319148936
DreadPoor/Howdy-8B-LINEAR,0.6950092421441775,0.5375802812011804,0.17749244712990936,0.3145973154362416,0.4113756613756614,0.3806515957446808
DreadPoor/Incidental-8B-Model_Stock,0.7097966728280961,0.5436556153445582,0.16163141993957703,0.3028523489932886,0.42328042328042326,0.3873005319148936
DreadPoor/Irina-8B-model_stock,0.6284658040665434,0.5223051553549731,0.10196374622356495,0.28439597315436244,0.3994708994708995,0.35738031914893614
DreadPoor/Kindling-8B-Model_Stock,0.6894639556377079,0.5478215587571602,0.17522658610271905,0.3179530201342282,0.4060846560846561,0.3829787234042553
DreadPoor/L3.1-BaeZel-8B-Della,0.44731977818853974,0.5433084533935081,0.17447129909365558,0.3196308724832215,0.4193121693121693,0.3902094414893617
DreadPoor/Laughing_Stock-8B-Model_Stock,0.6765249537892791,0.543134872417983,0.1578549848942598,0.28942953020134227,0.414021164021164,0.3764128989361702
DreadPoor/Lava_Lamp-8B-SLERP,0.6968576709796673,0.5358444714459295,0.17371601208459214,0.3053691275167785,0.41798941798941797,0.375
DreadPoor/LemonP-8B-Model_Stock,0.7282809611829945,0.5424405485158826,0.17673716012084592,0.3028523489932886,0.4074074074074074,0.40043218085106386
DreadPoor/Lydia_of_Whiterun-8B-LINEAR,0.7208872458410351,0.5358444714459295,0.17673716012084592,0.3162751677852349,0.4246031746031746,0.3800698138297872
DreadPoor/Machroom-3B-model_stock,0.2698706099815157,0.35844471445929527,0.0377643504531722,0.2525167785234899,0.4603174603174603,0.1612367021276596
DreadPoor/Matryoshka-8B-LINEAR,0.6839186691312384,0.543134872417983,0.17522658610271905,0.32046979865771813,0.4246031746031746,0.3865525265957447
DreadPoor/Mercury_In_Retrograde-8b-Model-Stock,0.6894639556377079,0.536712376323555,0.1646525679758308,0.3162751677852349,0.4193121693121693,0.38289561170212766
DreadPoor/Minthy-8B-Model_Stock,0.7245841035120147,0.5335879187641035,0.19184290030211482,0.3036912751677852,0.4087301587301587,0.3992686170212766
DreadPoor/Minthy_ALT-8B-Model_Stock,0.6561922365988909,0.5363652143725047,0.17598187311178248,0.3062080536912752,0.421957671957672,0.3673537234042553
DreadPoor/Minthy_V2-8B-Model_Stock,0.6709796672828097,0.5474743968061101,0.1593655589123867,0.29446308724832215,0.4193121693121693,0.37367021276595747
DreadPoor/Minus_Penus-8B-Model_Stock,0.6913123844731978,0.5315049470578025,0.2001510574018127,0.30956375838926176,0.4007936507936508,0.3751662234042553
DreadPoor/Morphing-8B-Model_Stock,0.7060998151571165,0.5379274431522305,0.18882175226586104,0.2936241610738255,0.4060846560846561,0.38522273936170215
DreadPoor/Not_Even_My_Final_Form-8B-Model_Stock,0.7338262476894639,0.5334143377885784,0.17598187311178248,0.2953020134228188,0.414021164021164,0.3839760638297872
DreadPoor/Nother_One-8B-Model_Stock,0.634011090573013,0.5198750216976219,0.15181268882175228,0.28942953020134227,0.3862433862433862,0.35945811170212766
DreadPoor/Noxis-8B-LINEAR,0.6487985212569316,0.5398368338830064,0.19788519637462235,0.3187919463087248,0.421957671957672,0.3660239361702128
DreadPoor/Nullsworn-12B-LINEAR,0.37153419593345655,0.5445235202221836,0.11253776435045318,0.30788590604026844,0.43386243386243384,0.3645279255319149
DreadPoor/Nwah-8B-Model_Stock,0.7338262476894639,0.5365387953480298,0.1797583081570997,0.3104026845637584,0.40343915343915343,0.3807347074468085
DreadPoor/ONeil-model_stock-8B,0.6377079482439926,0.553723311925013,0.10120845921450151,0.3053691275167785,0.4166666666666667,0.35987367021276595
DreadPoor/Oh_Boy-8B-LINEAR,0.711645101663586,0.5356708904704044,0.1782477341389728,0.30788590604026844,0.41005291005291006,0.3848902925531915
DreadPoor/OrangeJ-8B-Model_Stock,0.7504621072088724,0.538795348029856,0.17598187311178248,0.3011744966442953,0.4021164021164021,0.3968583776595745
DreadPoor/Promissum_Mane-8B-LINEAR-lorablated,0.6746765249537893,0.5429612914424579,0.15332326283987915,0.3036912751677852,0.4193121693121693,0.37391954787234044
DreadPoor/Promissum_Mane-8B-LINEAR,0.6746765249537893,0.5440027772956084,0.1555891238670695,0.30453020134228187,0.4193121693121693,0.38505651595744683
DreadPoor/RPMash-8B-Model_Stock,0.38632162661737524,0.5143204304808193,0.10800604229607251,0.28691275167785235,0.40476190476190477,0.3603723404255319
DreadPoor/RPMash_V3-8B-Model_Stock,0.6580406654343808,0.5207429265752473,0.1042296072507553,0.30033557046979864,0.376984126984127,0.36136968085106386
DreadPoor/Rusted_Gold-8B-LINEAR,0.6894639556377079,0.5361916333969797,0.1933534743202417,0.2986577181208054,0.4166666666666667,0.37799202127659576
DreadPoor/Rusted_Platinum-8B-LINEAR,0.6709796672828097,0.5413990626627322,0.17220543806646527,0.2802013422818792,0.3955026455026455,0.37300531914893614
DreadPoor/Rusted_Platinum-8B-Model_Stock,0.3659889094269871,0.5228258982815484,0.10196374622356495,0.2684563758389262,0.373015873015873,0.3546376329787234
DreadPoor/Sellen-8B-model_stock,0.6635859519408502,0.5223051553549731,0.1336858006042296,0.27432885906040266,0.3955026455026455,0.35696476063829785
DreadPoor/Something-8B-Model_Stock,0.43068391866913125,0.5382746051032807,0.1797583081570997,0.31711409395973156,0.41798941798941797,0.3885472074468085
DreadPoor/Spring_Dusk-8B-SCE,0.6062846580406654,0.5618816177746919,0.07628398791540786,0.287751677852349,0.458994708994709,0.3435837765957447
DreadPoor/Summer_Dawn-8B-SCE,0.6173752310536045,0.5368859572990801,0.17220543806646527,0.30033557046979864,0.4113756613756614,0.37533244680851063
DreadPoor/Summer_Dusk-8B-TIES,0.4232902033271719,0.5344558236417288,0.18051359516616314,0.3070469798657718,0.42592592592592593,0.3855551861702128
DreadPoor/Summer_Rain-8B-SCE,0.49353049907578556,0.5837528206908523,0.0702416918429003,0.3036912751677852,0.4470899470899471,0.3550531914893617
DreadPoor/Summer_Rain-8B-TIES,0.49168207024029575,0.5837528206908523,0.0702416918429003,0.3036912751677852,0.4470899470899471,0.3550531914893617
DreadPoor/Sun-8B-Model_Stock,0.7375231053604436,0.524214546085749,0.20996978851963746,0.29949664429530204,0.4087301587301587,0.38347739361702127
DreadPoor/Sweetened_Condensed_Milk-8B-Model_Stock,0.6968576709796673,0.538795348029856,0.18731117824773413,0.3028523489932886,0.41005291005291006,0.38480718085106386
DreadPoor/TEST02-Ignore,0.5619223659889094,0.5591043221662906,0.08685800604229607,0.28439597315436244,0.4193121693121693,0.3468251329787234
DreadPoor/TEST03-ignore,0.6487985212569316,0.536712376323555,0.16540785498489427,0.3087248322147651,0.41798941798941797,0.37890625
DreadPoor/TEST06-ignore,0.6876155268022182,0.5505988543655616,0.11782477341389729,0.28691275167785235,0.421957671957672,0.3615359042553192
DreadPoor/TEST07-ignore,0.7005545286506469,0.5547647977781636,0.1661631419939577,0.3087248322147651,0.4087301587301587,0.3879654255319149
DreadPoor/TEST08-ignore,0.7079482439926063,0.5434820343690332,0.18202416918429004,0.31291946308724833,0.4074074074074074,0.3853058510638298
DreadPoor/Trinas_Nectar-8B-model_stock,0.6820702402957486,0.5245617080367991,0.15256797583081572,0.2860738255033557,0.4060846560846561,0.36178523936170215
DreadPoor/UNTESTED-VENN_1.2-8B-Model_Stock,0.3955637707948244,0.5455650060753341,0.1540785498489426,0.31543624161073824,0.4444444444444444,0.378656914893617
DreadPoor/VENN_1.2-8B-Model_Stock,0.6802218114602587,0.5446971011977088,0.17069486404833836,0.29697986577181207,0.4193121693121693,0.3720910904255319
DreadPoor/WIP-Acacia-8B-Model_Stock,0.5730129390018485,0.5169241451136956,0.16691842900302115,0.3062080536912752,0.421957671957672,0.37367021276595747
DreadPoor/WIP_Damascus-8B-TIES,0.40850277264325324,0.5396632529074813,0.16540785498489427,0.3070469798657718,0.4113756613756614,0.37608045212765956
DreadPoor/Wannabe-8B-Model_Stock,0.678373382624769,0.536712376323555,0.17749244712990936,0.3011744966442953,0.4126984126984127,0.383061835106383
DreadPoor/What_A_Thrill-8B-Model_Stock,0.6598890942698706,0.5299427182780767,0.18202416918429004,0.29697986577181207,0.4074074074074074,0.3615359042553192
DreadPoor/Winter-8B-SCE,0.7134935304990758,0.5240409651102239,0.19184290030211482,0.29949664429530204,0.4060846560846561,0.38389295212765956
DreadPoor/Winter_Dawn-8B-TIES,0.4805914972273567,0.5287276514494011,0.18580060422960726,0.30956375838926176,0.42724867724867727,0.3910405585106383
DreadPoor/Winter_Dusk-8B-TIES,0.6691312384473198,0.4936642943933345,0.07175226586102719,0.29949664429530204,0.36772486772486773,0.3478224734042553
DreadPoor/Winter_Night-8B-Model_Stock,0.6598890942698706,0.5170977260892207,0.14577039274924472,0.3062080536912752,0.39021164021164023,0.3666057180851064
DreadPoor/Yafune-8B-Model_Stock,0.711645101663586,0.5453914250998091,0.1661631419939577,0.3271812080536913,0.4166666666666667,0.38505651595744683
DreadPoor/Yearn_V3-8B-Model_Stock,0.6857670979667283,0.5318521090088526,0.18957703927492447,0.3053691275167785,0.39021164021164023,0.3801529255319149
DreadPoor/ZEUS-8B-V17-Abliterated_ALT,0.4787430683918669,0.5210900885262976,0.1903323262839879,0.30788590604026844,0.414021164021164,0.3890458776595745
DreadPoor/Zelus-8B-Model_Stock,0.7375231053604436,0.5295955563270266,0.1646525679758308,0.3062080536912752,0.42063492063492064,0.38414228723404253
DreadPoor/Zelus_V2-8B-Model_Stock,0.7523105360443623,0.5334143377885784,0.2054380664652568,0.30956375838926176,0.3955026455026455,0.38331117021276595
DreadPoor/felix_dies-mistral-7B-model_stock,0.23105360443622922,0.4877625412254817,0.05362537764350453,0.29194630872483224,0.45105820105820105,0.3109208776595745
DreadPoor/hakuchido-8B-MODEL_STOCK,0.6968576709796673,0.5379274431522305,0.19486404833836857,0.2953020134228188,0.4166666666666667,0.3781582446808511
DreadPoor/ichor-8B-Model_Stock,0.48613678373382624,0.5075507724353411,0.10876132930513595,0.3238255033557047,0.42063492063492064,0.31507646276595747
DreadPoor/ichor_1.1-8B-Model_Stock,0.7763401109057301,0.5257767748654747,0.17749244712990936,0.3062080536912752,0.4060846560846561,0.3855551861702128
DreadPoor/inexpertus-8B-Model_Stock,0.744916820702403,0.52629751779205,0.17069486404833836,0.30956375838926176,0.4113756613756614,0.3790724734042553
DreadPoor/inexpertus_1.1-8B-LINEAR,0.711645101663586,0.5509460163166117,0.1729607250755287,0.2978187919463087,0.4166666666666667,0.38272938829787234
DreadPoor/inexpertus_1.2-8B-LINEAR,0.6950092421441775,0.5505988543655616,0.15861027190332325,0.2953020134228188,0.4126984126984127,0.37882313829787234
DreadPoor/mergekit-nuslerp-nqzkedi,0.7412199630314233,0.5351501475438292,0.18806646525679757,0.3011744966442953,0.421957671957672,0.3918716755319149
DreadPoor/remember_to_breathe-8b-Model-Stock,0.6654343807763401,0.5394896719319563,0.1487915407854985,0.3011744966442953,0.414021164021164,0.37608045212765956
DreadPoor/test,0.4214417744916821,0.5344558236417288,0.1933534743202417,0.2709731543624161,0.43386243386243384,0.3646941489361702
DreadPoor/test_ALT,0.4214417744916821,0.5344558236417288,0.17069486404833836,0.26929530201342283,0.4351851851851852,0.3492353723404255
DreadPoor/tests_pending-do_not_use_yet,0.7301293900184843,0.5382746051032807,0.19788519637462235,0.29697986577181207,0.3994708994708995,0.38272938829787234
ECE-ILAB-PRYMMAL/ILAB-Merging-3B-V2,0.3345656192236599,0.5381010241277556,0.15181268882175228,0.3053691275167785,0.43253968253968256,0.38605385638297873
EVA-UNIT-01/EVA-Qwen2.5-14B-v0.2,0.36044362292051757,0.6080541572643638,0.3406344410876133,0.39429530201342283,0.47883597883597884,0.5135472074468085
EVA-UNIT-01/EVA-Qwen2.5-72B-v0.2,0.6395563770794824,0.705433084533935,0.4312688821752266,0.4085570469798658,0.4708994708994709,0.581283244680851
Edgerunners/meta-llama-3-8b-instruct-hf-ortho-baukit-34fail-3000total-bf16,0.6728280961182994,0.4966151709772609,0.09063444108761329,0.2600671140939597,0.3333333333333333,0.36361369680851063
EleutherAI/gpt-j-6b,0.1866913123844732,0.31678528033327547,0.013595166163141994,0.24580536912751677,0.36507936507936506,0.12408577127659574
EleutherAI/gpt-neo-1.3B,0.14602587800369685,0.3008158305849679,0.010574018126888218,0.2558724832214765,0.38095238095238093,0.1163563829787234
EleutherAI/gpt-neo-125m,0.1256931608133087,0.30914771741017183,0.006042296072507553,0.2533557046979866,0.3584656084656085,0.10255984042553191
EleutherAI/gpt-neo-2.7B,0.1977818853974122,0.3105363652143725,0.010574018126888218,0.26593959731543626,0.3544973544973545,0.11627327127659574
EleutherAI/gpt-neox-20b,0.19963031423290203,0.313660822773824,0.013595166163141994,0.24328859060402686,0.3637566137566138,0.1155252659574468
EleutherAI/pythia-1.4b,0.1756007393715342,0.31192501301857317,0.015105740181268883,0.26174496644295303,0.3531746031746032,0.11228390957446809
EleutherAI/pythia-12b,0.18853974121996303,0.31609095643117513,0.01661631419939577,0.24664429530201343,0.3637566137566138,0.11087101063829788
EleutherAI/pythia-160m,0.1256931608133087,0.29352542961291445,0.00906344410876133,0.25838926174496646,0.4166666666666667,0.11195146276595745
EleutherAI/pythia-1b,0.16820702402957485,0.29699704912341607,0.00906344410876133,0.25671140939597314,0.3544973544973545,0.11361369680851063
EleutherAI/pythia-2.8b,0.15526802218114602,0.3206040617948273,0.013595166163141994,0.25,0.3478835978835979,0.11369680851063829
EleutherAI/pythia-410m,0.1645101663585952,0.29942718278076724,0.009818731117824773,0.25922818791946306,0.35714285714285715,0.11278257978723404
EleutherAI/pythia-6.9b,0.15526802218114602,0.32025689984377714,0.014350453172205438,0.2516778523489933,0.3584656084656085,0.1146941489361702
Enno-Ai/EnnoAi-Pro-French-Llama-3-8B-v0.4,0.36414048059149723,0.404270091997917,0.03625377643504532,0.2709731543624161,0.4166666666666667,0.2634640957446808
Enno-Ai/EnnoAi-Pro-Llama-3-8B-v0.3,0.4565619223659889,0.40704738760631837,0.04833836858006042,0.2651006711409396,0.42328042328042326,0.2990359042553192
Enno-Ai/EnnoAi-Pro-Llama-3-8B,0.266173752310536,0.41086616906787016,0.02190332326283988,0.26174496644295303,0.4060846560846561,0.21509308510638298
Enno-Ai/EnnoAi-Pro-Llama-3.1-8B-v0.9,0.4066543438077634,0.4120812358965457,0.0377643504531722,0.26593959731543626,0.38227513227513227,0.2595578457446808
EnnoAi/EnnoAi-7B-French-Instruct-202502,0.4953789279112754,0.5523346641208123,0.3723564954682779,0.2953020134228188,0.458994708994709,0.4013464095744681
EnnoAi/EnnoAi-Pro-Llama-3.1-8B-v1.0,0.40850277264325324,0.4120812358965457,0.0377643504531722,0.26593959731543626,0.38227513227513227,0.2595578457446808
Epiculous/Azure_Dusk-v0.2,0.2809611829944547,0.40930394028814443,0.02945619335347432,0.2609060402684564,0.38227513227513227,0.3034408244680851
Epiculous/Crimson_Dawn-v0.2,0.2513863216266174,0.4461031070994619,0.04305135951661632,0.276006711409396,0.414021164021164,0.27210771276595747
Epiculous/NovaSpark,0.5970425138632163,0.5037319909737893,0.15181268882175228,0.2978187919463087,0.38756613756613756,0.3648603723404255
Epiculous/Violet_Twilight-v0.2,0.3955637707948244,0.4591216802638431,0.02870090634441088,0.26593959731543626,0.42857142857142855,0.3110871010638298
EpistemeAI/Alpaca-Llama3.1-8B,0.11829944547134935,0.4738760631834751,0.05060422960725076,0.2902684563758389,0.33994708994708994,0.3246343085106383
EpistemeAI/Athena-gemma-2-2b-it-Philos,0.4121996303142329,0.37667071688942894,0.03700906344410876,0.28104026845637586,0.4298941798941799,0.22481715425531915
EpistemeAI/Athena-gemma-2-2b-it,0.27911275415896486,0.42562055198750215,0.04909365558912387,0.2684563758389262,0.43386243386243384,0.2421875
EpistemeAI/Athene-codegemma-2-7b-it-alpaca-v1.3,0.3419593345656192,0.43169588613088006,0.061933534743202415,0.2802013422818792,0.4497354497354497,0.25872672872340424
EpistemeAI/DeepPhi-3.5-mini-instruct,0.09611829944547134,0.2838048949835098,0.006797583081570997,0.2332214765100671,0.36507936507936506,0.11028922872340426
EpistemeAI/DeepThinkers-Phi4,0.6469500924214417,0.6769658045478215,0.45845921450151056,0.34060402684563756,0.3968253968253968,0.5257646276595744
EpistemeAI/FineLlama3.1-8B-Instruct,0.04251386321626617,0.45443499392466585,0.03474320241691843,0.2802013422818792,0.3478835978835979,0.3112533244680851
EpistemeAI/Fireball-12B-v1.13a-philosophers,0.06839186691312385,0.5098073251171672,0.04607250755287009,0.3011744966442953,0.4074074074074074,0.3366855053191489
EpistemeAI/Fireball-12B,0.1256931608133087,0.5101544870682173,0.04078549848942598,0.26174496644295303,0.42328042328042326,0.3343583776595745
EpistemeAI/Fireball-Alpaca-Llama-3.1-8B-Philos-DPO-200,0.37707948243992606,0.4825551119597292,0.12311178247734139,0.30033557046979864,0.3941798941798942,0.35829454787234044
EpistemeAI/Fireball-Alpaca-Llama3.1.07-8B-Philos-Math-KTO-beta,0.6802218114602587,0.4853324075681305,0.15256797583081572,0.2802013422818792,0.3611111111111111,0.3543051861702128
EpistemeAI/Fireball-Alpaca-Llama3.1.08-8B-Philos-C-R2,0.4214417744916821,0.49158132268703353,0.12386706948640483,0.2860738255033557,0.46164021164021163,0.3351894946808511
EpistemeAI/Fireball-Meta-Llama-3.1-8B-Instruct-0.001-128K-auto,0.3659889094269871,0.4804721402534282,0.13293051359516617,0.31208053691275167,0.4060846560846561,0.3515625
EpistemeAI/Fireball-Meta-Llama-3.1-8B-Instruct-Agent-0.003-128K-code-ds-auto,0.6728280961182994,0.45929526123936815,0.13141993957703926,0.2701342281879195,0.3425925925925926,0.3353557180851064
EpistemeAI/Fireball-Meta-Llama-3.1-8B-Instruct-Agent-0.003-128K-code-ds,0.6247689463955638,0.46450269050512066,0.1336858006042296,0.2726510067114094,0.3412698412698413,0.33892952127659576
EpistemeAI/Fireball-Meta-Llama-3.1-8B-Instruct-Agent-0.003-128K-code,0.5415896487985212,0.4875889602499566,0.1336858006042296,0.30201342281879195,0.4007936507936508,0.34225398936170215
EpistemeAI/Fireball-Meta-Llama-3.1-8B-Instruct-Agent-0.003-128K,0.37707948243992606,0.4879361222010068,0.12084592145015106,0.29446308724832215,0.37566137566137564,0.3543051861702128
EpistemeAI/Fireball-Meta-Llama-3.1-8B-Instruct-Agent-0.004-128K-code-COT,0.3844731977818854,0.47526471098767575,0.13821752265861026,0.2936241610738255,0.38756613756613756,0.3470744680851064
EpistemeAI/Fireball-Meta-Llama-3.1-8B-Instruct-Agent-0.004-128K-code-ds-auto,0.678373382624769,0.479951397326853,0.14350453172205438,0.2483221476510067,0.32936507936507936,0.35480385638297873
EpistemeAI/Fireball-Meta-Llama-3.1-8B-Instruct-Math,0.3826247689463956,0.4964415900017358,0.10800604229607251,0.2911073825503356,0.3637566137566138,0.33311170212765956
EpistemeAI/Fireball-Meta-Llama-3.2-8B-Instruct-agent-003-128k-code-DPO,0.3826247689463956,0.4783891685471272,0.12537764350453173,0.30033557046979864,0.3994708994708995,0.35206117021276595
EpistemeAI/Fireball-Mistral-Nemo-Base-2407-v1-DPO2,0.12754158964879853,0.4952265231730602,0.03625377643504532,0.29194630872483224,0.40343915343915343,0.33527260638297873
EpistemeAI/Fireball-R1-Llama-3.1-8B-Medical-COT,0.2643253234750462,0.36677660128449924,0.3270392749244713,0.27432885906040266,0.31084656084656087,0.1402094414893617
EpistemeAI/Fireball-R1-Llama-3.1-8B,0.37707948243992606,0.362089914945322,0.311178247734139,0.2483221476510067,0.328042328042328,0.11153590425531915
EpistemeAI/Fireball-R1.1-Llama-3.1-8B,0.2975970425138632,0.330498177399757,0.13821752265861026,0.2516778523489933,0.3412698412698413,0.11153590425531915
EpistemeAI/Llama-3.2-3B-Agent007-Coder,0.4731977818853974,0.4304808193022045,0.11102719033232629,0.2575503355704698,0.3664021164021164,0.28515625
EpistemeAI/Mistral-Nemo-Instruct-12B-Philosophy-Math,0.06099815157116451,0.5342822426662038,0.09592145015105741,0.3313758389261745,0.42857142857142855,0.32962101063829785
EpistemeAI/OpenReasoner-Llama-3.2-3B-rs1.0,0.6802218114602587,0.4492275646589134,0.13444108761329304,0.27181208053691275,0.34523809523809523,0.31341422872340424
EpistemeAI/Polypsyche-Llama-3.1-8B-Instruct-Agent-0.003-128K-code-ds-auto-Empathy,0.6635859519408502,0.4617253948967193,0.13972809667673716,0.27684563758389263,0.3187830687830688,0.33111702127659576
EpistemeAI/Polypsyche-Llama-3.1-8B-Instruct-Agent-0.003-128K-code-ds-auto-Logic,0.6654343807763401,0.45530289880229124,0.12462235649546828,0.28439597315436244,0.32275132275132273,0.33502327127659576
EpistemeAI/Polypsyche-Llama-3.1-8B-Instruct-Agent-0.003-128K-code-ds-auto-divergent,0.6432532347504621,0.4497483075854886,0.12915407854984895,0.26677852348993286,0.35714285714285715,0.32903922872340424
EpistemeAI/Reasoning-Llama-3.1-CoT-RE1-NMT-V2-ORPO,0.37707948243992606,0.4787363304981774,0.12915407854984895,0.3070469798657718,0.39285714285714285,0.3597905585106383
EpistemeAI/Reasoning-Llama-3.1-CoT-RE1-NMT,0.4177449168207024,0.4730081583058497,0.1299093655589124,0.2609060402684564,0.31746031746031744,0.33427526595744683
EpistemeAI/Reasoning-Llama-3.2-1B-Instruct-v1.2,0.3438077634011091,0.32997743447318173,0.05060422960725076,0.2609060402684564,0.32142857142857145,0.11785239361702128
EpistemeAI/Reasoning-Llama-3.2-1B-Instruct-v1.3,0.26247689463955637,0.32320777642770354,0.05060422960725076,0.25838926174496646,0.3253968253968254,0.11727061170212766
EpistemeAI/Reasoning-Llama-3.2-3B-Math-Instruct-RE1-ORPO,0.6857670979667283,0.4497483075854886,0.15332326283987915,0.27348993288590606,0.3478835978835979,0.3100066489361702
EpistemeAI/Reasoning-Llama-3.2-3B-Math-Instruct-RE1,0.46395563770794823,0.43707689637215763,0.10800604229607251,0.26426174496644295,0.3425925925925926,0.2789228723404255
EpistemeAI/ReasoningCore-1.0-3B-Instruct-r01-Reflect-Math,0.5378927911275416,0.4353410866169068,0.14803625377643503,0.2600671140939597,0.3306878306878307,0.28233045212765956
EpistemeAI/ReasoningCore-3B-0,0.6913123844731978,0.4422843256379101,0.15861027190332325,0.2726510067114094,0.3544973544973545,0.3172373670212766
EpistemeAI/ReasoningCore-3B-Instruct-r01-Reflect,0.6876155268022182,0.4422843256379101,0.1540785498489426,0.27348993288590606,0.35185185185185186,0.31441156914893614
EpistemeAI/ReasoningCore-3B-R01,0.24029574861367836,0.43568824856795696,0.1299093655589124,0.2609060402684564,0.3187830687830688,0.25914228723404253
EpistemeAI/ReasoningCore-3B-RE1-V2,0.6968576709796673,0.44367297344211076,0.15634441087613293,0.27348993288590606,0.3531746031746032,0.31806848404255317
EpistemeAI/ReasoningCore-3B-RE1-V2A,0.5194085027726433,0.4181565700399236,0.09290030211480363,0.27768456375838924,0.33465608465608465,0.2736037234042553
EpistemeAI/ReasoningCore-3B-RE1-V2B,0.4454713493530499,0.4155528554070474,0.10725075528700906,0.26174496644295303,0.3439153439153439,0.26728723404255317
EpistemeAI/ReasoningCore-3B-RE1-V2C,0.4454713493530499,0.4164207602846728,0.09743202416918428,0.2609060402684564,0.3412698412698413,0.2691156914893617
EpistemeAI/ReasoningCore-3B-T1-V1,0.6765249537892791,0.4492275646589134,0.14577039274924472,0.276006711409396,0.3531746031746032,0.31200132978723405
EpistemeAI/ReasoningCore-3B-T1_1,0.6839186691312384,0.4500954695365388,0.1540785498489426,0.276006711409396,0.3544973544973545,0.3116688829787234
EpistemeAI2/Athene-codegemma-2-7b-it-alpaca-v1.2,0.3678373382624769,0.4134698837007464,0.04229607250755287,0.2709731543624161,0.4166666666666667,0.22972074468085107
EpistemeAI2/Fireball-12B-v1.2,0.09242144177449169,0.4993924665856622,0.04154078549848943,0.2986577181208054,0.4166666666666667,0.33369348404255317
EpistemeAI2/Fireball-Alpaca-Llama3.1-8B-Philos,0.43253234750462105,0.49696233292831105,0.11858006042296072,0.29278523489932884,0.42724867724867727,0.3405917553191489
EpistemeAI2/Fireball-Alpaca-Llama3.1.01-8B-Philos,0.3567467652495379,0.4945321992709599,0.13595166163141995,0.28859060402684567,0.4365079365079365,0.33834773936170215
EpistemeAI2/Fireball-Alpaca-Llama3.1.03-8B-Philos,0.32532347504621073,0.49401145634438465,0.1283987915407855,0.2785234899328859,0.42724867724867727,0.3355219414893617
EpistemeAI2/Fireball-Alpaca-Llama3.1.04-8B-Philos,0.3456561922365989,0.49158132268703353,0.12009063444108761,0.2902684563758389,0.4365079365079365,0.3402593085106383
EpistemeAI2/Fireball-Alpaca-Llama3.1.06-8B-Philos-dpo,0.4048059149722736,0.4867210553723312,0.13066465256797583,0.2978187919463087,0.39285714285714285,0.3614527925531915
EpistemeAI2/Fireball-Alpaca-Llama3.1.07-8B-Philos-Math,0.43068391866913125,0.48324943586182956,0.12009063444108761,0.2961409395973154,0.4060846560846561,0.35305851063829785
EpistemeAI2/Fireball-Alpaca-Llama3.1.08-8B-C-R1-KTO-Reflection,0.32162661737523107,0.4934907134178094,0.12462235649546828,0.29949664429530204,0.40476190476190477,0.35929188829787234
EpistemeAI2/Fireball-Alpaca-Llama3.1.08-8B-Philos-C-R1,0.4565619223659889,0.4815136261065787,0.12386706948640483,0.29697986577181207,0.41005291005291006,0.3523105053191489
EpistemeAI2/Fireball-Llama-3.1-8B-Philos-Reflection,0.3031423290203327,0.4875889602499566,0.1283987915407855,0.30788590604026844,0.3955026455026455,0.3550531914893617
EpistemeAI2/Fireball-MathMistral-Nemo-Base-2407-v2dpo,0.27171903881700554,0.4289185905224787,0.03700906344410876,0.2634228187919463,0.4021164021164021,0.11477726063829788
EpistemeAI2/Fireball-Meta-Llama-3.1-8B-Instruct-Agent-0.003-128K-code-math,0.4879852125693161,0.4789099114737025,0.1351963746223565,0.30453020134228187,0.36904761904761907,0.3420046542553192
EpistemeAI2/Fireball-Meta-Llama-3.1-8B-Instruct-Agent-0.005-128K-code-COT,0.39186691312384475,0.47769484464502693,0.11706948640483383,0.31208053691275167,0.376984126984127,0.3564660904255319
EpistemeAI2/Fireball-Phi-3-medium-4k-inst-Philos,0.47504621072088726,0.6156917201874674,0.17069486404833836,0.33221476510067116,0.4126984126984127,0.45985704787234044
Eric111/CatunaMayo-DPO,0.35489833641404805,0.5203957646241972,0.08157099697885196,0.29194630872483224,0.4444444444444444,0.3169880319148936
Eric111/CatunaMayo,0.3364140480591497,0.5226523173060232,0.08459214501510574,0.29194630872483224,0.4537037037037037,0.3178191489361702
Etherll/Chocolatine-3B-Instruct-DPO-Revised-Ties-v2,0.3031423290203327,0.5396632529074813,0.16314199395770393,0.3238255033557047,0.4642857142857143,0.39777260638297873
Etherll/Chocolatine-3B-Instruct-DPO-Revised-Ties,0.30129390018484287,0.5396632529074813,0.16314199395770393,0.3238255033557047,0.4642857142857143,0.39777260638297873
Etherll/Herplete-LLM-Llama-3.1-8b-Ties,0.5600739371534196,0.5328935948620032,0.16012084592145015,0.31711409395973156,0.4007936507936508,0.375249335106383
Etherll/Herplete-LLM-Llama-3.1-8b,0.5545286506469501,0.5339350807151536,0.15483383685800603,0.3145973154362416,0.39814814814814814,0.375249335106383
Etherll/Qwen2.5-7B-della-test,0.7264325323475046,0.5417462246137823,0.48942598187311176,0.3087248322147651,0.40343915343915343,0.4360871010638298
Etherll/Qwen2.5-Coder-7B-Instruct-Ties,0.4399260628465804,0.4867210553723312,0.29154078549848944,0.3296979865771812,0.4365079365079365,0.3503158244680851
Etherll/Replete-LLM-V3-Llama-3.1-8b,0.4602587800369686,0.4516576983162645,0.22734138972809667,0.2684563758389262,0.3505291005291005,0.34699135638297873
Etherll/SuperHermes,0.46950092421441775,0.52629751779205,0.16540785498489427,0.3238255033557047,0.43915343915343913,0.39486369680851063
Eurdem/Defne-llama3.1-8B,0.4232902033271719,0.5304634612046519,0.16012084592145015,0.2961409395973154,0.43253968253968256,0.3865525265957447
FINGU-AI/Chocolatine-Fusion-14B,0.6487985212569316,0.6394723138344037,0.3851963746223565,0.3716442953020134,0.4933862433862434,0.5261801861702128
FINGU-AI/L3-8B,0.7060998151571165,0.4973094948793612,0.2545317220543807,0.2953020134228188,0.38227513227513227,0.36394614361702127
FINGU-AI/Phi-4-RRStock,0.21256931608133087,0.6422496094428051,0.0581570996978852,0.3800335570469799,0.4470899470899471,0.48828125
FINGU-AI/Q-Small-3B,0.35304990757855825,0.4290921714980038,0.08308157099697885,0.26677852348993286,0.3994708994708995,0.27900598404255317
FINGU-AI/QwQ-Buddy-32B-Alpha,0.2828096118299446,0.6401666377365041,0.3851963746223565,0.37919463087248323,0.5052910052910053,0.5294215425531915
FINGU-AI/RomboUltima-32B,0.6136783733826248,0.6906787016143031,0.5385196374622356,0.3716442953020134,0.4828042328042328,0.578873005319149
FINGU-AI/Ultimos-32B,0.11460258780036968,0.28710293351848637,0.0,0.24916107382550334,0.328042328042328,0.11112034574468085
FallenMerick/Chewy-Lemon-Cookie-11B,0.43068391866913125,0.522131574379448,0.054380664652567974,0.27936241610738255,0.4537037037037037,0.3267121010638298
Felladrin/Llama-160M-Chat-v1,0.10166358595194085,0.2997743447318174,0.006042296072507553,0.2575503355704698,0.36507936507936506,0.11361369680851063
Felladrin/Minueza-32M-UltraChat,0.08687615526802218,0.2916160388821385,0.004531722054380665,0.2558724832214765,0.373015873015873,0.11328125
FlofloB/100k_fineweb_continued_pretraining_Qwen2.5-0.5B-Instruct_Unsloth_merged_16bit,0.25693160813308685,0.3311925013018573,0.04078549848942598,0.26929530201342283,0.32936507936507936,0.14976728723404256
FlofloB/10k_continued_pretraining_Phi-3-mini-4k-instruct_Unsloth_merged_16bit,0.45471349353049906,0.5203957646241972,0.09743202416918428,0.29949664429530204,0.4298941798941799,0.37691156914893614
FlofloB/10k_continued_pretraining_Qwen2.5-0.5B-Instruct_Unsloth_merged_16bit,0.22735674676524953,0.3292831105710814,0.030966767371601207,0.27936241610738255,0.32936507936507936,0.15408909574468085
FlofloB/40k_continued_pretraining_Qwen2.5-0.5B-Instruct_Unsloth_merged_16bit,0.24584103512014788,0.33101892032633223,0.03323262839879154,0.2676174496644295,0.33994708994708994,0.14852061170212766
FlofloB/83k_continued_pretraining_Qwen2.5-0.5B-Instruct_Unsloth_merged_16bit,0.22735674676524953,0.33449053983683386,0.030211480362537766,0.27348993288590606,0.328042328042328,0.15550199468085107
FlofloB/smollm2-135M_pretrained_1000k_fineweb,0.09426987060998152,0.28797083839611176,0.00906344410876133,0.2625838926174497,0.35714285714285715,0.1163563829787234
FlofloB/smollm2-135M_pretrained_1000k_fineweb_uncovai_human_removed,0.09611829944547134,0.3037667071688943,0.006042296072507553,0.25083892617449666,0.35714285714285715,0.11427859042553191
FlofloB/smollm2-135M_pretrained_1000k_fineweb_uncovai_selected,0.08133086876155268,0.2897066481513626,0.006797583081570997,0.26593959731543626,0.40343915343915343,0.11569148936170212
FlofloB/smollm2-135M_pretrained_1200k_fineweb,0.09796672828096119,0.2902273910779379,0.006797583081570997,0.26426174496644295,0.37037037037037035,0.10762965425531915
FlofloB/smollm2-135M_pretrained_1200k_fineweb_uncovai_human_removed,0.09611829944547134,0.29248394375976394,0.0007552870090634441,0.2651006711409396,0.36904761904761907,0.11394614361702128
FlofloB/smollm2-135M_pretrained_1200k_fineweb_uncovai_selected,0.10351201478743069,0.29248394375976394,0.0075528700906344415,0.2634228187919463,0.3558201058201058,0.11643949468085106
FlofloB/smollm2-135M_pretrained_1400k_fineweb,0.12014787430683918,0.28849158132268704,0.011329305135951661,0.26593959731543626,0.3862433862433862,0.1079621010638298
FlofloB/smollm2-135M_pretrained_1400k_fineweb_uncovai_human_removed,0.11829944547134935,0.2961291442457907,0.010574018126888218,0.2609060402684564,0.39285714285714285,0.11045545212765957
FlofloB/smollm2-135M_pretrained_1400k_fineweb_uncovai_selected,0.09426987060998152,0.28849158132268704,0.010574018126888218,0.2684563758389262,0.373015873015873,0.11369680851063829
FlofloB/smollm2-135M_pretrained_200k_fineweb_uncovai_human_removed,0.08872458410351201,0.2997743447318174,0.0037764350453172208,0.25838926174496646,0.35714285714285715,0.11195146276595745
FlofloB/smollm2-135M_pretrained_200k_fineweb_uncovai_selected,0.08317929759704251,0.2898802291268877,0.0075528700906344415,0.25083892617449666,0.36507936507936506,0.11311502659574468
FlofloB/smollm2-135M_pretrained_400k_fineweb,0.09242144177449169,0.29404617253948967,0.012084592145015106,0.2525167785234899,0.3783068783068783,0.11627327127659574
FlofloB/smollm2-135M_pretrained_400k_fineweb_uncovai_human_removed,0.09426987060998152,0.3015101544870682,0.00906344410876133,0.2550335570469799,0.38492063492063494,0.11377992021276596
FlofloB/smollm2-135M_pretrained_400k_fineweb_uncovai_selected,0.09981515711645102,0.28953306717583754,0.006797583081570997,0.25419463087248323,0.38095238095238093,0.1157746010638298
FlofloB/smollm2-135M_pretrained_600k_fineweb,0.10720887245841035,0.2971706300989412,0.006042296072507553,0.26593959731543626,0.37962962962962965,0.11261635638297872
FlofloB/smollm2-135M_pretrained_600k_fineweb_uncovai_human_removed,0.10166358595194085,0.29751779204999135,0.00906344410876133,0.2625838926174497,0.3783068783068783,0.1146941489361702
FlofloB/smollm2-135M_pretrained_600k_fineweb_uncovai_selected,0.10536044362292052,0.2950876583926402,0.0075528700906344415,0.2609060402684564,0.3835978835978836,0.11619015957446809
FlofloB/smollm2-135M_pretrained_800k_fineweb,0.10166358595194085,0.29231036278423883,0.008308157099697885,0.24916107382550334,0.36904761904761907,0.11519281914893617
FlofloB/smollm2-135M_pretrained_800k_fineweb_uncovai_human_removed,0.09796672828096119,0.3006422496094428,0.006797583081570997,0.2525167785234899,0.39814814814814814,0.11377992021276596
FlofloB/smollm2-135M_pretrained_800k_fineweb_uncovai_selected,0.08502772643253234,0.29057455302898805,0.004531722054380665,0.26174496644295303,0.37566137566137564,0.11303191489361702
FlofloB/smollm2_pretrained_200k_fineweb,0.09796672828096119,0.29595556327026556,0.0037764350453172208,0.24748322147651006,0.36904761904761907,0.11594082446808511
FlofloB/test_continued_pretraining_Phi-3-mini-4k-instruct_Unsloth_merged_16bit,0.46395563770794823,0.5238673841346988,0.11027190332326284,0.311241610738255,0.42328042328042326,0.3720910904255319
FuJhen/ft-openhermes-25-mistral-7b-irca-dpo-pairs,0.49168207024029575,0.47474396806110053,0.04833836858006042,0.2785234899328859,0.4166666666666667,0.2956283244680851
FuJhen/mistral-instruct-7B-DPO,0.43253234750462105,0.4620725568477695,0.03851963746223565,0.27768456375838924,0.4007936507936508,0.30335771276595747
FuJhen/mistral_7b_v0.1_structedData_e2e,0.11275415896487985,0.4096511022391946,0.004531722054380665,0.27936241610738255,0.3716931216931217,0.2810837765957447
FuJhen/mistral_7b_v0.1_structedData_viggo,0.13123844731977818,0.4511369553896893,0.028700906344410877,0.2835570469798658,0.373015873015873,0.2942154255319149
FuseAI/FuseChat-7B-v2.0,0.266173752310536,0.4924492275646589,0.06117824773413897,0.30201342281879195,0.47883597883597884,0.3162400265957447
FuseAI/FuseChat-Llama-3.1-8B-Instruct,0.678373382624769,0.509460163166117,0.24773413897280966,0.3053691275167785,0.38095238095238093,0.37333776595744683
FuseAI/FuseChat-Llama-3.2-3B-Instruct,0.6395563770794824,0.4639819475785454,0.24244712990936557,0.2961409395973154,0.39021164021164023,0.31316489361702127
FuseAI/FuseChat-Qwen-2.5-7B-Instruct,0.5360443622920518,0.5497309494879361,0.4561933534743202,0.2961409395973154,0.3862433862433862,0.41181848404255317
GalrionSoftworks/MN-LooseCannon-12B-v1,0.49722735674676527,0.5091130012150669,0.08534743202416918,0.28523489932885904,0.4126984126984127,0.3195644946808511
GalrionSoftworks/MagnusIntellectus-12B-v1,0.37707948243992606,0.5282069085228259,0.0649546827794562,0.28439597315436244,0.4417989417989418,0.34208776595744683
GenVRadmin/AryaBhatta-GemmaOrca-2-Merged,0.24584103512014788,0.38430827981253257,0.04984894259818731,0.2684563758389262,0.4537037037037037,0.23844747340425532
GenVRadmin/AryaBhatta-GemmaOrca-Merged,0.24584103512014788,0.41086616906787016,0.0513595166163142,0.2558724832214765,0.35185185185185186,0.22282247340425532
GenVRadmin/AryaBhatta-GemmaUltra-Merged,0.23844731977818853,0.4112133310189203,0.05362537764350453,0.25335570469798663,0.42724867724867727,0.2265625
GenVRadmin/llama38bGenZ_Vikas-Merged,0.2199630314232902,0.4521784412428398,0.05740181268882175,0.2953020134228188,0.43915343915343913,0.26221742021276595
GoToCompany/gemma2-9b-cpt-sahabatai-v1-instruct,0.6062846580406654,0.5948620031244576,0.2054380664652568,0.3347315436241611,0.4775132275132275,0.4263630319148936
GoToCompany/llama3-8b-cpt-sahabatai-v1-instruct,0.4565619223659889,0.4936642943933345,0.12764350453172205,0.26677852348993286,0.44841269841269843,0.3453291223404255
Goekdeniz-Guelmez/Josiefied-Qwen2.5-0.5B-Instruct-abliterated-v1,0.29390018484288355,0.3254643291095296,0.0891238670694864,0.2516778523489933,0.3253968253968254,0.16414561170212766
Goekdeniz-Guelmez/Josiefied-Qwen2.5-1.5B-Instruct-abliterated-v1,0.4177449168207024,0.41485853150494706,0.2084592145015106,0.24328859060402686,0.3664021164021164,0.27825797872340424
Goekdeniz-Guelmez/Josiefied-Qwen2.5-1.5B-Instruct-abliterated-v2,0.36229205175600737,0.40097205346294046,0.1268882175226586,0.23993288590604026,0.37566137566137564,0.25615026595744683
Goekdeniz-Guelmez/Josiefied-Qwen2.5-1.5B-Instruct-abliterated-v3,0.36968576709796674,0.402187120291616,0.13066465256797583,0.24328859060402686,0.36904761904761907,0.25556848404255317
Goekdeniz-Guelmez/Josiefied-Qwen2.5-14B-Instruct-abliterated-v4,0.8022181146025879,0.6332233987155008,0.5422960725075529,0.3422818791946309,0.42724867724867727,0.5018284574468085
Goekdeniz-Guelmez/Josiefied-Qwen2.5-7B-Instruct-abliterated-v2,0.7486136783733827,0.528554070473876,0.45317220543806647,0.2986577181208054,0.43386243386243384,0.4119847074468085
Goekdeniz-Guelmez/j.o.s.i.e.v4o-1.5b-dpo-stage1-v1,0.36044362292051757,0.4086096163860441,0.12009063444108761,0.25083892617449666,0.35185185185185186,0.2554853723404255
Goekdeniz-Guelmez/josie-3b-v6.0,0.5508317929759704,0.44749175490366255,0.2938066465256798,0.2902684563758389,0.38492063492063494,0.32197473404255317
Goekdeniz-Guelmez/josie-7b-v6.0-step2000,0.7245841035120147,0.5085922582884915,0.42371601208459214,0.27684563758389263,0.4523809523809524,0.4011801861702128
Goekdeniz-Guelmez/josie-7b-v6.0,0.7005545286506469,0.509460163166117,0.43580060422960726,0.2827181208053691,0.414021164021164,0.3806515957446808
GreenNode/GreenNode-small-9B-it,0.7042513863216266,0.5983336226349593,0.17447129909365558,0.3196308724832215,0.4193121693121693,0.3927027925531915
GritLM/GritLM-7B-KTO,0.47689463955637706,0.4806457212289533,0.027190332326283987,0.2978187919463087,0.37037037037037035,0.26803523936170215
GritLM/GritLM-8x7B-KTO,0.5157116451016636,0.57889255337615,0.12235649546827794,0.2961409395973154,0.42063492063492064,0.36477726063829785
Groq/Llama-3-Groq-8B-Tool-Use,0.5637707948243993,0.48463808366603023,0.06042296072507553,0.2676174496644295,0.36507936507936506,0.33992686170212766
Gryphe/Pantheon-RP-1.0-8b-Llama-3,0.33086876155268025,0.4521784412428398,0.0634441087613293,0.276006711409396,0.38227513227513227,0.30668218085106386
Gryphe/Pantheon-RP-1.5-12b-Nemo,0.4214417744916821,0.5167505641381704,0.04909365558912387,0.2726510067114094,0.44047619047619047,0.3302027925531915
Gryphe/Pantheon-RP-1.6-12b-Nemo-KTO,0.41404805914972276,0.5247352890123242,0.052870090634441085,0.2953020134228188,0.42328042328042326,0.33818151595744683
Gryphe/Pantheon-RP-1.6-12b-Nemo,0.39371534195933455,0.517792049991321,0.04607250755287009,0.27768456375838924,0.42724867724867727,0.33111702127659576
Gryphe/Pantheon-RP-Pure-1.6.2-22b-Small,0.6487985212569316,0.52629751779205,0.20241691842900303,0.3288590604026846,0.37566137566137564,0.39419880319148937
GuilhermeNaturaUmana/Nature-Reason-1.2-reallysmall,0.4066543438077634,0.562228779725742,0.25,0.29949664429530204,0.44312169312169314,0.4408244680851064
Gunulhona/Gemma-Ko-Merge-PEFT,0.39186691312384475,0.4835965978128797,0.0,0.3070469798657718,0.39814814814814814,0.3097573138297872
Gunulhona/Gemma-Ko-Merge,0.5841035120147874,0.5802812011803506,0.18806646525679757,0.33557046979865773,0.40343915343915343,0.3878823138297872
HPAI-BSC/Llama3-Aloe-8B-Alpha,0.4454713493530499,0.48134004513105366,0.06117824773413897,0.29446308724832215,0.3664021164021164,0.3295378989361702
HPAI-BSC/Llama3.1-Aloe-Beta-8B,0.6820702402957486,0.5075507724353411,0.18277945619335348,0.2684563758389262,0.38227513227513227,0.35804521276595747
HPAI-BSC/Qwen2.5-Aloe-Beta-7B,0.4011090573012939,0.5004339524388127,0.3542296072507553,0.2911073825503356,0.4246031746031746,0.4354222074468085
HarbingerX/Zeitgeist-3b-V1.2,0.6266173752310537,0.442110744662385,0.10120845921450151,0.27768456375838924,0.35714285714285715,0.30560172872340424
HarbingerX/Zeitgeist-3b-V1,0.6229205175600739,0.44263148758896026,0.10347432024169184,0.28187919463087246,0.35714285714285715,0.3009474734042553
Hastagaras/L3.2-JametMini-3B-MK.III,0.5674676524953789,0.4528727651449401,0.14577039274924472,0.2827181208053691,0.36772486772486773,0.2982878989361702
Hastagaras/Llama-3.1-Jamet-8B-MK.I,0.6894639556377079,0.5035584099982642,0.1268882175226586,0.27432885906040266,0.3716931216931217,0.3482380319148936
Hastagaras/Zabuza-8B-Llama-3.1,0.5804066543438078,0.45252560319388996,0.05513595166163142,0.26426174496644295,0.3558201058201058,0.29230385638297873
HelpingAI/Cipher-20B,0.4879852125693161,0.6009373372678355,0.19939577039274925,0.2953020134228188,0.3994708994708995,0.3744182180851064
HelpingAI/Dhanishtha-Large,0.19038817005545286,0.45946884221489326,0.3851963746223565,0.3028523489932886,0.3835978835978836,0.2755152925531915
HelpingAI/Priya-10B,0.34935304990757854,0.44263148758896026,0.0188821752265861,0.2558724832214765,0.3783068783068783,0.24925199468085107
HelpingAI/Priya-3B,0.3955637707948244,0.39402881444193716,0.014350453172205438,0.25671140939597314,0.37037037037037035,0.23387632978723405
HeraiHench/DeepSeek-R1-Qwen-Coder-8B,0.1256931608133087,0.2877972574205867,0.0,0.2600671140939597,0.373015873015873,0.11228390957446809
HeraiHench/Double-Down-Qwen-Math-7B,0.11090573012939002,0.2818955042527339,0.0007552870090634441,0.2651006711409396,0.373015873015873,0.11120345744680851
HeraiHench/Marge-Qwen-Math-7B,0.09057301293900184,0.3041138691199445,0.005287009063444109,0.23909395973154363,0.39285714285714285,0.10555186170212766
HeraiHench/Phi-4-slerp-ReasoningRP-14B,0.10166358595194085,0.4185037319909738,0.0,0.2936241610738255,0.31084656084656087,0.18999335106382978
HiroseKoichi/Llama-Salad-4x8B-V3,0.6136783733826248,0.522131574379448,0.09592145015105741,0.3028523489932886,0.373015873015873,0.351811835106383
HoangHa/Pensez-Llama3.1-8B,0.32532347504621073,0.4650234334316959,0.1148036253776435,0.28859060402684567,0.35978835978835977,0.31258311170212766
HuggingFaceH4/zephyr-7b-alpha,,0.4556500607533414,0.019637462235649546,,,
HuggingFaceH4/zephyr-7b-beta,0.43253234750462105,0.43065440027772955,0.028700906344410877,0.2902684563758389,0.3915343915343915,0.2780917553191489
HuggingFaceH4/zephyr-7b-gemma-v0.1,0.2698706099815157,0.4615518139211942,0.08157099697885196,0.29446308724832215,0.373015873015873,0.2847406914893617
HuggingFaceH4/zephyr-orpo-141b-A35b-v0.1,0.600739371534196,0.6269744835965978,0.20468277945619334,0.3783557046979866,0.44576719576719576,0.4586103723404255
HuggingFaceTB/SmolLM-1.7B-Instruct,0.18299445471349354,0.2848463808366603,0.021148036253776436,0.2600671140939597,0.3478835978835979,0.11660571808510638
HuggingFaceTB/SmolLM-1.7B,0.17375231053604437,0.3155702135045999,0.01661631419939577,0.24161073825503357,0.3412698412698413,0.11477726063829788
HuggingFaceTB/SmolLM-135M-Instruct,0.066543438077634,0.29838569692761674,0.005287009063444109,0.25922818791946306,0.36243386243386244,0.11760305851063829
HuggingFaceTB/SmolLM-135M,0.15157116451016636,0.3008158305849679,0.013595166163141994,0.25838926174496646,0.4351851851851852,0.11220079787234043
HuggingFaceTB/SmolLM-360M-Instruct,0.13493530499075784,0.2848463808366603,0.01812688821752266,0.26426174496644295,0.34656084656084657,0.11660571808510638
HuggingFaceTB/SmolLM-360M,0.14972273567467653,0.3027252213157438,0.011329305135951661,0.2676174496644295,0.4007936507936508,0.11236702127659574
HuggingFaceTB/SmolLM2-1.7B-Instruct,0.4824399260628466,0.3567089047040444,0.0581570996978852,0.27936241610738255,0.3412698412698413,0.2053690159574468
HuggingFaceTB/SmolLM2-1.7B,0.17744916820702403,0.3428224266620378,0.026435045317220542,0.27936241610738255,0.3478835978835979,0.2137632978723404
HuggingFaceTB/SmolLM2-135M-Instruct,0.036968576709796676,0.3105363652143725,0.014350453172205438,0.23406040268456377,0.3862433862433862,0.10920877659574468
HuggingFaceTB/SmolLM2-135M,0.12014787430683918,0.628,0.012084592145015106,0.25252525252525254,0.488,0.10945811170212766
HuggingFaceTB/SmolLM2-360M-Instruct,0.3234750462107209,0.31227217496962334,0.015105740181268883,0.2550335570469799,0.34523809523809523,0.11170212765957446
HuggingFaceTB/SmolLM2-360M,0.1423290203327172,0.3214719666724527,0.012084592145015106,0.24580536912751677,0.3941798941798942,0.11693816489361702
HumanLLMs/Humanish-LLama3-8B-Instruct,0.5933456561922366,0.4943586182954348,0.1027190332326284,0.2558724832214765,0.35714285714285715,0.37017952127659576
HumanLLMs/Humanish-Mistral-Nemo-Instruct-2407,0.4787430683918669,0.5228258982815484,0.13670694864048338,0.287751677852349,0.3955026455026455,0.35206117021276595
HumanLLMs/Humanish-Qwen2.5-7B-Instruct,0.6894639556377079,0.5341086616906787,0.5,0.2986577181208054,0.3968253968253968,0.4398271276595745
IDEA-CCNL/Ziya-LLaMA-13B-v1,0.11275415896487985,0.28449921888561014,0.0,0.24916107382550334,0.37433862433862436,0.11012300531914894
INSAIT-Institute/BgGPT-Gemma-2-27B-IT-v1.0,0.0,0.28762367644506165,0.0,0.2600671140939597,0.35714285714285715,0.11668882978723404
IlyaGusev/gemma-2-2b-it-abliterated,0.47504621072088726,0.4080888734594688,0.06117824773413897,0.2651006711409396,0.376984126984127,0.25382313829787234
IlyaGusev/gemma-2-9b-it-abliterated,0.7079482439926063,0.5898281548342301,0.17749244712990936,0.34563758389261745,0.4021164021164021,0.39153922872340424
Infinirc/Infinirc-Llama3-8B-2G-Release-v1.0,0.16266173752310537,0.43412601978823123,0.01661631419939577,0.29949664429530204,0.4603174603174603,0.21600731382978725
Intel/neural-chat-7b-v3-1,0.4121996303142329,0.503037667071689,0.035498489425981876,0.2902684563758389,0.4973544973544973,0.2677859042553192
Intel/neural-chat-7b-v3-2,0.44731977818853974,0.5006075334143378,0.04758308157099698,0.2902684563758389,0.4894179894179894,0.26670545212765956
Intel/neural-chat-7b-v3-3,0.4177449168207024,0.4856795695191807,0.04078549848942598,0.28942953020134227,0.48544973544973546,0.2624667553191489
Intel/neural-chat-7b-v3,0.21626617375231053,0.5023433431695886,0.02945619335347432,0.29194630872483224,0.5052910052910053,0.26986369680851063
IntervitensInc/internlm2_5-20b-llamafied,0.27911275415896486,0.7483075854886304,0.1714501510574018,0.33808724832214765,0.4470899470899471,0.4050864361702128
Invalid-Null/PeiYangMe-0.5,0.08872458410351201,0.2759937510848811,0.0,0.24412751677852348,0.373015873015873,0.11087101063829788
Invalid-Null/PeiYangMe-0.7,0.09796672828096119,0.2987328588786669,0.011329305135951661,0.2332214765100671,0.38492063492063494,0.11012300531914894
Isaak-Carter/JOSIEv4o-8b-stage1-v4,0.19038817005545286,0.47075160562402363,0.052870090634441085,0.29194630872483224,0.36507936507936506,0.3316156914893617
Isaak-Carter/Josiefied-Qwen2.5-7B-Instruct-abliterated-v2,0.7504621072088724,0.528554070473876,0.47205438066465255,0.2986577181208054,0.43386243386243384,0.4128158244680851
Isaak-Carter/Josiefied-Qwen2.5-7B-Instruct-abliterated,0.6913123844731978,0.5372331192501302,0.49244712990936557,0.3028523489932886,0.4074074074074074,0.4276097074468085
J-LAB/Thynk_orpo,0.1589648798521257,0.4431522305155355,0.14803625377643503,0.29278523489932884,0.45105820105820105,0.32313829787234044
JackFram/llama-160m,0.12199630314232902,0.2857142857142857,0.008308157099697885,0.26174496644295303,0.3783068783068783,0.11278257978723404
JackFram/llama-68m,0.10905730129390019,0.29005381010241277,0.006042296072507553,0.25838926174496646,0.39021164021164023,0.11436170212765957
Jacoby746/Casual-Magnum-34B,0.1534195933456562,0.60006943239021,0.09214501510574018,0.3724832214765101,0.4074074074074074,0.5183676861702128
Jacoby746/Inf-Silent-Kunoichi-v0.1-2x7B,0.3179297597042514,0.5169241451136956,0.07099697885196375,0.28942953020134227,0.42724867724867727,0.3271276595744681
Jacoby746/Inf-Silent-Kunoichi-v0.2-2x7B,0.28835489833641403,0.5195278597465718,0.06268882175226587,0.30033557046979864,0.4312169312169312,0.32721077127659576
Jacoby746/Proto-Athena-4x7B,0.2957486136783734,0.5089394202395418,0.0649546827794562,0.29446308724832215,0.43386243386243384,0.32064494680851063
Jacoby746/Proto-Athena-v0.2-4x7B,0.3068391866913124,0.5049470578024648,0.0634441087613293,0.2986577181208054,0.42063492063492064,0.3197307180851064
Jacoby746/Proto-Harpy-Blazing-Light-v0.1-2x7B,0.4269870609981516,0.5162298212115952,0.07477341389728097,0.2953020134228188,0.4444444444444444,0.33011968085106386
Jacoby746/Proto-Harpy-Spark-v0.1-7B,0.36414048059149723,0.47075160562402363,0.061933534743202415,0.3053691275167785,0.4312169312169312,0.30693151595744683
JayHyeon/Qwen-0.5B-DPO-1epoch,0.2033271719038817,0.318000347161951,0.028700906344410877,0.2525167785234899,0.33465608465608465,0.15575132978723405
JayHyeon/Qwen-0.5B-DPO-5epoch,0.1866913123844732,0.3100156222877973,0.04003021148036254,0.24328859060402686,0.3373015873015873,0.15325797872340424
JayHyeon/Qwen-0.5B-IRPO-1epoch,0.19408502772643252,0.31574379448012496,0.03172205438066465,0.24664429530201343,0.328042328042328,0.15001662234042554
JayHyeon/Qwen-0.5B-IRPO-5epoch,0.19038817005545286,0.3176531852109009,0.0324773413897281,0.23993288590604026,0.328042328042328,0.1506815159574468
JayHyeon/Qwen-0.5B-eDPO-1epoch,0.2033271719038817,0.3169588613088006,0.03474320241691843,0.2424496644295302,0.33201058201058203,0.15525265957446807
JayHyeon/Qwen-0.5B-eDPO-5epoch,0.18853974121996303,0.30914771741017183,0.023413897280966767,0.24916107382550334,0.33201058201058203,0.15226063829787234
JayHyeon/Qwen2.5-0.5B-Instruct-SFT-DPO-1epoch_v1,0.19038817005545286,0.3244228432563791,0.06495468277945618,0.2726510067114094,0.3425925925925926,0.1574966755319149
JayHyeon/Qwen2.5-0.5B-Instruct-SFT-IRPO-1epoch_v1,0.20702402957486138,0.32876236764450617,0.04984894259818731,0.2802013422818792,0.328042328042328,0.16256648936170212
JayHyeon/Qwen2.5-0.5B-Instruct-SFT-MDPO-1epoch_v1,0.19408502772643252,0.3244228432563791,0.05664652567975831,0.2684563758389262,0.32936507936507936,0.15757978723404256
JayHyeon/Qwen2.5-0.5B-Instruct-SFT,0.20702402957486138,0.3233813574032286,0.03927492447129909,0.2827181208053691,0.3333333333333333,0.15201130319148937
JayHyeon/Qwen2.5-0.5B-SFT-1e-4-2ep,0.15711645101663585,0.31487588960249957,0.026435045317220542,0.24664429530201343,0.34656084656084657,0.15367353723404256
JayHyeon/Qwen2.5-0.5B-SFT-1e-4-3ep,0.17929759704251386,0.30480819302204476,0.026435045317220542,0.2483221476510067,0.36507936507936506,0.15317486702127658
JayHyeon/Qwen2.5-0.5B-SFT-1e-4-5ep,0.15157116451016636,0.30741190765492105,0.019637462235649546,0.2533557046979866,0.33994708994708994,0.15575132978723405
JayHyeon/Qwen2.5-0.5B-SFT-1e-4,0.14972273567467653,0.30029508765839263,0.0188821752265861,0.25083892617449666,0.3439153439153439,0.16190159574468085
JayHyeon/Qwen2.5-0.5B-SFT-1e-5-2ep,0.1423290203327172,0.31973615691720186,0.052870090634441085,0.26929530201342283,0.335978835978836,0.1651429521276596
JayHyeon/Qwen2.5-0.5B-SFT-1e-5-3ep,0.17005545286506468,0.3223398715500781,0.05362537764350453,0.2701342281879195,0.33465608465608465,0.16888297872340424
JayHyeon/Qwen2.5-0.5B-SFT-1e-5-5ep,0.16820702402957485,0.3235549383787537,0.05211480362537765,0.27936241610738255,0.32275132275132273,0.16879986702127658
JayHyeon/Qwen2.5-0.5B-SFT-1e-5,0.14417744916820702,0.31088352716542267,0.0377643504531722,0.2684563758389262,0.34523809523809523,0.1697972074468085
JayHyeon/Qwen2.5-0.5B-SFT-2e-4-2ep,0.12754158964879853,0.29491407741711506,0.024924471299093656,0.2424496644295302,0.3558201058201058,0.1484375
JayHyeon/Qwen2.5-0.5B-SFT-2e-4-3ep,0.14972273567467653,0.30793265058149627,0.015105740181268883,0.2609060402684564,0.3439153439153439,0.14162234042553193
JayHyeon/Qwen2.5-0.5B-SFT-2e-4-5ep,0.13123844731977818,0.29057455302898805,0.01812688821752266,0.26929530201342283,0.3862433862433862,0.13364361702127658
JayHyeon/Qwen2.5-0.5B-SFT-2e-4,0.1478743068391867,0.2907481340045131,0.02416918429003021,0.2575503355704698,0.3425925925925926,0.14128989361702127
JayHyeon/Qwen2.5-0.5B-SFT-2e-5-2ep-DPOP_3e-7-3ep_0alp_5lam,0.18114602587800369,0.3150494705780246,0.03474320241691843,0.2709731543624161,0.32936507936507936,0.15625
JayHyeon/Qwen2.5-0.5B-SFT-2e-5-2ep-DPOP_5e-6-1ep_0alp_5lam,0.18114602587800369,0.32563791008505466,0.045317220543806644,0.276006711409396,0.33465608465608465,0.15699800531914893
JayHyeon/Qwen2.5-0.5B-SFT-2e-5-2ep-DPOP_5e-6-2ep_0alp_5lam,0.17190388170055454,0.3249435861829543,0.03474320241691843,0.27936241610738255,0.33994708994708994,0.15408909574468085
JayHyeon/Qwen2.5-0.5B-SFT-2e-5-2ep-DPOP_5e-6-3ep_0alp_5lam,0.1922365988909427,0.3183475091130012,0.04078549848942598,0.276006711409396,0.33465608465608465,0.15550199468085107
JayHyeon/Qwen2.5-0.5B-SFT-2e-5-2ep-DPOP_5e-7-1ep_0alp_5lam,0.18299445471349354,0.3166116993577504,0.04003021148036254,0.2676174496644295,0.33201058201058203,0.15600066489361702
JayHyeon/Qwen2.5-0.5B-SFT-2e-5-2ep-DPOP_5e-7-2ep_0alp_5lam,0.18484288354898337,0.31314007984724873,0.03474320241691843,0.2676174496644295,0.33201058201058203,0.15475398936170212
JayHyeon/Qwen2.5-0.5B-SFT-2e-5-2ep-DPOP_5e-7-3ep_0alp_5lam,0.19408502772643252,0.31713244228432563,0.04380664652567976,0.2651006711409396,0.3333333333333333,0.15608377659574468
JayHyeon/Qwen2.5-0.5B-SFT-2e-5-2ep-DPO_1e-6-1ep_0alp_0lam,0.1977818853974122,0.3145287276514494,0.04078549848942598,0.27181208053691275,0.328042328042328,0.15799534574468085
JayHyeon/Qwen2.5-0.5B-SFT-2e-5-2ep-DPO_1e-6-2ep_0alp_0lam,0.19038817005545286,0.3134872417982989,0.04078549848942598,0.27432885906040266,0.32936507936507936,0.15608377659574468
JayHyeon/Qwen2.5-0.5B-SFT-2e-5-2ep-DPO_1e-6-3ep_0alp_0lam,0.2033271719038817,0.31175143204304806,0.04003021148036254,0.27432885906040266,0.3306878306878307,0.1574966755319149
JayHyeon/Qwen2.5-0.5B-SFT-2e-5-2ep-DPO_1e-7-2ep_0alp_0lam,0.2033271719038817,0.3155702135045999,0.03625377643504532,0.2701342281879195,0.3333333333333333,0.15766289893617022
JayHyeon/Qwen2.5-0.5B-SFT-2e-5-2ep-DPO_1e-7-3ep_0alp_0lam,0.20147874306839186,0.31609095643117513,0.035498489425981876,0.2634228187919463,0.328042328042328,0.1583277925531915
JayHyeon/Qwen2.5-0.5B-SFT-2e-5-2ep-DPO_2e-6-1ep_0alp_0lam,0.17929759704251386,0.31678528033327547,0.03851963746223565,0.2751677852348994,0.32671957671957674,0.1580784574468085
JayHyeon/Qwen2.5-0.5B-SFT-2e-5-2ep-DPO_2e-6-2ep_0alp_0lam,0.1922365988909427,0.319909737892727,0.05060422960725076,0.276006711409396,0.3253968253968254,0.15375664893617022
JayHyeon/Qwen2.5-0.5B-SFT-2e-5-2ep-DPO_2e-6-3ep_0alp_0lam,0.1866913123844732,0.32025689984377714,0.04154078549848943,0.2726510067114094,0.32671957671957674,0.15392287234042554
JayHyeon/Qwen2.5-0.5B-SFT-2e-5-2ep-DPO_3e-6-1ep_0alp_0lam,0.19038817005545286,0.3223398715500781,0.04305135951661632,0.28187919463087246,0.3253968253968254,0.1573304521276596
JayHyeon/Qwen2.5-0.5B-SFT-2e-5-2ep-DPO_3e-6-2ep_0alp_0lam,0.17744916820702403,0.32025689984377714,0.04607250755287009,0.27432885906040266,0.33465608465608465,0.15159574468085107
JayHyeon/Qwen2.5-0.5B-SFT-2e-5-2ep-DPO_3e-6-3ep_0alp_0lam,0.18299445471349354,0.32268703350112826,0.04758308157099698,0.2701342281879195,0.3386243386243386,0.1550033244680851
JayHyeon/Qwen2.5-0.5B-SFT-2e-5-2ep-DPO_3e-7-3ep_0alp_0lam,0.19408502772643252,0.31609095643117513,0.04154078549848943,0.2651006711409396,0.328042328042328,0.15741356382978725
JayHyeon/Qwen2.5-0.5B-SFT-2e-5-2ep-DPO_5e-6-1ep_0alp_0lam,0.18484288354898337,0.3228606144766534,0.04984894259818731,0.27432885906040266,0.33201058201058203,0.15724734042553193
JayHyeon/Qwen2.5-0.5B-SFT-2e-5-2ep-DPO_5e-6-2ep_0alp_0lam,0.19038817005545286,0.32077764277035237,0.04003021148036254,0.2802013422818792,0.33994708994708994,0.14960106382978725
JayHyeon/Qwen2.5-0.5B-SFT-2e-5-2ep-DPO_5e-6-3ep_0alp_0lam,0.18114602587800369,0.3249435861829543,0.0445619335347432,0.276006711409396,0.33994708994708994,0.14985039893617022
JayHyeon/Qwen2.5-0.5B-SFT-2e-5-2ep-DPO_5e-7_1ep_0alp_0lam,0.19593345656192238,0.3159173754556501,0.04380664652567976,0.27348993288590606,0.3333333333333333,0.15724734042553193
JayHyeon/Qwen2.5-0.5B-SFT-2e-5-2ep-DPO_5e-7_2ep_0alp_0lam,0.19408502772643252,0.31418156570039923,0.0445619335347432,0.2726510067114094,0.32936507936507936,0.15716422872340424
JayHyeon/Qwen2.5-0.5B-SFT-2e-5-2ep-DPO_5e-7_3ep_0alp_0lam,0.1922365988909427,0.31782676618642597,0.04833836858006042,0.27348993288590606,0.3306878306878307,0.1566655585106383
JayHyeon/Qwen2.5-0.5B-SFT-2e-5-2ep-DPO_7e-7_1ep_0alp_0lam,0.21256931608133087,0.31609095643117513,0.035498489425981876,0.276006711409396,0.328042328042328,0.15674867021276595
JayHyeon/Qwen2.5-0.5B-SFT-2e-5-2ep-DPO_7e-7_2ep_0alp_0lam,0.1922365988909427,0.31470230862697446,0.03927492447129909,0.2709731543624161,0.32936507936507936,0.15691489361702127
JayHyeon/Qwen2.5-0.5B-SFT-2e-5-2ep-DPO_7e-7_3ep_0alp_0lam,0.21256931608133087,0.31227217496962334,0.0377643504531722,0.27432885906040266,0.3333333333333333,0.15658244680851063
JayHyeon/Qwen2.5-0.5B-SFT-2e-5-2ep-IRPO_1e-7-1ep_1alp_0lam,0.19593345656192238,0.31973615691720186,0.04909365558912387,0.2701342281879195,0.328042328042328,0.15708111702127658
JayHyeon/Qwen2.5-0.5B-SFT-2e-5-2ep-IRPO_1e-7-2ep_1alp_0lam,0.1922365988909427,0.3183475091130012,0.04229607250755287,0.26677852348993286,0.3306878306878307,0.15866023936170212
JayHyeon/Qwen2.5-0.5B-SFT-2e-5-2ep-IRPO_1e-7-3ep_1alp_0lam,0.19038817005545286,0.32112480472140253,0.04003021148036254,0.2709731543624161,0.32936507936507936,0.15558510638297873
JayHyeon/Qwen2.5-0.5B-SFT-2e-5-2ep-IRPO_3e-7-3ep_1alp_0lam,0.20147874306839186,0.31678528033327547,0.03625377643504532,0.2726510067114094,0.32671957671957674,0.15857712765957446
JayHyeon/Qwen2.5-0.5B-SFT-2e-5-2ep-IRPO_5e-6-1ep_1alp_0lam,0.17929759704251386,0.3176531852109009,0.045317220543806644,0.2827181208053691,0.3253968253968254,0.15475398936170212
JayHyeon/Qwen2.5-0.5B-SFT-2e-5-2ep-IRPO_5e-6-2ep_1alp_0lam,0.18484288354898337,0.32424926228085404,0.04154078549848943,0.2701342281879195,0.3373015873015873,0.15209441489361702
JayHyeon/Qwen2.5-0.5B-SFT-2e-5-2ep-IRPO_5e-6-3ep_1alp_0lam,0.17190388170055454,0.3313660822773824,0.04305135951661632,0.26593959731543626,0.33201058201058203,0.15674867021276595
JayHyeon/Qwen2.5-0.5B-SFT-2e-5-2ep-IRPO_5e-7-1ep_1alp_0lam,0.19038817005545286,0.31626453740670024,0.04154078549848943,0.27936241610738255,0.32936507936507936,0.1574966755319149
JayHyeon/Qwen2.5-0.5B-SFT-2e-5-2ep-IRPO_5e-7-2ep_1alp_0lam,0.19593345656192238,0.31522305155354974,0.03700906344410876,0.2751677852348993,0.33201058201058203,0.15757978723404256
JayHyeon/Qwen2.5-0.5B-SFT-2e-5-2ep-IRPO_5e-7-3ep_1alp_0lam,0.20702402957486138,0.3174796042353758,0.03474320241691843,0.27181208053691275,0.328042328042328,0.1566655585106383
JayHyeon/Qwen2.5-0.5B-SFT-2e-5-2ep-MDPO_0.5_1e-7-1ep_0alp_0lam,0.19408502772643252,0.3166116993577504,0.03700906344410876,0.2651006711409396,0.3333333333333333,0.15625
JayHyeon/Qwen2.5-0.5B-SFT-2e-5-2ep-MDPO_0.5_1e-7-2ep_0alp_0lam,0.18484288354898337,0.3169588613088006,0.04003021148036254,0.2684563758389262,0.33201058201058203,0.1574966755319149
JayHyeon/Qwen2.5-0.5B-SFT-2e-5-2ep-MDPO_0.5_1e-7-3ep_0alp_0lam,0.19593345656192238,0.318000347161951,0.04229607250755287,0.26593959731543626,0.3333333333333333,0.15757978723404256
JayHyeon/Qwen2.5-0.5B-SFT-2e-5-2ep-MDPO_1e-6-3ep_0alp_0lam,0.1866913123844732,0.31383440374934907,0.04305135951661632,0.27348993288590606,0.3306878306878307,0.1556682180851064
JayHyeon/Qwen2.5-0.5B-SFT-2e-5-2ep-MDPO_1e-6_1ep_0alp_0lam,0.19408502772643252,0.318000347161951,0.04758308157099698,0.276006711409396,0.32936507936507936,0.15915890957446807
JayHyeon/Qwen2.5-0.5B-SFT-2e-5-2ep-MDPO_1e-6_2ep_0alp_0lam,0.19963031423290203,0.31574379448012496,0.04984894259818731,0.27181208053691275,0.328042328042328,0.15608377659574468
JayHyeon/Qwen2.5-0.5B-SFT-2e-5-2ep-MDPO_2e-6-3ep_0alp_0lam,0.1922365988909427,0.31782676618642597,0.03927492447129909,0.2726510067114094,0.3253968253968254,0.15375664893617022
JayHyeon/Qwen2.5-0.5B-SFT-2e-5-2ep-MDPO_2e-6_1ep_0alp_0lam,0.18114602587800369,0.318000347161951,0.045317220543806644,0.2802013422818792,0.32142857142857145,0.15824468085106383
JayHyeon/Qwen2.5-0.5B-SFT-2e-5-2ep-MDPO_2e-6_2ep_0alp_0lam,0.19963031423290203,0.31626453740670024,0.04305135951661632,0.27181208053691275,0.328042328042328,0.15392287234042554
JayHyeon/Qwen2.5-0.5B-SFT-2e-5-2ep-MDPO_3e-6-1ep_0alp_0lam,0.1922365988909427,0.31973615691720186,0.03474320241691843,0.2726510067114094,0.3253968253968254,0.15882646276595744
JayHyeon/Qwen2.5-0.5B-SFT-2e-5-2ep-MDPO_3e-6-2ep_0alp_0lam,0.1922365988909427,0.32112480472140253,0.0377643504531722,0.27936241610738255,0.32936507936507936,0.15334109042553193
JayHyeon/Qwen2.5-0.5B-SFT-2e-5-2ep-MDPO_3e-6-3ep_0alp_0lam,0.1977818853974122,0.3235549383787537,0.05362537764350453,0.27768456375838924,0.335978835978836,0.15309175531914893
JayHyeon/Qwen2.5-0.5B-SFT-2e-5-2ep-MDPO_5e-6-1ep_0alp_0lam,0.16635859519408502,0.32424926228085404,0.04758308157099698,0.27348993288590606,0.3253968253968254,0.1568317819148936
JayHyeon/Qwen2.5-0.5B-SFT-2e-5-2ep-MDPO_5e-6-2ep_0alp_0lam,0.17375231053604437,0.3206040617948273,0.04380664652567976,0.27684563758389263,0.33994708994708994,0.15001662234042554
JayHyeon/Qwen2.5-0.5B-SFT-2e-5-2ep-MDPO_5e-6-3ep_0alp_0lam,0.1977818853974122,0.32581149106057977,0.04078549848942598,0.27768456375838924,0.3386243386243386,0.15209441489361702
JayHyeon/Qwen2.5-0.5B-SFT-2e-5-2ep-MDPO_5e-7-3ep_0alp_0lam,0.21256931608133087,0.3159173754556501,0.03625377643504532,0.26174496644295303,0.32936507936507936,0.1574966755319149
JayHyeon/Qwen2.5-0.5B-SFT-2e-5-2ep-MDPO_5e-7_1ep_0alp_0lam,0.19408502772643252,0.31713244228432563,0.0377643504531722,0.27181208053691275,0.32671957671957674,0.15949135638297873
JayHyeon/Qwen2.5-0.5B-SFT-2e-5-2ep-MDPO_5e-7_2ep_0alp_0lam,0.20147874306839186,0.313660822773824,0.0377643504531722,0.27684563758389263,0.32671957671957674,0.15616688829787234
JayHyeon/Qwen2.5-0.5B-SFT-2e-5-2ep-MDPO_7e-7-3ep_0alp_0lam,0.19038817005545286,0.31314007984724873,0.04003021148036254,0.2701342281879195,0.32936507936507936,0.15558510638297873
JayHyeon/Qwen2.5-0.5B-SFT-2e-5-2ep-MDPO_7e-7_1ep_0alp_0lam,0.1922365988909427,0.31574379448012496,0.045317220543806644,0.2625838926174497,0.3306878306878307,0.1566655585106383
JayHyeon/Qwen2.5-0.5B-SFT-2e-5-2ep-MDPO_7e-7_2ep_0alp_0lam,0.19963031423290203,0.31470230862697446,0.04380664652567976,0.2701342281879195,0.32671957671957674,0.15533577127659576
JayHyeon/Qwen2.5-0.5B-SFT-2e-5-2ep,0.1645101663585952,0.31904183301510153,0.04078549848942598,0.27768456375838924,0.335978835978836,0.17096077127659576
JayHyeon/Qwen2.5-0.5B-SFT-2e-5-3ep,0.1756007393715342,0.3212983856969276,0.045317220543806644,0.26174496644295303,0.32936507936507936,0.17461768617021275
JayHyeon/Qwen2.5-0.5B-SFT-2e-5-5ep-MDPO_5e-7_3ep_0alp_0lam,0.1922365988909427,0.32164554764797776,0.03927492447129909,0.2676174496644295,0.35185185185185186,0.15741356382978725
JayHyeon/Qwen2.5-0.5B-SFT-2e-5-5ep-MDPO_5e-7_3ep_0alp_0lam_1ep,0.19408502772643252,0.31487588960249957,0.03851963746223565,0.2625838926174497,0.34656084656084657,0.15965757978723405
JayHyeon/Qwen2.5-0.5B-SFT-2e-5-5ep-MDPO_5e-7_3ep_0alp_0lam_2ep,0.1977818853974122,0.31730602325985074,0.03851963746223565,0.2651006711409396,0.3425925925925926,0.15616688829787234
JayHyeon/Qwen2.5-0.5B-SFT-2e-5-5ep-MDPO_7e-7_3ep_0alp_0lam,0.18484288354898337,0.31921541399062664,0.033987915407854986,0.2701342281879195,0.3505291005291005,0.15633311170212766
JayHyeon/Qwen2.5-0.5B-SFT-2e-5-5ep-MDPO_7e-7_3ep_0alp_0lam_1ep,0.19038817005545286,0.3166116993577504,0.03927492447129909,0.2684563758389262,0.34656084656084657,0.15915890957446807
JayHyeon/Qwen2.5-0.5B-SFT-2e-5-5ep-MDPO_7e-7_3ep_0alp_0lam_2ep,0.1922365988909427,0.31886825203957647,0.04154078549848943,0.26929530201342283,0.3505291005291005,0.15558510638297873
JayHyeon/Qwen2.5-0.5B-SFT-2e-5-5ep,0.18299445471349354,0.32910952959555634,0.05060422960725076,0.26426174496644295,0.33994708994708994,0.16954787234042554
JayHyeon/Qwen2.5-0.5B-SFT-2e-5,0.14972273567467653,0.3169588613088006,0.03700906344410876,0.26929530201342283,0.3478835978835979,0.16780252659574468
JayHyeon/Qwen2.5-0.5B-SFT-5e-5-2ep,0.16635859519408502,0.31609095643117513,0.0377643504531722,0.2600671140939597,0.335978835978836,0.16273271276595744
JayHyeon/Qwen2.5-0.5B-SFT-5e-5-3ep,0.16635859519408502,0.32772088179135567,0.030211480362537766,0.2533557046979866,0.3584656084656085,0.1651429521276596
JayHyeon/Qwen2.5-0.5B-SFT-5e-5-5ep,0.15526802218114602,0.3252907481340045,0.027190332326283987,0.2684563758389262,0.37566137566137564,0.15866023936170212
JayHyeon/Qwen2.5-0.5B-SFT-5e-5,0.14417744916820702,0.3089741364346468,0.033987915407854986,0.2676174496644295,0.3373015873015873,0.16722074468085107
JayHyeon/Qwen2.5-0.5B-SFT-7e-5-2ep,0.16266173752310537,0.30880055545912166,0.03927492447129909,0.2424496644295302,0.335978835978836,0.15674867021276595
JayHyeon/Qwen2.5-0.5B-SFT-7e-5-3ep,0.18114602587800369,0.31730602325985074,0.03323262839879154,0.23657718120805368,0.3544973544973545,0.15217752659574468
JayHyeon/Qwen2.5-0.5B-SFT-7e-5-5ep,0.1589648798521257,0.3185210900885263,0.02190332326283988,0.24580536912751677,0.37037037037037035,0.1628158244680851
JayHyeon/Qwen2.5-0.5B-SFT-7e-5,0.15711645101663585,0.3140079847248742,0.030211480362537766,0.25671140939597314,0.335978835978836,0.1622340425531915
JayHyeon/Qwen2.5-0.5B-SFT-DPO-1epoch_v1,0.1423290203327172,0.3244228432563791,0.03625377643504532,0.2726510067114094,0.3201058201058201,0.13297872340425532
JayHyeon/Qwen2.5-0.5B-SFT-MDPO-1epoch_v1,0.13863216266173753,0.32702655788925533,0.04682779456193353,0.276006711409396,0.3253968253968254,0.13372672872340424
JayHyeon/Qwen2.5-0.5B-SFT,0.13493530499075784,0.30984204131227217,0.027190332326283987,0.2785234899328859,0.3386243386243386,0.16730385638297873
JayHyeon/Qwen_0.5-DPOP_1e-6-3ep_0alp_5lam,0.19593345656192238,0.3126193369206735,0.04909365558912387,0.27432885906040266,0.3306878306878307,0.15658244680851063
JayHyeon/Qwen_0.5-DPOP_1e-7-3ep_0alp_5lam,0.21256931608133087,0.3174796042353758,0.04078549848942598,0.26677852348993286,0.328042328042328,0.15625
JayHyeon/Qwen_0.5-DPOP_3e-6-1ep_0alp_5lam,0.19038817005545286,0.32459642423190416,0.04380664652567976,0.2600671140939597,0.335978835978836,0.15649933510638298
JayHyeon/Qwen_0.5-DPOP_3e-6-2ep_0alp_5lam,0.17929759704251386,0.32025689984377714,0.04305135951661632,0.27936241610738255,0.3333333333333333,0.15034906914893617
JayHyeon/Qwen_0.5-DPOP_3e-6-3ep_0alp_5lam,0.18853974121996303,0.3204304808193022,0.04003021148036254,0.2701342281879195,0.33201058201058203,0.15334109042553193
JayHyeon/Qwen_0.5-DPOP_3e-7-1ep_0alp_5lam,0.18853974121996303,0.3166116993577504,0.04380664652567976,0.26174496644295303,0.3333333333333333,0.15649933510638298
JayHyeon/Qwen_0.5-DPOP_3e-7-2ep_0alp_5lam,0.2033271719038817,0.31730602325985074,0.0445619335347432,0.26174496644295303,0.3253968253968254,0.1566655585106383
JayHyeon/Qwen_0.5-DPOP_3e-7-3ep_0alp_5lam,0.1922365988909427,0.3134872417982989,0.04154078549848943,0.2676174496644295,0.3253968253968254,0.1583277925531915
JayHyeon/Qwen_0.5-DPOP_5e-7-1ep_0alp_5lam,0.1866913123844732,0.31522305155354974,0.0377643504531722,0.27181208053691275,0.33201058201058203,0.1568317819148936
JayHyeon/Qwen_0.5-DPOP_5e-7-2ep_0alp_5lam,0.1922365988909427,0.31904183301510153,0.04380664652567976,0.2701342281879195,0.328042328042328,0.1573304521276596
JayHyeon/Qwen_0.5-DPOP_5e-7-3ep_0alp_5lam,0.20147874306839186,0.31886825203957647,0.04229607250755287,0.2709731543624161,0.328042328042328,0.1583277925531915
JayHyeon/Qwen_0.5-DPO_1e-6-3ep_0alp_0lam,0.17190388170055454,0.3233813574032286,0.052870090634441085,0.26929530201342283,0.32142857142857145,0.15799534574468085
JayHyeon/Qwen_0.5-DPO_1e-7-3ep_0alp_0lam,0.18299445471349354,0.3204304808193022,0.04380664652567976,0.2709731543624161,0.32142857142857145,0.1595744680851064
JayHyeon/Qwen_0.5-DPO_3e-6-1ep_0alp_0lam,0.17005545286506468,0.31175143204304806,0.03474320241691843,0.2609060402684564,0.32275132275132273,0.15325797872340424
JayHyeon/Qwen_0.5-DPO_3e-6-2ep_0alp_0lam,0.2033271719038817,0.32511716715847944,0.054380664652567974,0.27181208053691275,0.3148148148148148,0.15649933510638298
JayHyeon/Qwen_0.5-DPO_3e-6-3ep_0alp_0lam,0.1922365988909427,0.3244228432563791,0.04305135951661632,0.2684563758389262,0.3201058201058201,0.15433843085106383
JayHyeon/Qwen_0.5-DPO_3e-7-1ep_0alp_0lam,0.19408502772643252,0.32112480472140253,0.05513595166163142,0.2676174496644295,0.3187830687830688,0.15965757978723405
JayHyeon/Qwen_0.5-DPO_3e-7-2ep_0alp_0lam,0.19038817005545286,0.3235549383787537,0.04758308157099698,0.27181208053691275,0.3187830687830688,0.15990691489361702
JayHyeon/Qwen_0.5-DPO_3e-7-3ep_0alp_0lam,0.18484288354898337,0.3239021003298039,0.0445619335347432,0.27432885906040266,0.31613756613756616,0.1589095744680851
JayHyeon/Qwen_0.5-DPO_5e-7-1ep_0alp_0lam,0.19593345656192238,0.32025689984377714,0.0634441087613293,0.2684563758389262,0.3201058201058201,0.15932513297872342
JayHyeon/Qwen_0.5-DPO_5e-7-2ep_0alp_0lam,0.1866913123844732,0.328415205693456,0.05362537764350453,0.2709731543624161,0.31746031746031744,0.16015625
JayHyeon/Qwen_0.5-DPO_5e-7-3ep_0alp_0lam,0.18114602587800369,0.3252907481340045,0.0513595166163142,0.27432885906040266,0.31746031746031744,0.15949135638297873
JayHyeon/Qwen_0.5-IPO_5e-7-1ep_0alp_0lam,0.1922365988909427,0.3265058149626801,0.055891238670694864,0.26929530201342283,0.31613756613756616,0.16505984042553193
JayHyeon/Qwen_0.5-IPO_5e-7-3ep_0alp_0lam,0.24399260628465805,0.32563791008505466,0.0581570996978852,0.25671140939597314,0.3148148148148148,0.1624002659574468
JayHyeon/Qwen_0.5-IRPO_1e-6-3ep_1alp_0lam,0.19963031423290203,0.32216629057455304,0.04682779456193353,0.26677852348993286,0.31746031746031744,0.15741356382978725
JayHyeon/Qwen_0.5-IRPO_1e-7-3ep_1alp_0lam,0.20702402957486138,0.31782676618642597,0.0513595166163142,0.276006711409396,0.3253968253968254,0.15857712765957446
JayHyeon/Qwen_0.5-IRPO_3e-6-1ep_1alp_0lam,0.1756007393715342,0.32407568130532893,0.03700906344410876,0.25083892617449666,0.31613756613756616,0.16115359042553193
JayHyeon/Qwen_0.5-IRPO_3e-6-2ep_1alp_0lam,0.18299445471349354,0.3298038534976567,0.03474320241691843,0.2516778523489933,0.3333333333333333,0.15317486702127658
JayHyeon/Qwen_0.5-IRPO_3e-6-3ep_1alp_0lam,0.20702402957486138,0.33466412081235897,0.0513595166163142,0.25419463087248323,0.3373015873015873,0.15608377659574468
JayHyeon/Qwen_0.5-IRPO_3e-7-1ep_1alp_0lam,0.20517560073937152,0.3219927095990279,0.05362537764350453,0.27181208053691275,0.3187830687830688,0.1589095744680851
JayHyeon/Qwen_0.5-IRPO_3e-7-3ep_1alp_0lam,0.2088724584103512,0.3235549383787537,0.04758308157099698,0.2701342281879195,0.3201058201058201,0.15866023936170212
JayHyeon/Qwen_0.5-IRPO_5e-7-1ep_1alp_0lam,0.1977818853974122,0.31973615691720186,0.05740181268882175,0.27348993288590606,0.31613756613756616,0.1584940159574468
JayHyeon/Qwen_0.5-IRPO_5e-7-2ep_1alp_0lam,0.1866913123844732,0.32477000520742927,0.061933534743202415,0.2726510067114094,0.3187830687830688,0.15541888297872342
JayHyeon/Qwen_0.5-IRPO_5e-7-3ep_1alp_0lam,0.18853974121996303,0.32268703350112826,0.052870090634441085,0.27181208053691275,0.31746031746031744,0.15633311170212766
JayHyeon/Qwen_0.5-MDPO_0.1_3e-6-3ep_0alp_0lam,0.1977818853974122,0.32424926228085404,0.04984894259818731,0.28187919463087246,0.3373015873015873,0.15217752659574468
JayHyeon/Qwen_0.5-MDPO_0.1_5e-7-3ep_0alp_0lam,0.19038817005545286,0.31609095643117513,0.03474320241691843,0.2634228187919463,0.3306878306878307,0.15658244680851063
JayHyeon/Qwen_0.5-MDPO_0.3_3e-6-3ep_0alp_0lam,0.1922365988909427,0.31973615691720186,0.05060422960725076,0.2802013422818792,0.3373015873015873,0.1544215425531915
JayHyeon/Qwen_0.5-MDPO_0.3_5e-7-3ep_0alp_0lam,0.18299445471349354,0.31713244228432563,0.04003021148036254,0.2701342281879195,0.32936507936507936,0.15799534574468085
JayHyeon/Qwen_0.5-MDPO_0.5_1e-5-3ep_0alp_0lam,0.17375231053604437,0.32181912862350287,0.03927492447129909,0.27432885906040266,0.335978835978836,0.15425531914893617
JayHyeon/Qwen_0.5-MDPO_0.5_3e-7-1ep_0alp_0lam,0.18853974121996303,0.3159173754556501,0.04229607250755287,0.2625838926174497,0.328042328042328,0.15799534574468085
JayHyeon/Qwen_0.5-MDPO_0.5_3e-7-2ep_0alp_0lam,0.19408502772643252,0.318000347161951,0.04229607250755287,0.2701342281879195,0.3306878306878307,0.15708111702127658
JayHyeon/Qwen_0.5-MDPO_0.5_3e-7-3ep_0alp_0lam,0.19593345656192238,0.31817392813747614,0.04229607250755287,0.2634228187919463,0.3253968253968254,0.15508643617021275
JayHyeon/Qwen_0.5-MDPO_0.5_4e-6-3ep_0alp_0lam,0.19593345656192238,0.32303419545217843,0.04758308157099698,0.2751677852348993,0.3412698412698413,0.15392287234042554
JayHyeon/Qwen_0.5-MDPO_0.5_6e-6-3ep_0alp_0lam,0.17375231053604437,0.32511716715847944,0.03851963746223565,0.27097315436241615,0.3386243386243386,0.15367353723404256
JayHyeon/Qwen_0.5-MDPO_0.5_7e-6-3ep_0alp_0lam,0.1977818853974122,0.3265058149626801,0.04607250755287009,0.27181208053691275,0.3333333333333333,0.15309175531914893
JayHyeon/Qwen_0.5-MDPO_0.5_7e-7-3ep_0alp_0lam,0.1977818853974122,0.3105363652143725,0.0445619335347432,0.2709731543624161,0.328042328042328,0.15641622340425532
JayHyeon/Qwen_0.5-MDPO_0.7_3e-6-3ep_0alp_0lam,0.1922365988909427,0.32008331886825203,0.04380664652567976,0.2751677852348993,0.3306878306878307,0.15383976063829788
JayHyeon/Qwen_0.5-MDPO_0.7_5e-7-3ep_0alp_0lam,0.19038817005545286,0.31609095643117513,0.03851963746223565,0.26677852348993286,0.32671957671957674,0.15724734042553193
JayHyeon/Qwen_0.5-MDPO_0.9_5e-7-3ep_0alp_0lam,0.21072088724584104,0.31574379448012496,0.04758308157099698,0.26593959731543626,0.32275132275132273,0.15741356382978725
JayHyeon/Qwen_0.5-VDPO_3e-6-1ep_3vpo_const,0.18484288354898337,0.3150494705780246,0.0377643504531722,0.25419463087248323,0.33201058201058203,0.1558344414893617
JayHyeon/Qwen_0.5-VDPO_5e-7-1ep_0alp_0lam,0.1977818853974122,0.32008331886825203,0.052870090634441085,0.27181208053691275,0.32275132275132273,0.15949135638297873
JayHyeon/Qwen_0.5-VDPO_5e-7-1ep_10vpo_const,0.20147874306839186,0.3219927095990279,0.04909365558912387,0.276006711409396,0.32275132275132273,0.15965757978723405
JayHyeon/Qwen_0.5-VDPO_5e-7-1ep_1vpo_const,0.1922365988909427,0.32216629057455304,0.06042296072507553,0.2751677852348993,0.32407407407407407,0.15866023936170212
JayHyeon/Qwen_0.5-VDPO_5e-7-1ep_3vpo_const,0.19038817005545286,0.32112480472140253,0.04682779456193353,0.2709731543624161,0.3201058201058201,0.1589095744680851
JayHyeon/Qwen_0.5-VDPO_5e-7-3ep_0alp_0lam,0.1922365988909427,0.3239021003298039,0.04984894259818731,0.2751677852348993,0.3201058201058201,0.15866023936170212
JayHyeon/Qwen_0.5-VDPO_5e-7-3ep_1vpo_const,0.18114602587800369,0.32407568130532893,0.0581570996978852,0.2726510067114094,0.32671957671957674,0.15625
JayHyeon/Qwen_0.5-VDPO_5e-7-3ep_3vpo_const,0.19963031423290203,0.32181912862350287,0.05362537764350453,0.2785234899328859,0.32275132275132273,0.15799534574468085
JayHyeon/Qwen_0.5-VIPO_5e-7-1ep_0alp_0lam,0.20517560073937152,0.3292831105710814,0.07099697885196375,0.2676174496644295,0.31613756613756616,0.16339760638297873
JayHyeon/Qwen_0.5-VIPO_5e-7-1ep_10vpo_const,0.21072088724584104,0.3282416247179309,0.07401812688821752,0.2751677852348993,0.3201058201058201,0.1634807180851064
JayHyeon/Qwen_0.5-VIPO_5e-7-1ep_1vpo_const,0.1866913123844732,0.32910952959555634,0.06797583081570997,0.26426174496644295,0.3201058201058201,0.16489361702127658
JayHyeon/Qwen_0.5-VIPO_5e-7-1ep_30vpo_const,0.19593345656192238,0.32667939593820516,0.07401812688821752,0.26929530201342283,0.32142857142857145,0.16339760638297873
JayHyeon/Qwen_0.5-VIPO_5e-7-1ep_3vpo_const,0.20517560073937152,0.32806804374240583,0.0649546827794562,0.2701342281879195,0.31613756613756616,0.1651429521276596
JayHyeon/Qwen_0.5-VIPO_5e-7-3ep_0alp_0lam,0.23475046210720887,0.319909737892727,0.06268882175226587,0.2684563758389262,0.31084656084656087,0.1590757978723404
JayHyeon/Qwen_0.5-VIPO_5e-7-3ep_10vpo_const,0.22735674676524953,0.3235549383787537,0.07250755287009064,0.2751677852348993,0.30952380952380953,0.15816156914893617
JayHyeon/Qwen_0.5-VIPO_5e-7-3ep_1vpo_const,0.22735674676524953,0.32181912862350287,0.07477341389728097,0.2802013422818792,0.3134920634920635,0.16090425531914893
JayHyeon/Qwen_0.5-VIPO_5e-7-3ep_30vpo_const,0.22735674676524953,0.3233813574032286,0.0770392749244713,0.27348993288590606,0.31216931216931215,0.15741356382978725
JayHyeon/Qwen_0.5-VIPO_5e-7-3ep_3vpo_const,0.22365988909426987,0.3219927095990279,0.0702416918429003,0.27348993288590606,0.3082010582010582,0.15915890957446807
JayHyeon/Qwen_0.5-cDPO_5e-7-3ep_0vpo_const_0.1,0.18114602587800369,0.32268703350112826,0.0513595166163142,0.27768456375838924,0.32142857142857145,0.1573304521276596
JayHyeon/Qwen_0.5-cDPO_5e-7-3ep_0vpo_const_0.3,0.19038817005545286,0.31921541399062664,0.04607250755287009,0.28104026845637586,0.32671957671957674,0.1566655585106383
JayHyeon/Qwen_0.5-rDPO_3e-6-1ep_0vpo_const_0.1,0.1645101663585952,0.32581149106057977,0.04758308157099698,0.2575503355704698,0.30158730158730157,0.14960106382978725
JayHyeon/Qwen_0.5-rDPO_5e-7-3ep_0vpo_const_0.1,0.1977818853974122,0.32372851935427877,0.052870090634441085,0.2709731543624161,0.31746031746031744,0.16090425531914893
JayHyeon/Qwen_0.5-rDPO_5e-7-3ep_0vpo_const_0.3,0.2144177449168207,0.32303419545217843,0.04607250755287009,0.25083892617449666,0.3082010582010582,0.15965757978723405
Jimmy19991222/Llama-3-Instruct-8B-SimPO-v0.2,0.5970425138632163,0.49696233292831105,0.061933534743202415,0.3145973154362416,0.4007936507936508,0.3686003989361702
Jimmy19991222/llama-3-8b-instruct-gapo-v2-bert-f1-beta10-gamma0.3-lr1.0e-6-1minus-rerun,0.6192236598890942,0.486373893421281,0.06042296072507553,0.29446308724832215,0.40343915343915343,0.36336436170212766
Jimmy19991222/llama-3-8b-instruct-gapo-v2-bert_f1-beta10-gamma0.3-lr1.0e-6-scale-log,0.5988909426987061,0.4924492275646589,0.054380664652567974,0.30453020134228187,0.3994708994708995,0.3657746010638298
Jimmy19991222/llama-3-8b-instruct-gapo-v2-bert_p-beta10-gamma0.3-lr1.0e-6-scale-log,0.5711645101663586,0.49019267488283286,0.0649546827794562,0.2860738255033557,0.39285714285714285,0.3611203457446808
Jimmy19991222/llama-3-8b-instruct-gapo-v2-bleu-beta0.1-no-length-scale-gamma0.4,0.5674676524953789,0.4966151709772609,0.0513595166163142,0.29278523489932884,0.4007936507936508,0.3544714095744681
Jimmy19991222/llama-3-8b-instruct-gapo-v2-rouge2-beta10-1minus-gamma0.3-rerun,0.6136783733826248,0.49314355146675926,0.06117824773413897,0.3062080536912752,0.39814814814814814,0.3657746010638298
Jimmy19991222/llama-3-8b-instruct-gapo-v2-rouge2-beta10-gamma0.3-lr1.0e-6-scale-log,0.609981515711645,0.4907134178094081,0.06570996978851963,0.3036912751677852,0.3994708994708995,0.3664394946808511
Jimmy19991222/llama-3-8b-instruct-gapo-v2-rougeL-beta10-gamma0.3-lr1.0e-6-scale-log,0.5933456561922366,0.4938378753688596,0.06419939577039276,0.30201342281879195,0.3955026455026455,0.37109375
Joseph717171/Hermes-3-Llama-3.1-8B_TIES_with_Base_Embeds_Initialized_to_Special_Instruct_Toks_dtypeF32,0.5656192236598891,0.5164034021871203,0.0513595166163142,0.2827181208053691,0.4365079365079365,0.31441156914893614
Joseph717171/Llama-3.1-SuperNova-8B-Lite_TIES_with_Base,0.7763401109057301,0.5110223919458428,0.18353474320241692,0.30956375838926176,0.41005291005291006,0.38804853723404253
Josephgflowers/Cinder-Phi-2-V1-F16-gguf,0.18114602587800369,0.4372504773476827,0.02416918429003021,0.28187919463087246,0.3425925925925926,0.2160904255319149
Josephgflowers/Differential-Attention-Liquid-Metal-Tinyllama,0.1756007393715342,0.2891859052247874,0.0324773413897281,0.25083892617449666,0.33465608465608465,0.12142619680851063
Josephgflowers/TinyLlama-Cinder-Agent-v1,0.21256931608133087,0.30932129838569694,0.03474320241691843,0.24412751677852348,0.3386243386243386,0.11610704787234043
Josephgflowers/TinyLlama-v1.1-Cinders-World,0.19408502772643252,0.29647630619684084,0.03474320241691843,0.24412751677852348,0.33465608465608465,0.11984707446808511
Josephgflowers/TinyLlama_v1.1_math_code-world-test-1,0.0036968576709796672,0.31209859399409823,0.019637462235649546,0.23406040268456377,0.3492063492063492,0.11319813829787234
Josephgflowers/Tinyllama-STEM-Cinder-Agent-v1,0.1589648798521257,0.30498177399756987,0.06722054380664652,0.2348993288590604,0.3333333333333333,0.10862699468085106
Josephgflowers/Tinyllama-r1,0.15526802218114602,0.2982121159520916,0.0324773413897281,0.25671140939597314,0.3306878306878307,0.11344747340425532
JungZoona/T3Q-Qwen2.5-14B-Instruct-1M-e3,0.6950092421441775,0.7576809581669849,0.2862537764350453,0.41694630872483224,0.58994708994709,0.5884308510638298
JungZoona/T3Q-qwen2.5-14b-v1.0-e3,0.6950092421441775,0.7576809581669849,0.2862537764350453,0.41694630872483224,0.58994708994709,0.5884308510638298
Junhoee/Qwen-Megumin,0.6728280961182994,0.5259503558409998,0.4901812688821752,0.2961409395973154,0.3968253968253968,0.41988031914893614
KSU-HW-SEC/Llama3-70b-SVA-FT-1415,0.5693160813308688,0.6646415552855407,0.21978851963746224,0.375,0.455026455026455,0.5242686170212766
KSU-HW-SEC/Llama3-70b-SVA-FT-500,0.5711645101663586,0.6684603367470925,0.21374622356495468,0.3808724832214765,0.4497354497354497,0.522689494680851
KSU-HW-SEC/Llama3-70b-SVA-FT-final,0.5674676524953789,0.6646415552855407,0.21978851963746224,0.375,0.455026455026455,0.5242686170212766
KSU-HW-SEC/Llama3.1-70b-SVA-FT-1000step,0.6802218114602587,0.6891164728345773,0.32099697885196377,0.3959731543624161,0.4576719576719577,0.5251828457446809
Khetterman/DarkAtom-12B-v3,0.5656192236598891,0.5120638777989932,0.11102719033232629,0.2978187919463087,0.44576719576719576,0.3546376329787234
Khetterman/Kosmos-8B-v1,0.3438077634011091,0.5216108314528728,0.09894259818731117,0.2986577181208054,0.3915343915343915,0.366938164893617
Kimargin/GPT-NEO-1.3B-wiki,0.12754158964879853,0.29890643985419196,0.014350453172205438,0.24496644295302014,0.38756613756613756,0.10987367021276596
KingNish/Qwen2.5-0.5b-Test-ft,0.19963031423290203,0.32112480472140253,0.035498489425981876,0.2634228187919463,0.3412698412698413,0.16888297872340424
KingNish/Reasoning-0.5b,0.16266173752310537,0.33310189203263324,0.02190332326283988,0.2676174496644295,0.3505291005291005,0.16414561170212766
KingNish/Reasoning-Llama-3b-v0.1,0.5674676524953789,0.4332581149106058,0.1299093655589124,0.25922818791946306,0.31613756613756616,0.3029421542553192
KingNish/qwen-1b-continued-v2.1,0.06469500924214418,0.3006422496094428,0.00906344410876133,0.2676174496644295,0.414021164021164,0.1278257978723404
KingNish/qwen-1b-continued-v2.2,0.09426987060998152,0.30133657351154314,0.015105740181268883,0.25671140939597314,0.3505291005291005,0.1262466755319149
KingNish/qwen-1b-continued-v2,0.10351201478743069,0.3075854886304461,0.010574018126888218,0.25,0.3386243386243386,0.11926529255319149
KingNish/qwen-1b-continued,0.07948243992606285,0.29543482034369034,0.00906344410876133,0.2676174496644295,0.38492063492063494,0.1260804521276596
Kquant03/CognitiveFusion2-4x7B-BF16,0.3068391866913124,0.40878319736156915,0.05740181268882175,0.2860738255033557,0.414021164021164,0.27925531914893614
Kquant03/L3-Pneuma-8B,0.17744916820702403,0.49401145634438465,0.05060422960725076,0.3070469798657718,0.4166666666666667,0.31840093085106386
Krystalan/DRT-o1-14B,0.33271719038817005,0.6356535323728519,0.4826283987915408,0.3523489932885906,0.47883597883597884,0.5178690159574468
Krystalan/DRT-o1-7B,0.32162661737523107,0.5455650060753341,0.4478851963746224,0.3213087248322148,0.5079365079365079,0.41514295212765956
Kukedlc/NeuralExperiment-7b-MagicCoder-v7.5,0.39371534195933455,0.39697969102586356,0.06646525679758308,0.2961409395973154,0.42724867724867727,0.2824135638297872
Kukedlc/NeuralLLaMa-3-8b-DT-v0.1,0.36229205175600737,0.49713591390383616,0.08081570996978851,0.3028523489932886,0.4060846560846561,0.379155585106383
Kukedlc/NeuralLLaMa-3-8b-ORPO-v0.3,0.4676524953789279,0.45356708904704046,0.04833836858006042,0.23909395973154363,0.36904761904761907,0.3056848404255319
Kukedlc/NeuralSynthesis-7B-v0.1,0.35489833641404805,0.5120638777989932,0.0634441087613293,0.28104026845637586,0.43253968253968256,0.304936835106383
Kukedlc/NeuralSynthesis-7B-v0.3,0.3456561922365989,0.5113695538968929,0.07779456193353475,0.2802013422818792,0.43386243386243384,0.30501994680851063
Kukedlc/NeuralSynthesis-7b-v0.4-slerp,0.3290203327171904,0.5120638777989932,0.06268882175226587,0.27768456375838924,0.43253968253968256,0.3042719414893617
Kukedlc/Qwen-2.5-7b-Spanish-o1-CoT,0.3456561922365989,0.5591043221662906,0.2726586102719033,0.32046979865771813,0.4775132275132275,0.4363364361702128
Kumar955/Hemanth-llm,0.4454713493530499,0.5195278597465718,0.0702416918429003,0.2827181208053691,0.44841269841269843,0.3112533244680851
L-RAGE/3_PRYMMAL-ECE-7B-SLERP-V1,0.19593345656192238,0.4185037319909738,0.10800604229607251,0.28187919463087246,0.3835978835978836,0.29247007978723405
LEESM/llama-2-7b-hf-lora-oki100p,0.18484288354898337,0.3471619510501649,0.01661631419939577,0.26929530201342283,0.36772486772486773,0.18558843085106383
LEESM/llama-2-7b-hf-lora-oki10p,0.16266173752310537,0.35098073251171674,0.01661631419939577,0.25419463087248323,0.34656084656084657,0.16788563829787234
LEESM/llama-3-8b-bnb-4b-kowiki231101,0.11275415896487985,0.41173407394549555,0.013595166163141994,0.2709731543624161,0.3544973544973545,0.24251994680851063
LEESM/llama-3-Korean-Bllossom-8B-trexlab-oki10p,0.15526802218114602,0.4313487241798299,0.04682779456193353,0.2751677852348993,0.3862433862433862,0.3176529255319149
LGAI-EXAONE/EXAONE-3.0-7.8B-Instruct,0.678373382624769,0.41433778857837184,0.30438066465256797,0.26593959731543626,0.36507936507936506,0.35771276595744683
LGAI-EXAONE/EXAONE-3.5-2.4B-Instruct,0.7615526802218114,0.4072209685818434,0.3678247734138973,0.26593959731543626,0.36507936507936506,0.32804188829787234
LGAI-EXAONE/EXAONE-3.5-32B-Instruct,0.8114602587800369,0.5735115431348724,0.5128398791540786,0.287751677852349,0.37962962962962965,0.4636801861702128
LGAI-EXAONE/EXAONE-3.5-7.8B-Instruct,0.7818853974121996,0.4730081583058497,0.47507552870090636,0.2575503355704698,0.376984126984127,0.4133144946808511
LLM360/K2-Chat,0.4584103512014787,0.5337614997396285,0.10347432024169184,0.3062080536912752,0.45634920634920634,0.3371010638297872
LLM360/K2,0.16266173752310537,0.49592084707516054,0.027190332326283987,0.27684563758389263,0.3968253968253968,0.30044880319148937
LLM4Binary/llm4decompile-1.3b-v2,0.16820702402957485,0.32424926228085404,0.01283987915407855,0.23573825503355705,0.4060846560846561,0.12092752659574468
Lambent/qwen2.5-reinstruct-alternate-lumen-14B,0.4048059149722736,0.6438118382225309,0.4622356495468278,0.3766778523489933,0.47619047619047616,0.538813164893617
Langboat/Mengzi3-8B-Chat,0.4584103512014787,0.4657177573337962,0.09063444108761329,0.27432885906040266,0.4074074074074074,0.31416223404255317
Lawnakk/BBA100,0.14417744916820702,0.2789446276688075,0.009818731117824773,0.24412751677852348,0.4007936507936508,0.11220079787234043
Lawnakk/BBALAW1.0,0.08317929759704251,0.27946537059538273,0.0,0.2558724832214765,0.35185185185185186,0.11278257978723404
Lawnakk/BBALAW1.2,0.08502772643253234,0.277903141815657,0.0,0.26426174496644295,0.35714285714285715,0.11053856382978723
Lawnakk/BBALAW1.3,0.08502772643253234,0.2792917896198577,0.0,0.2609060402684564,0.3611111111111111,0.109375
Lawnakk/BBALAW1.6,0.46395563770794823,0.5530289880229127,0.36027190332326287,0.3238255033557047,0.4365079365079365,0.45071476063829785
Lawnakk/BBALAW1.61,0.5175600739371534,0.5523346641208123,0.36631419939577037,0.31711409395973156,0.4351851851851852,0.4470578457446808
Lawnakk/BBALAW1.62,0.45286506469500926,0.5544176358271133,0.2824773413897281,0.3196308724832215,0.43386243386243384,0.45445478723404253
Lawnakk/BBALAW1.63,0.36229205175600737,0.551466759243187,0.37009063444108764,0.31208053691275167,0.4298941798941799,0.4470578457446808
Lawnakk/BBALAW1.64,0.09426987060998152,0.27269571254990455,0.0,0.2483221476510067,0.3439153439153439,0.11153590425531915
Lawnakk/BBALAW1,0.1256931608133087,0.2838048949835098,0.009818731117824773,0.24328859060402686,0.414021164021164,0.11211768617021277
LenguajeNaturalAI/leniachat-gemma-2b-v0,0.1589648798521257,0.30428745009546954,0.011329305135951661,0.26593959731543626,0.36507936507936506,0.11702127659574468
LenguajeNaturalAI/leniachat-qwen2-1.5B-v0,0.15526802218114602,0.3666030203089741,0.01283987915407855,0.26174496644295303,0.37433862433862436,0.18799867021276595
LeroyDyer/CheckPoint_A,0.38817005545286504,0.4726609963547995,0.05891238670694864,0.2835570469798658,0.421957671957672,0.28798204787234044
LeroyDyer/CheckPoint_B,0.3807763401109057,0.475785453914251,0.07175226586102719,0.2902684563758389,0.3888888888888889,0.29072473404255317
LeroyDyer/CheckPoint_C,0.28650646950092423,0.4556500607533414,0.05513595166163142,0.2709731543624161,0.43386243386243384,0.30211103723404253
LeroyDyer/CheckPoint_R1,0.12014787430683918,0.41989237979517446,0.04305135951661632,0.27432885906040266,0.4021164021164021,0.22049534574468085
LeroyDyer/LCARS_AI_001,0.2513863216266174,0.4235375802812012,0.023413897280966767,0.2634228187919463,0.43783068783068785,0.2670378989361702
LeroyDyer/LCARS_AI_1x4_003_SuperAI,0.3438077634011091,0.4893247700052074,0.05740181268882175,0.2827181208053691,0.4497354497354497,0.29720744680851063
LeroyDyer/LCARS_AI_StarTrek_Computer,0.2920517560073937,0.44159000173580976,0.04078549848942598,0.2676174496644295,0.3941798941798942,0.24584441489361702
LeroyDyer/LCARS_TOP_SCORE,0.3789279112754159,0.5105016490192675,0.06722054380664652,0.2860738255033557,0.42857142857142855,0.3031083776595745
LeroyDyer/Mixtral_AI_SwahiliTron_7b,0.10536044362292052,0.3015101544870682,0.013595166163141994,0.2651006711409396,0.3412698412698413,0.12076130319148937
LeroyDyer/SpydazWebAI_Human_AGI,0.2735674676524954,0.3337962159347336,0.014350453172205438,0.2827181208053691,0.3955026455026455,0.1478557180851064
LeroyDyer/SpydazWebAI_Human_AGI_001,0.24953789279112754,0.34108661690678704,0.019637462235649546,0.2986577181208054,0.39814814814814814,0.14261968085106383
LeroyDyer/SpydazWeb_AI_CyberTron_Ultra_7b,0.11090573012939002,0.4785627495226523,0.013595166163141994,0.29278523489932884,0.4126984126984127,0.2865691489361702
LeroyDyer/SpydazWeb_AI_HumanAGI_001_M2,0.33826247689463956,0.4868946363478563,0.03851963746223565,0.28942953020134227,0.4497354497354497,0.300531914893617
LeroyDyer/SpydazWeb_AI_HumanAGI_002,0.34750462107208874,0.5021697621940635,0.06646525679758308,0.28691275167785235,0.48544973544973546,0.3058510638297872
LeroyDyer/SpydazWeb_AI_HumanAI_001,0.1589648798521257,0.33258114910605796,0.01661631419939577,0.28859060402684567,0.38492063492063494,0.1270777925531915
LeroyDyer/SpydazWeb_AI_HumanAI_006,0.09057301293900184,0.32667939593820516,0.010574018126888218,0.2802013422818792,0.3558201058201058,0.11353058510638298
LeroyDyer/SpydazWeb_AI_HumanAI_007,0.2698706099815157,0.33952438812706126,0.022658610271903322,0.28859060402684567,0.4087301587301587,0.13522273936170212
LeroyDyer/SpydazWeb_AI_HumanAI_009_CHAT,0.24214417744916822,0.3289359486200312,0.01661631419939577,0.28104026845637586,0.4126984126984127,0.1432845744680851
LeroyDyer/SpydazWeb_AI_HumanAI_010_CHAT,0.18484288354898337,0.33153966325290746,0.01812688821752266,0.25922818791946306,0.4126984126984127,0.14303523936170212
LeroyDyer/SpydazWeb_AI_HumanAI_011_INSTRUCT,0.2532347504621072,0.35132789446276685,0.014350453172205438,0.27936241610738255,0.38227513227513227,0.15949135638297873
LeroyDyer/SpydazWeb_AI_HumanAI_011_INSTRUCT_ML,0.3068391866913124,0.39697969102586356,0.0256797583081571,0.29278523489932884,0.42328042328042326,0.2018783244680851
LeroyDyer/SpydazWeb_AI_HumanAI_011_INSTRUCT_ML_r1,0.33271719038817005,0.4835965978128797,0.05513595166163142,0.29278523489932884,0.3915343915343915,0.2956283244680851
LeroyDyer/SpydazWeb_AI_HumanAI_012_INSTRUCT_IA,0.24399260628465805,0.45391425099809063,0.0445619335347432,0.29949664429530204,0.4246031746031746,0.23179853723404256
LeroyDyer/SpydazWeb_AI_HumanAI_012_INSTRUCT_MX,0.24029574861367836,0.3124457559451484,0.015105740181268883,0.2911073825503356,0.3439153439153439,0.11070478723404255
LeroyDyer/SpydazWeb_AI_HumanAI_012_INSTRUCT_XA,0.30868761552680224,0.44471445929526127,0.04003021148036254,0.31291946308724833,0.414021164021164,0.2388630319148936
LeroyDyer/SpydazWeb_AI_HumanAI_RP,0.19408502772643252,0.3311925013018573,0.01283987915407855,0.2751677852348993,0.38756613756613756,0.1323969414893617
LeroyDyer/SpydazWeb_AI_HumanAI_TextVision,0.23844731977818853,0.3318868252039576,0.014350453172205438,0.29194630872483224,0.39285714285714285,0.13871343085106383
LeroyDyer/SpydazWeb_HumanAI_M1,0.28835489833641403,0.3541051900711682,0.024924471299093656,0.2676174496644295,0.3664021164021164,0.1663065159574468
LeroyDyer/SpydazWeb_HumanAI_M2,0.3123844731977819,0.39125151883353587,0.028700906344410877,0.27936241610738255,0.37433862433862436,0.2010472074468085
LeroyDyer/SpydazWeb_HumanAI_M3,0.10351201478743069,0.30914771741017183,0.00906344410876133,0.2709731543624161,0.39021164021164023,0.11486037234042554
LeroyDyer/_Spydaz_Web_AI_12,0.2088724584103512,0.31279291789619856,0.013595166163141994,0.2684563758389262,0.35714285714285715,0.11369680851063829
LeroyDyer/_Spydaz_Web_AI_14,0.12014787430683918,0.296823468147891,0.012084592145015106,0.26593959731543626,0.3386243386243386,0.11394614361702128
LeroyDyer/_Spydaz_Web_AI_AGI_R1_001,0.3974121996303142,0.4596424231904183,0.0634441087613293,0.2676174496644295,0.4246031746031746,0.2734375
LeroyDyer/_Spydaz_Web_AI_AGI_R1_002,0.47504621072088726,0.46641208123589656,0.0581570996978852,0.2684563758389262,0.4246031746031746,0.28939494680851063
LeroyDyer/_Spydaz_Web_AI_AGI_R1_MUSR,0.41404805914972276,0.46484985245617083,0.06042296072507553,0.28439597315436244,0.48544973544973546,0.2828291223404255
LeroyDyer/_Spydaz_Web_AI_AGI_R1_MasterCoder,0.35489833641404805,0.46780072904009723,0.06117824773413897,0.276006711409396,0.4708994708994709,0.27194148936170215
LeroyDyer/_Spydaz_Web_AI_AGI_R1_Math_001,0.4011090573012939,0.4823815309842041,0.06948640483383686,0.27684563758389263,0.47619047619047616,0.2681183510638298
LeroyDyer/_Spydaz_Web_AI_AGI_R1_Math_003,0.5637707948243993,0.47318173928137475,0.06948640483383686,0.28104026845637586,0.4193121693121693,0.29986702127659576
LeroyDyer/_Spydaz_Web_AI_AGI_R1_Math_AdvancedStudent,0.5378927911275416,0.4917549036625586,0.054380664652567974,0.29194630872483224,0.5185185185185185,0.2999501329787234
LeroyDyer/_Spydaz_Web_AI_AGI_R1_Math_Student,0.5212569316081331,0.4879361222010068,0.0513595166163142,0.2902684563758389,0.5079365079365079,0.292719414893617
LeroyDyer/_Spydaz_Web_AI_AGI_R1_Math_Teacher,0.5249537892791127,0.4794306544002777,0.054380664652567974,0.2860738255033557,0.5211640211640212,0.2956283244680851
LeroyDyer/_Spydaz_Web_AI_AGI_R1_OmG_001,0.5304990757855823,0.4888040270786322,0.05060422960725076,0.30033557046979864,0.4470899470899471,0.29055851063829785
LeroyDyer/_Spydaz_Web_AI_AGI_R1_OmG_002,0.4879852125693161,0.46432910952959555,0.04984894259818731,0.2785234899328859,0.4497354497354497,0.28665226063829785
LeroyDyer/_Spydaz_Web_AI_AGI_R1_OmG_Coder,0.4343807763401109,0.4612046519701441,0.054380664652567974,0.27348993288590606,0.5608465608465608,0.28897938829787234
LeroyDyer/_Spydaz_Web_AI_AGI_R1_OmG_Math,0.4454713493530499,0.46727998611352195,0.04758308157099698,0.2827181208053691,0.4312169312169312,0.29130651595744683
LeroyDyer/_Spydaz_Web_AI_AGI_R1_OmG_MathMaster,0.4953789279112754,0.4738760631834751,0.05362537764350453,0.287751677852349,0.4497354497354497,0.2672041223404255
LeroyDyer/_Spydaz_Web_AI_AGI_R1_Student_Coder,0.4879852125693161,0.4636347856274952,0.06570996978851963,0.28439597315436244,0.43783068783068785,0.27684507978723405
LeroyDyer/_Spydaz_Web_AI_AGI_R1_Teacher_Coder,0.4491682070240296,0.47769484464502693,0.0649546827794562,0.2911073825503356,0.43253968253968256,0.28449135638297873
LeroyDyer/_Spydaz_Web_AI_AGI_R1_Top_Student,0.5508317929759704,0.4966151709772609,0.07250755287009064,0.2726510067114094,0.5383597883597884,0.30244348404255317
LeroyDyer/_Spydaz_Web_AI_AGI_R1_X1,0.3678373382624769,0.4740496441590002,0.05664652567975831,0.2600671140939597,0.421957671957672,0.2890625
LeroyDyer/_Spydaz_Web_AI_AGI_R1_X2,0.4824399260628466,0.47630619684082626,0.06117824773413897,0.2978187919463087,0.46825396825396826,0.29205452127659576
LeroyDyer/_Spydaz_Web_AI_AGI_RP_R1,0.49168207024029575,0.4681478909911474,0.06042296072507553,0.26929530201342283,0.4193121693121693,0.28939494680851063
LeroyDyer/_Spydaz_Web_AI_BIBLE_002,0.16081330868761554,0.32581149106057977,0.017371601208459216,0.28439597315436244,0.33994708994708994,0.13680186170212766
LeroyDyer/_Spydaz_Web_AI_ChatML_002,0.17190388170055454,0.3075854886304461,0.011329305135951661,0.2575503355704698,0.3611111111111111,0.10945811170212766
LeroyDyer/_Spydaz_Web_AI_ChatQA,0.10905730129390019,0.319909737892727,0.009818731117824773,0.26593959731543626,0.3439153439153439,0.14752327127659576
LeroyDyer/_Spydaz_Web_AI_ChatQA_003,0.15526802218114602,0.3134872417982989,0.010574018126888218,0.2709731543624161,0.38095238095238093,0.11328125
LeroyDyer/_Spydaz_Web_AI_TEMP_,0.41589648798521256,0.4962680090262107,0.12386706948640483,0.27936241610738255,0.42063492063492064,0.3120844414893617
LeroyDyer/_Spydaz_Web_AI_Top_Teacher_,0.3807763401109057,0.48828328415205696,0.11555891238670694,0.27768456375838924,0.4351851851851852,0.3149933510638298
LightningRodLabs/Flashlight-v1.0,0.6284658040665434,0.6852976913730255,0.49697885196374625,0.3422818791946309,0.4087301587301587,0.5402260638297872
LightningRodLabs/Flashlight-v1.1,0.6247689463955638,0.6880749869814269,0.5324773413897281,0.33976510067114096,0.40343915343915343,0.5415558510638298
LightningRodLabs/Flashlight-v1.2,0.3659889094269871,0.3225134525256032,0.1555891238670695,0.23573825503355705,0.4537037037037037,0.24850398936170212
Lil-R/2_PRYMMAL-ECE-2B-SLERP-V1,0.5268022181146026,0.42770352369380316,0.09138972809667674,0.3062080536912752,0.4365079365079365,0.2677859042553192
Lil-R/2_PRYMMAL-ECE-2B-SLERP-V2,0.4898336414048059,0.435861829543482,0.09441087613293052,0.2978187919463087,0.4470899470899471,0.2744348404255319
Lil-R/2_PRYMMAL-ECE-7B-SLERP-V1,0.06839186691312385,0.30237805936469364,0.0007552870090634441,0.25083892617449666,0.39021164021164023,0.11236702127659574
Lil-R/2_PRYMMAL-ECE-7B-SLERP-V2,0.06839186691312385,0.30237805936469364,0.0007552870090634441,0.25083892617449666,0.39021164021164023,0.11236702127659574
Lil-R/2_PRYMMAL-ECE-7B-SLERP-V3,0.16635859519408502,0.3542787710466933,0.006042296072507553,0.25671140939597314,0.41005291005291006,0.18168218085106383
Lil-R/2_PRYMMAL-ECE-7B-SLERP,0.5027726432532348,0.848,0.3632930513595166,0.3434343434343434,0.544,0.45071476063829785
Lil-R/PRYMMAL-ECE-1B-SLERP-V1,0.2199630314232902,0.41485853150494706,0.10347432024169184,0.276006711409396,0.3968253968253968,0.2925531914893617
Lil-R/PRYMMAL-ECE-7B-SLERP-V8,0.08502772643253234,0.29352542961291445,0.009818731117824773,0.25,0.36243386243386244,0.11278257978723404
LilRg/10PRYMMAL-3B-slerp,0.1589648798521257,0.5299427182780767,0.14954682779456194,0.3213087248322148,0.4523809523809524,0.3881316489361702
LilRg/ECE-1B-merge-PRYMMAL,0.19593345656192238,0.419024474917549,0.10120845921450151,0.28104026845637586,0.37962962962962965,0.2906416223404255
LilRg/ECE_Finetunning,0.03512014787430684,0.4709251865995487,0.045317220543806644,0.2827181208053691,0.3835978835978836,0.3191489361702128
LilRg/PRYMMAL-6B-slerp,0.08317929759704251,0.28501996181218536,0.0,0.24580536912751677,0.36904761904761907,0.1107878989361702
LilRg/PRYMMAL-ECE-7B-SLERP-V3,0.08317929759704251,0.2938725915639646,0.009818731117824773,0.25671140939597314,0.3664021164021164,0.11269946808510638
LilRg/PRYMMAL-ECE-7B-SLERP-V4,0.08317929759704251,0.2938725915639646,0.009818731117824773,0.25671140939597314,0.3664021164021164,0.11269946808510638
LilRg/PRYMMAL-ECE-7B-SLERP-V5,0.08317929759704251,0.2938725915639646,0.009818731117824773,0.25671140939597314,0.3664021164021164,0.11269946808510638
LilRg/PRYMMAL-ECE-7B-SLERP-V6,0.08317929759704251,0.2938725915639646,0.009818731117824773,0.25671140939597314,0.3664021164021164,0.11269946808510638
LilRg/PRYMMAL-ECE-7B-SLERP-V7,0.08317929759704251,0.2938725915639646,0.009818731117824773,0.25671140939597314,0.3664021164021164,0.11269946808510638
LilRg/PRYMMAL-slerp-Merge,0.25508317929759705,0.5348029855927791,0.16163141993957703,0.32046979865771813,0.46296296296296297,0.3863031914893617
LimYeri/CodeMind-Llama3-8B-unsloth_v2-merged,0.6506469500924215,0.4835965978128797,0.06646525679758308,0.2651006711409396,0.3306878306878307,0.3505651595744681
LimYeri/CodeMind-Llama3-8B-unsloth_v3-merged,0.6247689463955638,0.4893247700052074,0.06797583081570997,0.25838926174496646,0.33465608465608465,0.34956781914893614
LimYeri/CodeMind-Llama3-8B-unsloth_v4-one-DPO-merged,0.5970425138632163,0.4827286929352543,0.06797583081570997,0.2684563758389262,0.35978835978835977,0.3353557180851064
LimYeri/CodeMind-Llama3-8B-unsloth_v4-one-merged,0.2476894639556377,0.47127234855059885,0.05513595166163142,0.30956375838926176,0.4060846560846561,0.33527260638297873
LimYeri/CodeMind-Llama3.1-8B-unsloth-merged,0.6025878003696857,0.4686686339177226,0.10876132930513595,0.26426174496644295,0.37433862433862436,0.33402593085106386
LiteAI/Hare-1.1B-base-0.5v,0.3068391866913124,0.31192501301857317,0.017371601208459216,0.2651006711409396,0.4351851851851852,0.17270611702127658
LiteAI/Hare-1.1B-base,0.0,0.28831800034716193,0.0,0.25922818791946306,0.39814814814814814,0.109375
LiteAI/Hare1.0-Beta,0.28650646950092423,0.38517618469015796,0.027190332326283987,0.2550335570469799,0.4603174603174603,0.17511635638297873
Locutusque/CollectiveLM-Falcon-3-7B,0.3364140480591497,0.507203610484291,0.21827794561933533,0.32550335570469796,0.38756613756613756,0.35987367021276595
Locutusque/Hercules-6.0-Llama-3.1-8B,0.6173752310536045,0.4797778163513279,0.16691842900302115,0.26426174496644295,0.3611111111111111,0.3614527925531915
Locutusque/Hercules-6.1-Llama-3.1-8B,0.5526802218114603,0.46328762367644505,0.17598187311178248,0.2609060402684564,0.3544973544973545,0.36685505319148937
Locutusque/Llama-3-NeuralHercules-5.0-8B,0.39186691312384475,0.3888213851761847,0.04305135951661632,0.2684563758389262,0.38756613756613756,0.29330119680851063
Locutusque/Llama-3-Yggdrasil-2.0-8B,0.4805914972273567,0.47318173928137475,0.08308157099697885,0.2625838926174497,0.3968253968253968,0.316655585106383
Locutusque/TinyMistral-248M-v2.5,0.08502772643253234,0.3008158305849679,0.009818731117824773,0.25083892617449666,0.376984126984127,0.11353058510638298
Luni/StarDust-12b-v1,0.49353049907578556,0.5334143377885784,0.07628398791540786,0.276006711409396,0.4312169312169312,0.34117353723404253
Luni/StarDust-12b-v2,0.5046210720887245,0.5384481860788057,0.06873111782477341,0.2936241610738255,0.43253968253968256,0.3439162234042553
Lunzima/NQLSG-Qwen2.5-14B-MegaFusion-v3,0.6543438077634011,0.6467627148064572,0.4161631419939577,0.38171140939597314,0.4801587301587302,0.5393949468085106
Lunzima/NQLSG-Qwen2.5-14B-MegaFusion-v4,0.6487985212569316,0.639993056760979,0.3466767371601209,0.3716442953020134,0.47619047619047616,0.5251828457446809
Lunzima/NQLSG-Qwen2.5-14B-MegaFusion-v5,0.711645101663586,0.6446797431001562,0.43580060422960726,0.3624161073825503,0.44576719576719576,0.5140458776595744
Lunzima/NQLSG-Qwen2.5-14B-MegaFusion-v6-cpt,0.41589648798521256,0.6191633396979691,0.33157099697885195,0.37583892617449666,0.4933862433862434,0.5204454787234043
Lunzima/NQLSG-Qwen2.5-14B-MegaFusion-v6,0.6580406654343808,0.6446797431001562,0.3957703927492447,0.3775167785234899,0.47619047619047616,0.5392287234042553
Lunzima/NQLSG-Qwen2.5-14B-MegaFusion-v7-rebase,0.6451016635859519,0.6403402187120292,0.3406344410876133,0.375,0.4880952380952381,0.5276761968085106
Lunzima/NQLSG-Qwen2.5-14B-MegaFusion-v7,0.6321626617375231,0.6514494011456344,0.41012084592145015,0.37919463087248323,0.4828042328042328,0.5375664893617021
Lunzima/NQLSG-Qwen2.5-14B-MegaFusion-v8.5,0.5286506469500925,0.6429439333449054,0.36555891238670696,0.3800335570469799,0.47619047619047616,0.5290059840425532
Lunzima/NQLSG-Qwen2.5-14B-MegaFusion-v8.6,0.5268022181146026,0.6439854191980559,0.4070996978851964,0.38422818791946306,0.4947089947089947,0.5399767287234043
Lunzima/NQLSG-Qwen2.5-14B-MegaFusion-v8.7,0.756007393715342,0.6460683909043569,0.540785498489426,0.35151006711409394,0.4365079365079365,0.524185505319149
Lunzima/NQLSG-Qwen2.5-14B-MegaFusion-v8.8,0.6561922365988909,0.654747439680611,0.42371601208459214,0.37583892617449666,0.49074074074074076,0.5323304521276596
Lunzima/NQLSG-Qwen2.5-14B-MegaFusion-v8.9,0.7689463955637708,0.6458948099288317,0.5370090634441088,0.3296979865771812,0.4312169312169312,0.5199468085106383
Lunzima/NQLSG-Qwen2.5-14B-MegaFusion-v8,0.756007393715342,0.6394723138344037,0.5558912386706949,0.33557046979865773,0.43783068783068785,0.5206117021276596
Lunzima/NQLSG-Qwen2.5-14B-MegaFusion-v9-stock,0.5988909426987061,0.6554417635827113,0.41842900302114805,0.38422818791946306,0.48148148148148145,0.5412234042553191
Lunzima/NQLSG-Qwen2.5-14B-MegaFusion-v9.1,0.7707948243992606,0.6531852109008852,0.5468277945619335,0.34312080536912754,0.43386243386243384,0.5250997340425532
Lunzima/NQLSG-Qwen2.5-14B-MegaFusion-v9.2,0.7523105360443623,0.6517965630966847,0.5332326283987915,0.35570469798657717,0.4365079365079365,0.5283410904255319
Lunzima/NQLSG-Qwen2.5-14B-MegaFusion-v9,0.45471349353049906,0.6530116299253602,0.43655589123867067,0.3884228187919463,0.4801587301587302,0.542220744680851
Lunzima/NQLSG-Qwen2.5-14B-OriginalFusion,0.5545286506469501,0.6575247352890123,0.42749244712990936,0.3808724832214765,0.5119047619047619,0.5238530585106383
Lyte/Llama-3.1-8B-Instruct-Reasoner-1o1_v0.3,0.6654343807763401,0.49401145634438465,0.1903323262839879,0.2701342281879195,0.34523809523809523,0.36178523936170215
Lyte/Llama-3.2-1B-Instruct-COT-RL-Expriement1-EP04,0.512014787430684,0.34889776080541574,0.08006042296072508,0.2600671140939597,0.32275132275132273,0.18425864361702127
Lyte/Llama-3.2-3B-Overthinker,0.5933456561922366,0.4320430480819302,0.15634441087613293,0.25922818791946306,0.3412698412698413,0.29853723404255317
M4-ai/TinyMistral-248M-v3,0.10351201478743069,0.2848463808366603,0.004531722054380665,0.2407718120805369,0.3783068783068783,0.11319813829787234
MEscriva/ECE-PRYMMAL-0.5B-FT-V5-MUSR-Mathis,0.066543438077634,0.30324596424231903,0.010574018126888216,0.2516778523489933,0.4007936507936508,0.11544215425531915
MLP-KTLim/llama-3-Korean-Bllossom-8B,0.43622920517560076,0.488456865127582,0.10196374622356495,0.2625838926174497,0.3664021164021164,0.359375
MTSAIR/Cotype-Nano,0.3179297597042514,0.38361395591043224,0.09743202416918428,0.2701342281879195,0.328042328042328,0.24767287234042554
MTSAIR/MultiVerse_70B,0.46950092421441775,0.6129144245790661,0.19259818731117825,0.3540268456375839,0.47354497354497355,0.48603723404255317
Magpie-Align/Llama-3-8B-Magpie-Align-SFT-v0.1,0.37707948243992606,0.458948099288318,0.05740181268882175,0.2625838926174497,0.32671957671957674,0.2863198138297872
Magpie-Align/Llama-3-8B-Magpie-Align-SFT-v0.3,0.4491682070240296,0.45530289880229124,0.07326283987915408,0.26593959731543626,0.3412698412698413,0.2902260638297872
Magpie-Align/Llama-3-8B-Magpie-Align-v0.1,0.3438077634011091,0.47717410171845165,0.04607250755287009,0.27684563758389263,0.3082010582010582,0.30011635638297873
Magpie-Align/Llama-3-8B-Magpie-Align-v0.3,0.3826247689463956,0.45530289880229124,0.05664652567975831,0.2651006711409396,0.33994708994708994,0.31341422872340424
Magpie-Align/Llama-3.1-8B-Magpie-Align-SFT-v0.1,0.4288354898336414,0.47422322513452525,0.08987915407854985,0.2609060402684564,0.3386243386243386,0.29429853723404253
Magpie-Align/Llama-3.1-8B-Magpie-Align-v0.1,0.3807763401109057,0.45929526123936815,0.06646525679758308,0.2634228187919463,0.3134920634920635,0.32621343085106386
Magpie-Align/MagpieLM-8B-Chat-v0.1,0.30129390018484287,0.414684950529422,0.06117824773413897,0.26174496644295303,0.3492063492063492,0.3194813829787234
Magpie-Align/MagpieLM-8B-SFT-v0.1,0.4177449168207024,0.4530463461204652,0.0755287009063444,0.2676174496644295,0.3637566137566138,0.2989527925531915
MagusCorp/grpo_lora_enem_llama3_7b,0.3955637707948244,0.4787363304981774,0.1216012084592145,0.30956375838926176,0.3968253968253968,0.35738031914893614
ManoloPueblo/ContentCuisine_1-7B-slerp,0.3197781885397412,0.5150147543829197,0.07326283987915408,0.3028523489932886,0.4669312169312169,0.30535239361702127
ManoloPueblo/LLM_MERGE_CC2,0.3197781885397412,0.5172713070647457,0.06419939577039276,0.30453020134228187,0.458994708994709,0.30319148936170215
ManoloPueblo/LLM_MERGE_CC3,0.32532347504621073,0.522131574379448,0.07930513595166164,0.30956375838926176,0.4669312169312169,0.3155751329787234
MarinaraSpaghetti/NemoReRemix-12B,0.2680221811460259,0.5511195972921368,0.09063444108761329,0.3179530201342282,0.4497354497354497,0.3597905585106383
MarinaraSpaghetti/Nemomix-v4.0-12B,0.5046210720887245,0.5240409651102239,0.10800604229607251,0.29194630872483224,0.42328042328042326,0.36128656914893614
Marsouuu/MiniMathExpert-2_61B-ECE-PRYMMAL-Martial,0.18114602587800369,0.391598680784586,0.07401812688821752,0.2751677852348993,0.4074074074074074,0.22739361702127658
Marsouuu/MiniQwenMathExpert-ECE-PRYMMAL-Martial,0.2088724584103512,0.41885089394202396,0.11404833836858005,0.28187919463087246,0.3862433862433862,0.2922207446808511
Marsouuu/MistralBase-4x7B-MoE-ECE-PRYMMAL-Martial,0.11645101663585952,0.3442110744662385,0.014350453172205438,0.25922818791946306,0.39814814814814814,0.13788231382978725
Marsouuu/general3B-ECE-PRYMMAL-Martial,0.2255083179297597,0.5377538621767054,0.15483383685800603,0.3196308724832215,0.4695767195767196,0.38763297872340424
Marsouuu/general3Bv2-ECE-PRYMMAL-Martial,0.5138632162661737,0.5608401319215414,0.36706948640483383,0.3104026845637584,0.43915343915343913,0.4498005319148936
Marsouuu/lareneg1_78B-ECE-PRYMMAL-Martial,0.2088724584103512,0.41885089394202396,0.11404833836858005,0.28187919463087246,0.3862433862433862,0.2922207446808511
Marsouuu/lareneg3B-ECE-PRYMMAL-Martial,0.266173752310536,0.5438291963200833,0.15181268882175228,0.32466442953020136,0.4722222222222222,0.37666223404255317
Marsouuu/lareneg3Bv2-ECE-PRYMMAL-Martial,0.5175600739371534,0.5597986460683909,0.36555891238670696,0.3196308724832215,0.4365079365079365,0.45113031914893614
MaziyarPanahi/Calme-4x7B-MoE-v0.1,0.3678373382624769,0.5078979343863913,0.08006042296072508,0.28187919463087246,0.4193121693121693,0.3056848404255319
MaziyarPanahi/Calme-4x7B-MoE-v0.2,0.36968576709796674,0.5087658392640166,0.07401812688821752,0.27936241610738255,0.4312169312169312,0.30576795212765956
MaziyarPanahi/Llama-3-70B-Instruct-v0.1,0.39371534195933455,0.5320256899843777,0.18051359516616314,0.28439597315436244,0.4417989417989418,0.4617686170212766
MaziyarPanahi/Llama-3-8B-Instruct-v0.10,0.7301293900184843,0.49001909390730775,0.05740181268882175,0.3087248322147651,0.42063492063492064,0.38622007978723405
MaziyarPanahi/Llama-3-8B-Instruct-v0.8,0.7153419593345656,0.4945321992709599,0.07779456193353475,0.3053691275167785,0.4193121693121693,0.3853058510638298
MaziyarPanahi/Llama-3-8B-Instruct-v0.9,0.722735674676525,0.4917549036625586,0.07326283987915408,0.30788590604026844,0.414021164021164,0.3845578457446808
MaziyarPanahi/Qwen1.5-MoE-A2.7B-Wikihow,0.23475046210720887,0.38916854712723487,0.0823262839879154,0.2751677852348993,0.3492063492063492,0.23803191489361702
MaziyarPanahi/Qwen2-7B-Instruct-v0.1,0.2735674676524954,0.5084186773129665,0.2212990936555891,0.28523489932885904,0.44312169312169314,0.3857214095744681
MaziyarPanahi/Qwen2-7B-Instruct-v0.8,0.2144177449168207,0.4612046519701441,0.17673716012084592,0.2936241610738255,0.42857142857142855,0.3566323138297872
MaziyarPanahi/calme-2.1-llama3.1-70b,0.8151571164510166,0.6431175143204305,0.41012084592145015,0.32802013422818793,0.4365079365079365,0.5282579787234043
MaziyarPanahi/calme-2.1-phi3-4b,0.49353049907578556,0.5565006075334143,0.13141993957703926,0.3296979865771812,0.4007936507936508,0.3745844414893617
MaziyarPanahi/calme-2.1-phi3.5-4b,0.5083179297597042,0.5467800729040098,0.2039274924471299,0.34395973154362414,0.39814814814814814,0.3935339095744681
MaziyarPanahi/calme-2.1-qwen2-72b,0.7800369685767098,0.6955389689290054,0.4078549848942598,0.3808724832214765,0.4722222222222222,0.5414727393617021
MaziyarPanahi/calme-2.1-qwen2-7b,0.3123844731977819,0.5006075334143378,0.2311178247734139,0.28942953020134227,0.44312169312169314,0.3692652925531915
MaziyarPanahi/calme-2.1-qwen2.5-72b,0.8391866913123844,0.7245269918416941,0.5913897280966768,0.36325503355704697,0.42857142857142855,0.5619182180851063
MaziyarPanahi/calme-2.1-rys-78b,0.7781885397412199,0.7085575420933866,0.3942598187311178,0.39429530201342283,0.46825396825396826,0.5443816489361702
MaziyarPanahi/calme-2.2-llama3-70b,0.7855822550831792,0.639819475785454,0.2394259818731118,0.3414429530201342,0.44312169312169314,0.5206948138297872
MaziyarPanahi/calme-2.2-llama3.1-70b,0.833641404805915,0.6780072904009721,0.43655589123867067,0.32466442953020136,0.4523809523809524,0.5414727393617021
MaziyarPanahi/calme-2.2-phi3-4b,0.4454713493530499,0.5505988543655616,0.14501510574018128,0.3213087248322148,0.3968253968253968,0.3813996010638298
MaziyarPanahi/calme-2.2-qwen2-72b,0.767097966728281,0.6931088352716542,0.45317220543806647,0.37416107382550334,0.4497354497354497,0.543467420212766
MaziyarPanahi/calme-2.2-qwen2-7b,0.2902033271719039,0.5183127929178962,0.21450151057401812,0.2911073825503356,0.4351851851851852,0.3898769946808511
MaziyarPanahi/calme-2.2-qwen2.5-72b,0.8188539741219963,0.7260892206214199,0.5891238670694864,0.35906040268456374,0.4193121693121693,0.561751994680851
MaziyarPanahi/calme-2.2-rys-78b,0.7615526802218114,0.707168894289186,0.4070996978851964,0.40687919463087246,0.4523809523809524,0.538563829787234
MaziyarPanahi/calme-2.3-llama3-70b,0.7615526802218114,0.6366950182260024,0.2326283987915408,0.33808724832214765,0.4246031746031746,0.5204454787234043
MaziyarPanahi/calme-2.3-llama3.1-70b,0.833641404805915,0.6861655962506509,0.39274924471299094,0.34395973154362414,0.455026455026455,0.5363198138297872
MaziyarPanahi/calme-2.3-phi3-4b,0.43253234750462105,0.5507724353410867,0.1472809667673716,0.3179530201342282,0.39814814814814814,0.3828125
MaziyarPanahi/calme-2.3-qwen2-72b,0.3179297597042514,0.656830411386912,0.31722054380664655,0.3716442953020134,0.41005291005291006,0.5418882978723404
MaziyarPanahi/calme-2.3-qwen2-7b,0.31053604436229204,0.5037319909737893,0.20694864048338368,0.29697986577181207,0.4417989417989418,0.3611203457446808
MaziyarPanahi/calme-2.3-rys-78b,0.7726432532347505,0.7097726089220622,0.39803625377643503,0.40436241610738255,0.4537037037037037,0.5475398936170213
MaziyarPanahi/calme-2.4-llama3-70b,0.42513863216266173,0.6389515709078285,0.24471299093655588,0.33976510067114096,0.42724867724867727,0.5203623670212766
MaziyarPanahi/calme-2.4-qwen2-7b,0.26062846580406657,0.5068564485332407,0.20317220543806647,0.2835570469798658,0.4444444444444444,0.3976894946808511
MaziyarPanahi/calme-2.4-rys-78b,0.7652495378927912,0.7259156396458948,0.4070996978851964,0.40268456375838924,0.5753968253968254,0.7002160904255319
MaziyarPanahi/calme-2.5-qwen2-7b,0.2476894639556377,0.4865474743968061,0.2258308157099698,0.3104026845637584,0.45634920634920634,0.3681848404255319
MaziyarPanahi/calme-2.6-qwen2-7b,0.27726432532347506,0.4893247700052074,0.1216012084592145,0.2843959731543625,0.4576719576719577,0.3731715425531915
MaziyarPanahi/calme-2.7-qwen2-7b,0.2975970425138632,0.48515882659260545,0.13821752265861026,0.2911073825503356,0.48148148148148145,0.3705119680851064
MaziyarPanahi/calme-3.1-baguette-3b,0.5730129390018485,0.46537059538274606,0.25604229607250756,0.2860738255033557,0.3994708994708995,0.33992686170212766
MaziyarPanahi/calme-3.1-instruct-3b,0.3659889094269871,0.47821558757160215,0.17749244712990936,0.2860738255033557,0.3941798941798942,0.355718085106383
MaziyarPanahi/calme-3.1-instruct-78b,0.7781885397412199,0.728345773303246,0.39274924471299094,0.3959731543624161,0.5873015873015873,0.718500664893617
MaziyarPanahi/calme-3.1-llamaloi-3b,0.6968576709796673,0.4566915466064919,0.1729607250755287,0.28104026845637586,0.3505291005291005,0.3204787234042553
MaziyarPanahi/calme-3.2-baguette-3b,0.5878003696857671,0.4681478909911474,0.2824773413897281,0.29446308724832215,0.4007936507936508,0.3337765957446808
MaziyarPanahi/calme-3.2-instruct-3b,0.5083179297597042,0.48307585488630445,0.21676737160120846,0.2835570469798658,0.40343915343915343,0.36527593085106386
MaziyarPanahi/calme-3.2-instruct-78b,0.7707948243992606,0.7297344211074466,0.4033232628398791,0.40268456375838924,0.6005291005291006,0.7303025265957447
MaziyarPanahi/calme-3.3-baguette-3b,0.589648798521257,0.4639819475785454,0.3806646525679758,0.2802013422818792,0.3915343915343915,0.3341921542553192
MaziyarPanahi/calme-3.3-instruct-3b,0.5951940850277264,0.4658913383093213,0.37386706948640486,0.2827181208053691,0.4060846560846561,0.33053523936170215
Minami-su/Amara-o1-7B-Qwen,0.6950092421441775,0.5167505641381704,0.5181268882175226,0.2936241610738255,0.3994708994708995,0.4083277925531915
Minami-su/Amara-o2-7B-Qwen,0.6691312384473198,0.5134525256031939,0.4086102719033233,0.2634228187919463,0.376984126984127,0.41647273936170215
Minami-su/test-7B-00,0.6210720887245841,0.44263148758896026,0.4516616314199396,0.3028523489932886,0.4113756613756614,0.3587932180851064
Minami-su/test-7B-01,0.6266173752310537,0.437944801249783,0.4554380664652568,0.3070469798657718,0.414021164021164,0.35355718085106386
Minami-su/test-v2-7B-00,0.6192236598890942,0.43811838222530813,0.4418429003021148,0.29194630872483224,0.414021164021164,0.3472406914893617
ModelCloud/Llama-3.2-1B-Instruct-gptqmodel-4bit-vortex-v1,0.4602587800369686,0.32181912862350287,0.06042296072507553,0.2533557046979866,0.32407407407407407,0.17644614361702127
ModelSpace/GemmaX2-28-9B-v0.1,0.0018484288354898336,0.3659086964068738,0.027190332326283987,0.27684563758389263,0.3531746031746032,0.2230718085106383
MoonRide/Llama-3.2-3B-Khelavaster,0.4214417744916821,0.44940114563443845,0.16163141993957703,0.27768456375838924,0.36904761904761907,0.31216755319148937
Mostafa8Mehrabi/llama-3.2-1b-Insomnia-ChatBot-merged,0.07948243992606285,0.29751779204999135,0.0075528700906344415,0.23657718120805368,0.3373015873015873,0.11311502659574468
MrRobotoAI/MrRoboto-ProLong-8b-v4i,0.31608133086876156,0.4556500607533414,0.05513595166163142,0.28942953020134227,0.4007936507936508,0.3068484042553192
MrRobotoAI/MrRoboto-ProLongBASE-pt8-unaligned-8b,0.2754158964879852,0.44801249783023783,0.04229607250755287,0.28104026845637586,0.42724867724867727,0.2565658244680851
MultivexAI/Gladiator-Mini-Exp-1211-3B,0.6414048059149723,0.4461031070994619,0.13746223564954682,0.2726510067114094,0.3253968253968254,0.3151595744680851
MultivexAI/Gladiator-Mini-Exp-1221-3B-Instruct-V2,0.5656192236598891,0.43846554417635825,0.14123867069486404,0.2634228187919463,0.3002645502645503,0.3025265957446808
MultivexAI/Gladiator-Mini-Exp-1221-3B-Instruct,0.5526802218114603,0.4362089914945322,0.1351963746223565,0.2634228187919463,0.31084656084656087,0.3048537234042553
MultivexAI/Gladiator-Mini-Exp-1222-3B-Instruct,0.55637707948244,0.4363825724700573,0.14123867069486404,0.2634228187919463,0.31216931216931215,0.30169547872340424
MultivexAI/Phi-3.5-Mini-Instruct-MultiVex-v0.25-GGUF,0.09611829944547134,0.2869293525429613,0.006042296072507553,0.2550335570469799,0.3637566137566138,0.11087101063829788
Mxode/NanoLM-0.3B-Instruct-v1.1,0.12754158964879853,0.2985592779031418,0.013595166163141994,0.25,0.42592592592592593,0.11211768617021277
Mxode/NanoLM-0.3B-Instruct-v1,0.10351201478743069,0.3001215066828676,0.014350453172205438,0.27181208053691275,0.414021164021164,0.11053856382978723
Mxode/NanoLM-0.3B-Instruct-v2,0.12014787430683918,0.2886651622982121,0.006797583081570997,0.2609060402684564,0.3941798941798942,0.11344747340425532
Mxode/NanoLM-1B-Instruct-v1.1,0.17929759704251386,0.3166116993577504,0.03625377643504532,0.2634228187919463,0.3425925925925926,0.12150930851063829
Mxode/NanoLM-1B-Instruct-v2,0.20702402957486138,0.3105363652143725,0.04154078549848943,0.2634228187919463,0.3544973544973545,0.12375332446808511
NAPS-ai/naps-gemma-2-27b-v-0.1.0,0.0,0.28762367644506165,0.0,0.2600671140939597,0.35714285714285715,0.11677194148936171
NAPS-ai/naps-gemma-2-27b-v0.1.0,0.0,0.28762367644506165,0.0,0.2600671140939597,0.35714285714285715,0.11677194148936171
NAPS-ai/naps-llama-3_1-8b-instruct-v0.3,0.47504621072088726,0.4893247700052074,0.1903323262839879,0.29949664429530204,0.3783068783068783,0.33984375
NAPS-ai/naps-llama-3_1-8b-instruct-v0.4,0.6894639556377079,0.48203436903315394,0.19637462235649547,0.27936241610738255,0.4417989417989418,0.3474900265957447
NAPS-ai/naps-llama-3_1-instruct-v0.5.0,0.43807763401109057,0.4131227217496962,0.03625377643504532,0.2684563758389262,0.37037037037037035,0.26138630319148937
NAPS-ai/naps-llama-3_1_instruct-v0.6.0,0.24953789279112754,0.4511369553896893,0.06419939577039276,0.28187919463087246,0.373015873015873,0.3240525265957447
NAPS-ai/naps-llama3.1-70B-v0.2-fp16,0.12199630314232902,0.29994792570734247,0.0,0.23909395973154363,0.3478835978835979,0.10987367021276596
NCSOFT/Llama-VARCO-8B-Instruct,0.3844731977818854,0.49991320951223744,0.10649546827794562,0.29697986577181207,0.3835978835978836,0.31898271276595747
NJS26/NJS_777,0.12199630314232902,0.21680263843082798,0.0,0.2063758389261745,0.3531746031746032,0.11627327127659574
NLPark/AnFeng_v3.1-Avocet,0.44731977818853974,0.580975525082451,0.1593655589123867,0.32466442953020136,0.4470899470899471,0.44381648936170215
NLPark/B-and-W_Flycatcher-3AD1E,0.43253234750462105,0.6035410519007117,0.23791540785498488,0.33053691275167785,0.4417989417989418,0.4740691489361702
NLPark/Shi-Ci-Robin-Test_3AD80,0.6839186691312384,0.6693282416247179,0.3157099697885196,0.3598993288590604,0.46825396825396826,0.5120511968085106
NTQAI/NxMobileLM-1.5B-SFT,0.5878003696857671,0.39107793785801076,0.08459214501510574,0.25922818791946306,0.3544973544973545,0.28174867021276595
NTQAI/Nxcode-CQ-7B-orpo,0.3290203327171904,0.41173407394549555,0.02190332326283988,0.25419463087248323,0.39285714285714285,0.16115359042553193
NYTK/PULI-GPTrio,0.1589648798521257,0.30220447838916853,0.012084592145015106,0.26593959731543626,0.38095238095238093,0.11369680851063829
NYTK/PULI-LlumiX-32K,0.11090573012939002,0.3164381183822253,0.01283987915407855,0.2533557046979866,0.3955026455026455,0.16805186170212766
Naveenpoliasetty/llama3-8B-V2,0.34011090573012936,0.5172713070647457,0.07854984894259819,0.2902684563758389,0.4074074074074074,0.3737533244680851
NbAiLab/nb-llama-3.1-8B-Instruct,0.2957486136783734,0.3223398715500781,0.022658610271903322,0.27348993288590606,0.3201058201058201,0.1196808510638298
NbAiLab/nb-llama-3.1-8B-sft,0.29390018484288355,0.32615865301162994,0.02190332326283988,0.25419463087248323,0.328042328042328,0.12217420212765957
Nekochu/Llama-3.1-8B-German-ORPO,0.4029574861367837,0.4966151709772609,0.11706948640483383,0.3162751677852349,0.4642857142857143,0.33934507978723405
Nekochu/Llama-3.1-8B-french-DPO,0.40850277264325324,0.5092865821905919,0.09743202416918428,0.2911073825503356,0.42063492063492064,0.3414228723404255
Nekochu/Luminia-13B-v3,0.19408502772643252,0.40930394028814443,0.01812688821752266,0.2701342281879195,0.39814814814814814,0.22149268617021275
Nekochu/Luminia-8B-RP,0.5009242144177449,0.5203957646241972,0.13595166163141995,0.29697986577181207,0.3994708994708995,0.3631150265957447
NeverSleep/Lumimaid-v0.2-12B,0.08317929759704251,0.5365387953480298,0.05664652567975831,0.3145973154362416,0.48148148148148145,0.3511469414893617
NeverSleep/Lumimaid-v0.2-8B,0.43807763401109057,0.522131574379448,0.14350453172205438,0.311241610738255,0.4298941798941799,0.36361369680851063
Nexesenex/Dolphin3.0-Llama3.1-1B-abliterated,0.4676524953789279,0.3206040617948273,0.03851963746223565,0.2407718120805369,0.32275132275132273,0.1373005319148936
Nexesenex/Llama_3.1_8b_DeepDive_3_Prev_v1.0,0.634011090573013,0.5141468495052942,0.1865558912386707,0.2911073825503356,0.3664021164021164,0.34375
Nexesenex/Llama_3.1_8b_DeepDive_3_R1_Prev_v1.0,0.6635859519408502,0.5108488109703176,0.19259818731117825,0.30033557046979864,0.37566137566137564,0.34408244680851063
Nexesenex/Llama_3.1_8b_DobHerWild_R1_v1.1R,0.7190388170055453,0.5240409651102239,0.23187311178247735,0.29949664429530204,0.38492063492063494,0.36884973404255317
Nexesenex/Llama_3.1_8b_DoberWild_v2.01,0.7634011090573013,0.5231730602325985,0.2001510574018127,0.3028523489932886,0.4007936507936508,0.3790724734042553
Nexesenex/Llama_3.1_8b_DoberWild_v2.02,0.7375231053604436,0.5297691373025516,0.19939577039274925,0.29446308724832215,0.3941798941798942,0.3764128989361702
Nexesenex/Llama_3.1_8b_DoberWild_v2.03,0.7375231053604436,0.5280333275473008,0.20770392749244712,0.3045302013422819,0.39021164021164023,0.37217420212765956
Nexesenex/Llama_3.1_8b_DodoWild_v2.01,0.7634011090573013,0.524214546085749,0.1986404833836858,0.3036912751677852,0.4087301587301587,0.3738364361702128
Nexesenex/Llama_3.1_8b_DodoWild_v2.02,0.7652495378927912,0.5249088699878494,0.22734138972809667,0.30453020134228187,0.3968253968253968,0.37608045212765956
Nexesenex/Llama_3.1_8b_DodoWild_v2.03,0.7597042513863216,0.5292483943759764,0.22205438066465258,0.30788590604026844,0.3955026455026455,0.37857380319148937
Nexesenex/Llama_3.1_8b_DodoWild_v2.10,0.7726432532347505,0.5261239368165249,0.1971299093655589,0.2961409395973154,0.41534391534391535,0.3854720744680851
Nexesenex/Llama_3.1_8b_Dolermed_R1_V1.01,0.7153419593345656,0.530637042180177,0.20166163141993956,0.3053691275167785,0.37433862433862436,0.3732546542553192
Nexesenex/Llama_3.1_8b_Dolermed_R1_V1.03,0.7190388170055453,0.530637042180177,0.20921450151057402,0.3179530201342282,0.37962962962962965,0.37200797872340424
Nexesenex/Llama_3.1_8b_Dolermed_V1.01,0.4417744916820702,0.5174448880402708,0.13444108761329304,0.29446308724832215,0.3941798941798942,0.3570478723404255
Nexesenex/Llama_3.1_8b_Dolerstormed_V1.04,0.7504621072088724,0.5183127929178962,0.19259818731117825,0.3221476510067114,0.4021164021164021,0.3888796542553192
Nexesenex/Llama_3.1_8b_Hermedash_R1_V1.04,0.7541589648798521,0.517792049991321,0.1865558912386707,0.32298657718120805,0.41005291005291006,0.38821476063829785
Nexesenex/Llama_3.1_8b_Hermedive_R1_V1.01,0.43068391866913125,0.5153619163339698,0.17749244712990936,0.2827181208053691,0.4007936507936508,0.34266954787234044
Nexesenex/Llama_3.1_8b_Hermedive_R1_V1.03,0.6136783733826248,0.5124110397500434,0.18580060422960726,0.2978187919463087,0.3611111111111111,0.3488198138297872
Nexesenex/Llama_3.1_8b_Hermedive_V1.01,0.4343807763401109,0.49019267488283286,0.1646525679758308,0.28942953020134227,0.36904761904761907,0.3550531914893617
Nexesenex/Llama_3.1_8b_Mediver_V1.01,0.12754158964879853,0.43811838222530813,0.0015105740181268882,0.27768456375838924,0.3888888888888889,0.2993683510638298
Nexesenex/Llama_3.1_8b_Medusa_v1.01,0.7301293900184843,0.4983509807325117,0.14652567975830816,0.29194630872483224,0.4060846560846561,0.3531416223404255
Nexesenex/Llama_3.1_8b_Smarteaz_0.2_R1,0.5748613678373382,0.509460163166117,0.26057401812688824,0.30033557046979864,0.41798941798941797,0.3645279255319149
Nexesenex/Llama_3.1_8b_Smarteaz_V1.01,0.7837338262476895,0.5228258982815484,0.23413897280966767,0.30956375838926176,0.3783068783068783,0.3735871010638298
Nexesenex/Llama_3.1_8b_Stormeder_v1.04,0.7467652495378928,0.5195278597465718,0.18504531722054382,0.32046979865771813,0.3941798941798942,0.38522273936170215
Nexesenex/Llama_3.1_8b_Typhoon_v1.03,0.7763401109057301,0.5302898802291269,0.22734138972809667,0.3070469798657718,0.38095238095238093,0.3842253989361702
Nexesenex/Llama_3.2_1b_AquaSyn_0.1,0.2088724584103512,0.3265058149626801,0.02190332326283988,0.2483221476510067,0.34523809523809523,0.1377992021276596
Nexesenex/Llama_3.2_1b_AquaSyn_0.11,0.17929759704251386,0.30723832667939593,0.023413897280966767,0.2651006711409396,0.335978835978836,0.1116190159574468
Nexesenex/Llama_3.2_1b_Dolto_0.1,0.4824399260628466,0.33153966325290746,0.03700906344410876,0.23741610738255034,0.3412698412698413,0.13638630319148937
Nexesenex/Llama_3.2_1b_Odyssea_V1.01,0.18853974121996303,0.301162992536018,0.017371601208459216,0.2558724832214765,0.3412698412698413,0.11519281914893617
Nexesenex/Llama_3.2_1b_Odyssea_V1,0.19038817005545286,0.29751779204999135,0.014350453172205438,0.25838926174496646,0.3386243386243386,0.11527593085106383
Nexesenex/Llama_3.2_1b_OpenTree_R1_0.1,0.4713493530499076,0.32459642423190416,0.04758308157099698,0.2525167785234899,0.31216931216931215,0.16747007978723405
Nexesenex/Llama_3.2_1b_OrcaSun_V1,0.5434380776340111,0.3521957993403923,0.05966767371601209,0.23657718120805368,0.3373015873015873,0.19040890957446807
Nexesenex/Llama_3.2_1b_RandomLego_RP_R1_0.1,0.4898336414048059,0.3391772261760111,0.05664652567975831,0.25,0.32407407407407407,0.15633311170212766
Nexesenex/Llama_3.2_1b_SunOrca_V1,0.4731977818853974,0.3402187120291616,0.06722054380664652,0.27432885906040266,0.3253968253968254,0.18841422872340424
Nexesenex/Llama_3.2_1b_Sydonia_0.1,0.15157116451016636,0.309494879361222,0.02039274924471299,0.22818791946308725,0.3373015873015873,0.12242353723404255
Nexesenex/Llama_3.2_1b_Syneridol_0.2,0.14972273567467653,0.31123068911647284,0.02190332326283988,0.2348993288590604,0.3333333333333333,0.12267287234042554
Nexesenex/Llama_3.2_1b_Synopsys_0.1,0.12014787430683918,0.313660822773824,0.01661631419939577,0.23909395973154363,0.34523809523809523,0.12308843085106383
Nexesenex/Llama_3.2_1b_Synopsys_0.11,0.2255083179297597,0.30741190765492105,0.01283987915407855,0.2625838926174497,0.3505291005291005,0.11228390957446809
Nexesenex/Llama_3.2_3b_Kermes_v1,0.4343807763401109,0.4389862871029335,0.030966767371601207,0.27348993288590606,0.4060846560846561,0.2547373670212766
Nexesenex/Llama_3.2_3b_Kermes_v2.1,0.5064695009242144,0.44471445929526127,0.05211480362537765,0.27936241610738255,0.3955026455026455,0.26919880319148937
Nexesenex/Llama_3.2_3b_Kermes_v2,0.5212569316081331,0.4438465544176358,0.054380664652567974,0.2651006711409396,0.376984126984127,0.2734375
Nexesenex/Nemotron_W_4b_Halo_0.1,0.2902033271719039,0.41277555979864605,0.04229607250755287,0.28020134228187926,0.41534391534391535,0.25049867021276595
Nexesenex/Nemotron_W_4b_MagLight_0.1,0.36044362292051757,0.4221489324770005,0.04003021148036254,0.2835570469798658,0.41005291005291006,0.2544880319148936
Nexesenex/Qwen_2.5_3b_Smarteaz_0.01a,0.3419593345656192,0.4627668807498698,0.1805135951661631,0.27768456375838924,0.4312169312169312,0.2859873670212766
Nexesenex/pankajmathur_orca_mini_v9_6_1B-instruct-Abliterated-LPL,0.5304990757855823,0.3521957993403923,0.07477341389728095,0.26677852348993286,0.3386243386243386,0.1802692819148936
Nexusflow/NexusRaven-V2-13B,0.1423290203327172,0.391598680784586,0.02945619335347432,0.2600671140939597,0.373015873015873,0.18716755319148937
NikolaSigmoid/AceMath-1.5B-Instruct-1epoch,0.2088724584103512,0.42475264710987676,0.30513595166163143,0.27768456375838924,0.3915343915343915,0.23761635638297873
NikolaSigmoid/AceMath-1.5B-Instruct-dolphin-r1-200,0.11460258780036968,0.2770352369380316,0.0,0.2558724832214765,0.37433862433862436,0.11427859042553191
NikolaSigmoid/DeepSeek-R1-Distill-Qwen-1.5B-500,0.11829944547134935,0.2574205867036973,0.0,0.24580536912751677,0.3373015873015873,0.1124501329787234
NikolaSigmoid/acemath-200,0.2088724584103512,0.42475264710987676,0.30513595166163143,0.27768456375838924,0.3915343915343915,0.23761635638297873
NikolaSigmoid/phi-4-14b,0.04621072088724584,0.6679395938205173,0.2938066465256798,0.4035234899328859,0.503968253968254,0.527842420212766
NikolaSigmoid/phi-4-1steps,0.04436229205175601,0.6689810796736677,0.2983383685800604,0.40184563758389263,0.5013227513227513,0.52734375
NikolaSigmoid/phi-4-300steps,0.04621072088724584,0.6684603367470925,0.2945619335347432,0.4052013422818792,0.5026455026455027,0.5287566489361702
Nitral-AI/Captain-Eris-BMO_Violent-GRPO-v0.420,0.5767097966728281,0.5044263148758896,0.13141993957703926,0.30956375838926176,0.421957671957672,0.359624335106383
Nitral-AI/Captain-Eris_BMO-Violent-12B,0.5637707948243993,0.5065092865821906,0.13670694864048338,0.30956375838926176,0.4246031746031746,0.35713098404255317
Nitral-AI/Captain-Eris_Violet-GRPO-v0.420,0.5748613678373382,0.5131053636521438,0.10800604229607251,0.2986577181208054,0.42724867724867727,0.35347406914893614
Nitral-AI/Captain-Eris_Violet-V0.420-12B,0.3678373382624769,0.5448706821732339,0.10725075528700906,0.311241610738255,0.43253968253968256,0.3722573138297872
Nitral-AI/Captain_BMO-12B,0.4177449168207024,0.5266446797431001,0.13972809667673716,0.3196308724832215,0.37433862433862436,0.3568816489361702
Nitral-AI/Hathor_Stable-v0.2-L3-8B,0.678373382624769,0.526471098767575,0.10498489425981873,0.28691275167785235,0.376984126984127,0.36959773936170215
Nitral-AI/Hathor_Tahsin-L3-8B-v0.85,0.6654343807763401,0.5261239368165249,0.10045317220543806,0.28523489932885904,0.3637566137566138,0.37200797872340424
Nitral-AI/Nera_Noctis-12B,0.3955637707948244,0.5162298212115952,0.08761329305135952,0.2634228187919463,0.3968253968253968,0.3468251329787234
Nohobby/MS-Schisandra-22B-v0.1,0.5804066543438078,0.5771567436208992,0.22280966767371602,0.33221476510067116,0.39285714285714285,0.4095744680851064
Nohobby/MS-Schisandra-22B-v0.2,0.5859519408502772,0.5825377538621767,0.20317220543806647,0.33557046979865773,0.4074074074074074,0.4136469414893617
Norquinal/Alpha,0.22365988909426987,0.33570560666550947,0.05740181268882175,0.2651006711409396,0.36243386243386244,0.30028257978723405
Norquinal/Bravo,0.24399260628465805,0.3546259329977434,0.05740181268882175,0.28187919463087246,0.3862433862433862,0.312749335106383
Norquinal/Charlie,0.2476894639556377,0.34889776080541574,0.0581570996978852,0.2709731543624161,0.373015873015873,0.30925864361702127
Norquinal/Delta,0.19593345656192238,0.3412601978823121,0.06117824773413897,0.2609060402684564,0.376984126984127,0.2958776595744681
Norquinal/Echo,0.25508317929759705,0.35184863738934213,0.05740181268882175,0.27936241610738255,0.37962962962962965,0.30950797872340424
Norquinal/Foxtrot,0.2365988909426987,0.353584447144593,0.0581570996978852,0.28691275167785235,0.37962962962962965,0.30501994680851063
Norquinal/Golf,0.2846580406654344,0.3527165422669675,0.05362537764350453,0.2902684563758389,0.3373015873015873,0.30560172872340424
Norquinal/Hotel,0.25693160813308685,0.36625585835792396,0.052870090634441085,0.27936241610738255,0.328042328042328,0.3156582446808511
NotASI/FineTome-Llama3.2-1B-0929,0.34011090573012936,0.32164554764797776,0.03625377643504532,0.2726510067114094,0.3478835978835979,0.1428690159574468
NotASI/FineTome-Llama3.2-3B-1002,0.4953789279112754,0.43152230515535495,0.06268882175226587,0.25083892617449666,0.36772486772486773,0.24368351063829788
NotASI/FineTome-v1.5-Llama3.2-1B-1007,0.33271719038817005,0.3212983856969276,0.03172205438066465,0.25,0.34656084656084657,0.1427027925531915
NotASI/FineTome-v1.5-Llama3.2-3B-1007,0.49722735674676527,0.43065440027772955,0.06419939577039276,0.26174496644295303,0.3637566137566138,0.2448470744680851
NousResearch/DeepHermes-3-Mistral-24B-Preview,0.3807763401109057,0.6497135913903836,0.25755287009063443,0.3699664429530201,0.4497354497354497,0.45902593085106386
NousResearch/Hermes-2-Pro-Llama-3-8B,0.4824399260628466,0.5028640860961638,0.08383685800604229,0.29278523489932884,0.42592592592592593,0.30518617021276595
NousResearch/Hermes-2-Pro-Mistral-7B,0.5101663585951941,0.496788751952786,0.06042296072507553,0.27348993288590606,0.4365079365079365,0.29463098404255317
NousResearch/Hermes-2-Theta-Llama-3-8B,0.6081330868761553,0.517965630966846,0.09667673716012085,0.3036912751677852,0.3941798941798942,0.33685172872340424
NousResearch/Hermes-3-Llama-3.1-70B,0.7301293900184843,0.6738413469883701,0.20996978851963746,0.3615771812080537,0.4933862433862434,0.47265625
NousResearch/Hermes-3-Llama-3.1-8B,0.5637707948243993,0.5164034021871203,0.04758308157099698,0.2978187919463087,0.4365079365079365,0.3139128989361702
NousResearch/Hermes-3-Llama-3.2-3B,0.31053604436229204,0.4332581149106058,0.03927492447129909,0.2751677852348993,0.4021164021164021,0.25440492021276595
NousResearch/Nous-Hermes-2-Mistral-7B-DPO,0.5194085027726433,0.4827286929352543,0.04758308157099697,0.29278523489932884,0.3994708994708995,0.3015292553191489
NousResearch/Nous-Hermes-2-Mixtral-8x7B-DPO,0.5378927911275416,0.5504252733900364,0.12235649546827794,0.3213087248322148,0.458994708994709,0.3666057180851064
NousResearch/Nous-Hermes-2-Mixtral-8x7B-SFT,0.5286506469500925,0.5049470578024648,0.021148036253776436,0.30201342281879195,0.42063492063492064,0.30659906914893614
NousResearch/Nous-Hermes-2-SOLAR-10.7B,0.4658040665434381,0.5401839958340566,0.05740181268882175,0.2936241610738255,0.4365079365079365,0.3458277925531915
NousResearch/Nous-Hermes-llama-2-7b,0.15157116451016636,0.38031591737545567,0.00906344410876133,0.2634228187919463,0.4246031746031746,0.19398271276595744
NousResearch/Yarn-Llama-2-13b-128k,0.133086876155268,0.38118382225308106,0.017371601208459216,0.25838926174496646,0.34523809523809523,0.23204787234042554
NousResearch/Yarn-Llama-2-7b-128k,0.11829944547134935,0.3225134525256032,0.015105740181268883,0.2600671140939597,0.3955026455026455,0.1791057180851064
NousResearch/Yarn-Llama-2-7b-64k,0.13493530499075784,0.32963027252213156,0.015861027190332326,0.26426174496644295,0.39285714285714285,0.17985372340425532
NousResearch/Yarn-Mistral-7b-128k,0.13493530499075784,0.4310015622287797,0.03172205438066465,0.2986577181208054,0.4060846560846561,0.289311835106383
NousResearch/Yarn-Mistral-7b-64k,0.14972273567467653,0.4283978475959035,0.03700906344410876,0.2902684563758389,0.4113756613756614,0.2913896276595745
NousResearch/Yarn-Solar-10b-32k,0.1534195933456562,0.49713591390383616,0.030211480362537766,0.3028523489932886,0.414021164021164,0.32721077127659576
NousResearch/Yarn-Solar-10b-64k,0.16635859519408502,0.4914077417115084,0.028700906344410877,0.30201342281879195,0.4007936507936508,0.3148271276595745
Novaciano/ASTAROTH-3.2-1B,0.49907578558225507,0.35098073251171674,0.07326283987915408,0.2558724832214765,0.3134920634920635,0.19090757978723405
Novaciano/BLAST_PROCESSING-3.2-1B,0.3179297597042514,0.345252560319389,0.07477341389728097,0.26593959731543626,0.33465608465608465,0.19414893617021275
Novaciano/Cerberus-3.2-1B,0.43622920517560076,0.4141642076028467,0.0581570996978852,0.25838926174496646,0.328042328042328,0.1663065159574468
Novaciano/Cultist-3.2-1B,0.47504621072088726,0.3372678354452352,0.05891238670694864,0.2609060402684564,0.33201058201058203,0.17137632978723405
Novaciano/FuseChat-3.2-1B-GRPO_Creative_RP,0.5009242144177449,0.34681478909911473,0.08006042296072508,0.2558724832214765,0.33201058201058203,0.17345412234042554
Novaciano/Fusetrix-3.2-1B-GRPO_RP_Creative,0.4713493530499076,0.34143377885783716,0.1148036253776435,0.25,0.3201058201058201,0.17578125
Novaciano/Fusetrix-Dolphin-3.2-1B-GRPO_Creative_RP,0.47504621072088726,0.34785627495226523,0.10498489425981873,0.2684563758389262,0.31746031746031744,0.1823470744680851
Novaciano/HarmfulProject-3.2-1B,0.3179297597042514,0.32598507203610483,0.04758308157099698,0.26677852348993286,0.3412698412698413,0.18226396276595744
Novaciano/LEWD-Mental-Cultist-3.2-1B,0.4658040665434381,0.34959208470751607,0.052870090634441085,0.25671140939597314,0.32142857142857145,0.1768617021276596
Novaciano/La_Mejor_Mezcla-3.2-1B,0.49168207024029575,0.3461204651970144,0.08987915407854985,0.2575503355704698,0.3187830687830688,0.18292885638297873
Novaciano/Sigil-Of-Satan-3.2-1B,0.48613678373382624,0.35132789446276685,0.054380664652567974,0.2609060402684564,0.32671957671957674,0.18550531914893617
NucleusAI/nucleus-22B-token-500B,0.012939001848428836,0.28797083839611176,0.0,0.25,0.3505291005291005,0.11619015957446809
NyxKrage/Microsoft_Phi-4,0.04990757855822551,0.667418850893942,0.2990936555891239,0.40604026845637586,0.5026455026455027,0.5286735372340425
OEvortex/Emotional-llama-8B,0.2680221811460259,0.4825551119597292,0.08157099697885196,0.29446308724832215,0.36507936507936506,0.35347406914893614
OEvortex/HelpingAI-15B,0.13863216266173753,0.29057455302898805,0.0,0.2575503355704698,0.3611111111111111,0.11112034574468085
OEvortex/HelpingAI-3B-reloaded,0.4029574861367837,0.41103975004339527,0.013595166163141994,0.2634228187919463,0.35185185185185186,0.25947473404255317
OEvortex/HelpingAI2-9B,0.3826247689463956,0.4829022739107794,0.05891238670694864,0.25838926174496646,0.37037037037037035,0.28997672872340424
OEvortex/HelpingAI2.5-10B,0.2680221811460259,0.44662385002603716,0.02039274924471299,0.26929530201342283,0.373015873015873,0.25748005319148937
OliveiraJLT/Sagui-7B-Instruct-v0.1,0.2365988909426987,0.3075854886304461,0.015105740181268883,0.2424496644295302,0.41798941798941797,0.14852061170212766
Omkar1102/code-yi,0.15711645101663585,0.2700919979170283,0.0,0.2575503355704698,0.37566137566137564,0.11228390957446809
OmnicromsBrain/NeuralStar_FusionWriter_4x7b,0.5452865064695009,0.475785453914251,0.04909365558912387,0.2785234899328859,0.4007936507936508,0.2605551861702128
OnlyCheeini/greesychat-turbo,0.012939001848428836,0.30619684082624543,0.0,0.2600671140939597,0.3306878306878307,0.11377992021276596
Open-Orca/Mistral-7B-OpenOrca,0.4343807763401109,0.4766533587918764,0.035498489425981876,0.27181208053691275,0.38492063492063494,0.26529255319148937
OpenAssistant/oasst-sft-1-pythia-12b,0.06839186691312385,0.3129664988717237,0.015105740181268883,0.2575503355704698,0.33201058201058203,0.11128656914893617
OpenBuddy/openbuddy-falcon3-10b-v24.2-131k,0.46210720887245843,0.5971185558062836,0.21299093655589124,0.29949664429530204,0.41798941798941797,0.3833942819148936
OpenBuddy/openbuddy-llama3-70b-v21.2-32k,0.6598890942698706,0.6497135913903836,0.20317220543806647,0.3422818791946309,0.45634920634920634,0.4832114361702128
OpenBuddy/openbuddy-llama3-8b-v21.1-8k,0.512014787430684,0.4759590348897761,0.04305135951661632,0.2709731543624161,0.39814814814814814,0.2954621010638298
OpenBuddy/openbuddy-llama3-8b-v21.2-32k,0.5693160813308688,0.48429092171498006,0.07854984894259819,0.27936241610738255,0.376984126984127,0.3298703457446808
OpenBuddy/openbuddy-llama3.1-70b-v22.1-131k,0.6931608133086876,0.6698489845512932,0.3950151057401813,0.375,0.46164021164021163,0.5304188829787234
OpenBuddy/openbuddy-llama3.1-8b-v22.2-131k,0.6192236598890942,0.496788751952786,0.1148036253776435,0.27936241610738255,0.4074074074074074,0.3310339095744681
OpenBuddy/openbuddy-llama3.1-8b-v22.3-131k,0.5471349353049908,0.5039055719493144,0.12084592145015106,0.27936241610738255,0.4007936507936508,0.3277094414893617
OpenBuddy/openbuddy-llama3.2-1b-v23.1-131k,0.3031423290203327,0.32407568130532893,0.024924471299093656,0.25838926174496646,0.3333333333333333,0.1840093085106383
OpenBuddy/openbuddy-llama3.2-3b-v23.2-131k,0.37707948243992606,0.4061794827286929,0.026435045317220542,0.276006711409396,0.3253968253968254,0.2479222074468085
OpenBuddy/openbuddy-llama3.3-70b-v24.1-131k,0.7800369685767098,0.6856448533240757,0.44108761329305135,0.43456375838926176,0.48544973544973546,0.5327460106382979
OpenBuddy/openbuddy-mixtral-7bx8-v18.1-32k,0.5027726432532348,0.46328762367644505,0.10800604229607251,0.30453020134228187,0.38227513227513227,0.38040226063829785
OpenBuddy/openbuddy-nemotron-70b-v23.1-131k,0.7208872458410351,0.6738413469883701,0.32099697885196377,0.36325503355704697,0.4523809523809524,0.5174534574468085
OpenBuddy/openbuddy-nemotron-70b-v23.2-131k,0.6839186691312384,0.6693282416247179,0.3157099697885196,0.3598993288590604,0.46825396825396826,0.5120511968085106
OpenBuddy/openbuddy-qwen2.5llamaify-14b-v23.1-200k,0.5914972273567468,0.5992015275125846,0.2537764350453172,0.33305369127516776,0.42328042328042326,0.4673371010638298
OpenBuddy/openbuddy-qwen2.5llamaify-14b-v23.3-200k,0.5656192236598891,0.606318347509113,0.2311178247734139,0.3271812080536913,0.43386243386243384,0.4794714095744681
OpenBuddy/openbuddy-qwen2.5llamaify-7b-v23.1-200k,0.5194085027726433,0.5481687207082104,0.18882175226586104,0.3145973154362416,0.4351851851851852,0.394780585106383
OpenBuddy/openbuddy-qwq-32b-v24.1-200k,0.5434380776340111,0.6760978996701962,0.37386706948640486,0.3808724832214765,0.48412698412698413,0.5490359042553191
OpenBuddy/openbuddy-qwq-32b-v24.2-200k,0.5452865064695009,0.673667766012845,0.3776435045317221,0.3766778523489933,0.4708994708994709,0.5446309840425532
OpenBuddy/openbuddy-yi1.5-34b-v21.3-32k,0.49168207024029575,0.6134351675056414,0.1782477341389728,0.348993288590604,0.44312169312169314,0.4599401595744681
OpenBuddy/openbuddy-zero-14b-v22.3-32k,0.31053604436229204,0.48463808366603023,0.09365558912386707,0.3070469798657718,0.41534391534391535,0.3187333776595745
OpenBuddy/openbuddy-zero-3b-v21.2-32k,0.32162661737523107,0.38951570907828503,0.0188821752265861,0.2600671140939597,0.3558201058201058,0.20337433510638298
OpenBuddy/openbuddy-zero-56b-v21.2-32k,0.4454713493530499,0.6097899670196146,0.16238670694864046,0.3179530201342282,0.4298941798941799,0.43991023936170215
OpenGenerativeAI/Bifrost-14B,0.6192236598890942,0.6830411386911994,0.23564954682779457,0.37919463087248323,0.46164021164021163,0.5073969414893617
OpenGenerativeAI/Bifrost,0.589648798521257,0.6835618816177746,0.2545317220543807,0.36828859060402686,0.458994708994709,0.5159574468085106
OpenLLM-France/Lucie-7B-Instruct-human-data,0.24029574861367836,0.32563791008505466,0.02190332326283988,0.2751677852348993,0.3716931216931217,0.14295212765957446
OpenLLM-France/Lucie-7B-Instruct-v1.1,0.23844731977818853,0.3808366603020309,0.03172205438066465,0.28187919463087246,0.37433862433862436,0.1864195478723404
OpenLLM-France/Lucie-7B-Instruct,0.2199630314232902,0.3223398715500781,0.01661631419939577,0.27936241610738255,0.36507936507936506,0.15558510638297873
OpenLLM-France/Lucie-7B,0.19593345656192238,0.34646762714806456,0.014350453172205438,0.2726510067114094,0.3915343915343915,0.14976728723404256
OpenLeecher/llama3-8b-lima,0.3789279112754159,0.4263148758896025,0.05060422960725076,0.23825503355704697,0.37037037037037035,0.26263297872340424
OpenScholar/Llama-3.1_OpenScholar-8B,0.5545286506469501,0.5186599548689463,0.16540785498489427,0.28187919463087246,0.42724867724867727,0.370844414893617
Orenguteng/Llama-3.1-8B-Lexi-Uncensored-V2,0.7393715341959335,0.507203610484291,0.1971299093655589,0.2827181208053691,0.3835978835978836,0.3780751329787234
Orenguteng/Llama-3.1-8B-Lexi-Uncensored,0.7412199630314233,0.5054678007290401,0.15709969788519637,0.27181208053691275,0.3862433862433862,0.37898936170212766
Orion-zhen/Qwen2.5-7B-Instruct-Uncensored,0.6746765249537893,0.5445235202221836,0.4773413897280967,0.3028523489932886,0.4351851851851852,0.4426529255319149
Orion-zhen/phi-4-abliterated,0.04805914972273567,0.6681131747960424,0.3021148036253776,0.40436241610738255,0.5,0.5291722074468085
P0x0/Astra-v1-12B,0.24584103512014788,0.5203957646241972,0.11329305135951662,0.313758389261745,0.40476190476190477,0.3460771276595745
PJMixers-Dev/L3.2-Instruct-Thinking-v0.1-1B,0.3955637707948244,0.3275473008158306,0.054380664652567974,0.2575503355704698,0.3253968253968254,0.14827127659574468
PJMixers-Dev/LLaMa-3.1-Instruct-Interleaved-Zeroed-13B,0.7504621072088724,0.5061621246311404,0.2001510574018127,0.29194630872483224,0.3862433862433862,0.3767453457446808
PJMixers-Dev/LLaMa-3.1-RomboTiesTest-8B,0.744916820702403,0.5061621246311404,0.2001510574018127,0.29194630872483224,0.3862433862433862,0.3767453457446808
PJMixers-Dev/LLaMa-3.1-RomboTiesTest2-8B,0.744916820702403,0.5061621246311404,0.2001510574018127,0.29194630872483224,0.3862433862433862,0.3767453457446808
PJMixers-Dev/LLaMa-3.2-Instruct-JankMix-v0.1-SFT-3B,0.6451016635859519,0.4551293178267662,0.1216012084592145,0.27432885906040266,0.36904761904761907,0.312749335106383
PJMixers-Dev/LLaMa-3.2-Instruct-JankMix-v0.2-SFT-3B,0.5748613678373382,0.4580801944106926,0.1299093655589124,0.2726510067114094,0.36507936507936506,0.3115026595744681
PJMixers-Dev/LLaMa-3.2-Instruct-JankMix-v0.2-SFT-HailMary-v0.1-KTO-3B,0.5933456561922366,0.45044263148758895,0.12613293051359517,0.27181208053691275,0.36772486772486773,0.3107546542553192
PJMixers-Dev/LLaMa-3.2-Instruct-JankMixBread-v0.1-3B,0.43622920517560076,0.4471445929526124,0.13066465256797583,0.2827181208053691,0.3505291005291005,0.308344414893617
PJMixers-Dev/Qwen2.5-RomboTiesTest-7B,0.7190388170055453,0.5370595382746051,0.4962235649546828,0.2978187919463087,0.4021164021164021,0.4285239361702128
PJMixers/LLaMa-3-CursedStock-v2.0-8B,0.5767097966728281,0.5257767748654747,0.09441087613293052,0.27432885906040266,0.38492063492063494,0.3556349734042553
Parissa3/test-model,0.31608133086876156,0.51570907828502,0.0649546827794562,0.29446308724832215,0.46825396825396826,0.3056848404255319
Pinkstack/PARM-V1.5-base-QwQ-Qwen-2.5-o1-3B,0.4510166358595194,0.4676271480645721,0.1691842900302115,0.29697986577181207,0.4470899470899471,0.35106382978723405
Pinkstack/SuperThoughts-CoT-14B-16k-o1-QwQ,0.036968576709796676,0.6701961465023434,0.4199395770392749,0.3926174496644295,0.49074074074074076,0.526845079787234
Pinkstack/Superthoughts-lite-1.8B-experimental-o1,0.025878003696857672,0.3412601978823121,0.03172205438066465,0.2751677852348993,0.33465608465608465,0.18508976063829788
Pinkstack/Superthoughts-lite-v1,0.11829944547134935,0.3443846554417636,0.02945619335347432,0.28104026845637586,0.3664021164021164,0.17553191489361702
PocketDoc/Dans-Instruct-CoreCurriculum-12b,0.17929759704251386,0.3758028120118035,0.054380664652567974,0.2827181208053691,0.4087301587301587,0.1219248670212766
PocketDoc/Dans-PersonalityEngine-V1.1.0-12b,0.6691312384473198,0.5330671758375282,0.10498489425981873,0.28691275167785235,0.4576719576719577,0.32621343085106386
PocketDoc/Dans-PersonalityEngine-V1.2.0-24b,0.7523105360443623,0.639819475785454,0.24546827794561935,0.3187919463087248,0.42857142857142855,0.5025764627659575
PocketDoc/Dans-PersonalityEngine-v1.0.0-8b,0.4436229205175601,0.4710987675750738,0.08157099697885196,0.28523489932885904,0.3531746031746032,0.3065159574468085
PocketDoc/Dans-SakuraKaze-V1.0.0-12b,0.6025878003696857,0.5375802812011804,0.09290030211480363,0.2936241610738255,0.47354497354497355,0.35596742021276595
PowerInfer/SmallThinker-3B-Preview,0.5600739371534196,0.44662385002603716,0.27794561933534745,0.2609060402684564,0.35185185185185186,0.3017785904255319
PranavHarshan/LaMistral-V4,0.5822550831792976,0.5167505641381704,0.06873111782477341,0.32802013422818793,0.3637566137566138,0.35987367021276595
PranavHarshan/MedNarra-X1,0.3844731977818854,0.4615518139211942,0.04380664652567976,0.30788590604026844,0.3531746031746032,0.34308510638297873
Pretergeek/OpenChat-3.5-0106_10.7B_48Layers-Appended,0.5434380776340111,0.4596424231904183,0.07930513595166164,0.3070469798657718,0.4246031746031746,0.3289561170212766
Pretergeek/OpenChat-3.5-0106_10.7B_48Layers-Interleaved,0.5434380776340111,0.4596424231904183,0.07779456193353475,0.30453020134228187,0.4246031746031746,0.3298703457446808
Pretergeek/OpenChat-3.5-0106_32K-PoSE,0.3345656192236599,0.46,0.026435045317220542,0.2777777777777778,0.528,0.203125
Pretergeek/OpenChat-3.5-0106_8.11B_36Layers-Appended,0.5452865064695009,0.4596424231904183,0.07930513595166164,0.3070469798657718,0.4246031746031746,0.3289561170212766
Pretergeek/OpenChat-3.5-0106_8.11B_36Layers-Interleaved,0.5434380776340111,0.4598160041659434,0.07779456193353475,0.30453020134228187,0.42328042328042326,0.3298703457446808
Pretergeek/OpenChat-3.5-0106_8.99B_40Layers-Appended,0.5434380776340111,0.4596424231904183,0.07930513595166164,0.3070469798657718,0.4246031746031746,0.3289561170212766
Pretergeek/OpenChat-3.5-0106_8.99B_40Layers-Interleaved,0.5452865064695009,0.4598160041659434,0.07779456193353475,0.30453020134228187,0.42328042328042326,0.3298703457446808
Pretergeek/OpenChat-3.5-0106_9.86B_44Layers-Appended,0.5434380776340111,0.4596424231904183,0.07930513595166164,0.3070469798657718,0.4246031746031746,0.3289561170212766
Pretergeek/openchat-3.5-0106_Rebased_Mistral-7B-v0.2,0.2975970425138632,0.36070126714112133,0.045317220543806644,0.27181208053691275,0.4828042328042328,0.2829953457446808
PrimeIntellect/INTELLECT-1-Instruct,0.0,0.2827634091303593,0.022658610271903322,0.2483221476510067,0.35714285714285715,0.10638297872340426
PrimeIntellect/INTELLECT-1,0.11645101663585952,0.26922409303940287,0.0,0.25,0.37433862433862436,0.11203457446808511
PuxAI/LUA_model,0.16266173752310537,0.2839784759590349,0.0,0.2600671140939597,0.3478835978835979,0.11228390957446809
PygmalionAI/pygmalion-6b,0.14602587800369685,0.3176531852109009,0.008308157099697885,0.24916107382550334,0.36772486772486773,0.11835106382978723
Q-bert/MetaMath-1B,0.4713493530499076,0.3428224266620378,0.06268882175226587,0.2516778523489933,0.328042328042328,0.1495179521276596
Quazim0t0/1up-14b,0.6414048059149723,0.6899843777122028,0.4161631419939577,0.3624161073825503,0.4576719576719577,0.5406416223404256
Quazim0t0/Adamant-14B-sce,0.6377079482439926,0.6839090435688249,0.3987915407854985,0.35067114093959734,0.455026455026455,0.5371509308510638
Quazim0t0/Alice-14B,0.6358595194085028,0.6915466064919285,0.4569486404833837,0.35151006711409394,0.4470899470899471,0.5418882978723404
Quazim0t0/Alien-CoT-14B-sce,0.06099815157116451,0.6391251518833536,0.520392749244713,0.39177852348993286,0.4775132275132275,0.5170378989361702
Quazim0t0/Aura-8B-Linear,0.7634011090573013,0.5070300295087659,0.18051359516616314,0.26929530201342283,0.36772486772486773,0.3800698138297872
Quazim0t0/Casa-14b-sce,0.6266173752310537,0.6868599201527512,0.4984894259818731,0.3338926174496644,0.4312169312169312,0.5408078457446809
Quazim0t0/Charlie-8B-Linear,0.6931608133086876,0.5131053636521438,0.26510574018126887,0.2709731543624161,0.3478835978835979,0.3572972074468085
Quazim0t0/Chromatic-8b-sce,0.43068391866913125,0.505294219753515,0.1555891238670695,0.3196308724832215,0.40476190476190477,0.37549867021276595
Quazim0t0/CoT_Phi,0.5674676524953789,0.6733206040617948,0.33081570996978854,0.35822147651006714,0.42328042328042326,0.4901097074468085
Quazim0t0/Dyson-14b,0.5286506469500925,0.684256205519875,0.5392749244712991,0.313758389261745,0.4246031746031746,0.5398936170212766
Quazim0t0/Edu-14B-Linear,0.5637707948243993,0.6748828328415206,0.24471299093655588,0.31711409395973156,0.4365079365079365,0.508560505319149
Quazim0t0/Fugazi14b,0.6561922365988909,0.6918937684429787,0.4652567975830816,0.35151006711409394,0.4537037037037037,0.5417220744680851
Quazim0t0/GZA-14B-sce,0.5785582255083179,0.6672452699184169,0.47205438066465255,0.30201342281879195,0.42724867724867727,0.523188164893617
Quazim0t0/Geedorah-14B,0.6395563770794824,0.6943239021003298,0.44486404833836857,0.34731543624161076,0.4537037037037037,0.5421376329787234
Quazim0t0/GivingTree-8b-sce,0.4232902033271719,0.5026905051206387,0.15256797583081572,0.3221476510067114,0.40476190476190477,0.37608045212765956
Quazim0t0/GuiltySpark-14B-ties,0.6358595194085028,0.6891164728345773,0.38368580060422963,0.3649328859060403,0.455026455026455,0.5399767287234043
Quazim0t0/Halo-14B-sce,0.6229205175600739,0.6854712723485507,0.42900302114803623,0.34731543624161076,0.43915343915343913,0.5376496010638298
Quazim0t0/Heretic1.5b,0.14972273567467653,0.35098073251171674,0.24395770392749244,0.2684563758389262,0.3505291005291005,0.17278922872340424
Quazim0t0/Hyde-14b-sce,0.6284658040665434,0.6877278250303767,0.27341389728096677,0.3414429530201342,0.4126984126984127,0.5300033244680851
Quazim0t0/Imagine-v0.5-16bit,0.2088724584103512,0.6747092518659955,0.13972809667673716,0.3649328859060403,0.43386243386243384,0.535405585106383
Quazim0t0/Imbue-14b,0.4584103512014787,0.6823468147890991,0.5317220543806647,0.31291946308724833,0.41534391534391535,0.5402260638297872
Quazim0t0/Insom,0.6358595194085028,0.6865127582017011,0.3851963746223565,0.3498322147651007,0.4298941798941799,0.5352393617021277
Quazim0t0/InspectorDeck-14B-sce,0.2476894639556377,0.665335879187641,0.3164652567975831,0.29697986577181207,0.3968253968253968,0.5260970744680851
Quazim0t0/Jekyl-8b-sce,0.3974121996303142,0.4978302378059365,0.16163141993957703,0.33808724832214765,0.4193121693121693,0.3686003989361702
Quazim0t0/Jigsaw-14B-Linear,0.5970425138632163,0.6851241103975004,0.26510574018126887,0.34060402684563756,0.4470899470899471,0.5233543882978723
Quazim0t0/Katana-8b-sce,0.4399260628465804,0.5059885436556153,0.1510574018126888,0.32466442953020136,0.40343915343915343,0.3770777925531915
Quazim0t0/Knot-CoT-14B-sce,0.4195933456561922,0.6599548689463635,0.3995468277945619,0.2936241610738255,0.4126984126984127,0.515375664893617
Quazim0t0/Lineage-14B,0.6598890942698706,0.6911994445408783,0.4244712990936556,0.3598993288590604,0.458994708994709,0.5410571808510638
Quazim0t0/Lo-Phi-14b,0.43068391866913125,0.6828675577156743,0.5196374622356495,0.32802013422818793,0.421957671957672,0.5369015957446809
Quazim0t0/Loke-14B-sce,0.6321626617375231,0.6901579586877278,0.3904833836858006,0.3649328859060403,0.46296296296296297,0.5401429521276596
Quazim0t0/MFDOOM-14B,0.6266173752310537,0.6894636347856274,0.5264350453172205,0.32298657718120805,0.4365079365079365,0.5425531914893617
Quazim0t0/MFGRIMM-14B,0.6414048059149723,0.688422148932477,0.5060422960725075,0.3338926174496644,0.4351851851851852,0.5416389627659575
Quazim0t0/Math_Phi4_Reason,0.24953789279112754,0.6222877972574206,0.32779456193353473,0.2902684563758389,0.4021164021164021,0.5029920212765957
Quazim0t0/Mithril-14B-sce,0.6469500924214417,0.6903315396632529,0.3821752265861027,0.3691275167785235,0.4603174603174603,0.5403091755319149
Quazim0t0/Mononoke-14B-sce,0.2735674676524954,0.6727998611352196,0.4697885196374622,0.32298657718120805,0.414021164021164,0.5297539893617021
Quazim0t0/Motion-8B-Linear,0.7338262476894639,0.5077243534108662,0.18882175226586104,0.2709731543624161,0.35978835978835977,0.3784906914893617
Quazim0t0/Mouse-9B,0.08872458410351201,0.2956084013192154,0.005287009063444109,0.25419463087248323,0.34656084656084657,0.11386303191489362
Quazim0t0/Nova-14b-sce,0.6561922365988909,0.6915466064919285,0.4161631419939577,0.36325503355704697,0.45634920634920634,0.5413065159574468
Quazim0t0/NovaScotia-14b-stock,0.6284658040665434,0.6915466064919285,0.46299093655589124,0.348993288590604,0.44841269841269843,0.5408909574468085
Quazim0t0/ODB-14B-sce,0.2199630314232902,0.6533587918764103,0.2545317220543807,0.26593959731543626,0.3915343915343915,0.5206948138297872
Quazim0t0/ODB-14b-sce,0.6561922365988909,0.6922409303940288,0.411631419939577,0.3624161073825503,0.45634920634920634,0.5411402925531915
Quazim0t0/Oasis-14B-ties,0.6451016635859519,0.6891164728345773,0.37537764350453173,0.3649328859060403,0.45634920634920634,0.5404753989361702
Quazim0t0/Origami-14B-sce,0.2513863216266174,0.6601284499218886,0.29154078549848944,0.2835570469798658,0.4021164021164021,0.5244348404255319
Quazim0t0/Phi4.Turn.R1Distill.16bit,0.24399260628465805,0.6540531157785107,0.2311178247734139,0.29446308724832215,0.3888888888888889,0.5256815159574468
Quazim0t0/Phi4.Turn.R1Distill_v1.5.1-Tensors,0.22735674676524953,0.6438118382225309,0.2190332326283988,0.2684563758389262,0.3915343915343915,0.51171875
Quazim0t0/Phi4Basis-14B-sce,0.5988909426987061,0.6889428918590522,0.4788519637462236,0.3288590604026846,0.43253968253968256,0.5389793882978723
Quazim0t0/Ponder-14B-linear,0.6414048059149723,0.6922409303940288,0.4282477341389728,0.35822147651006714,0.455026455026455,0.5408078457446809
Quazim0t0/RZA-14B-sce,0.41035120147874304,0.6677660128449922,0.5188821752265861,0.2902684563758389,0.41005291005291006,0.538314494680851
Quazim0t0/Rosemary-14b,0.6432532347504621,0.6936295781982295,0.438821752265861,0.3565436241610738,0.44841269841269843,0.5396442819148937
Quazim0t0/Rune-14b,0.6561922365988909,0.6917201874674536,0.45845921450151056,0.35151006711409394,0.4523809523809524,0.5411402925531915
Quazim0t0/SZA-14B-sce,0.5083179297597042,0.6872070821038014,0.5241691842900302,0.33053691275167785,0.43253968253968256,0.5353224734042553
Quazim0t0/Sake-20b,0.6155268022181146,0.6750564138170456,0.4652567975830816,0.3187919463087248,0.44841269841269843,0.5391456117021277
Quazim0t0/Spok-14b-sce,0.6229205175600739,0.6891164728345773,0.2719033232628399,0.34563758389261745,0.4126984126984127,0.5297539893617021
Quazim0t0/Sumatra-20b,0.6173752310536045,0.6839090435688249,0.36706948640483383,0.3263422818791946,0.455026455026455,0.5414727393617021
Quazim0t0/SuperNova14b,0.6598890942698706,0.6917201874674536,0.4395770392749245,0.3523489932885906,0.4537037037037037,0.543467420212766
Quazim0t0/TB0-8B-sce,0.4399260628465804,0.5059885436556153,0.1510574018126888,0.32466442953020136,0.40343915343915343,0.3770777925531915
Quazim0t0/TBL-8B-sce,0.3826247689463956,0.4993924665856622,0.15332326283987915,0.3338926174496644,0.42328042328042326,0.3689328457446808
Quazim0t0/ThinkPhi1.1-Tensors,0.3234750462107209,0.6432910952959555,0.18202416918429004,0.2986577181208054,0.4166666666666667,0.4907746010638298
Quazim0t0/Venti-20b,0.609981515711645,0.6880749869814269,0.3391238670694864,0.33221476510067116,0.4470899470899471,0.5386469414893617
Quazim0t0/Venti-Blend-sce,0.6432532347504621,0.6821732338135741,0.40558912386706947,0.3162751677852349,0.43783068783068785,0.5413896276595744
Quazim0t0/Vine-14b-sce,0.6284658040665434,0.6868599201527512,0.5007552870090635,0.3338926174496644,0.4312169312169312,0.5408078457446809
Quazim0t0/Wendy-14B,0.6266173752310537,0.6936295781982295,0.48338368580060426,0.33221476510067116,0.4417989417989418,0.543467420212766
Quazim0t0/Wu-14b-sce,0.6266173752310537,0.6877278250303767,0.26132930513595165,0.3464765100671141,0.41005291005291006,0.5292553191489362
Quazim0t0/bloom-14b-stock,0.609981515711645,0.6859920152751259,0.4811178247734139,0.3313758389261745,0.4298941798941799,0.5373171542553191
Quazim0t0/caramel-14B,0.6247689463955638,0.6898107967366777,0.47129909365558914,0.3447986577181208,0.4444444444444444,0.5435505319148937
Quazim0t0/graphite-14b-sce,0.2476894639556377,0.660996354799514,0.30060422960725075,0.28942953020134227,0.3968253968253968,0.5280086436170213
Quazim0t0/mocha-14B,0.532347504621072,0.6875542440548515,0.5264350453172205,0.33053691275167785,0.42592592592592593,0.5383976063829787
Quazim0t0/mosaic-14b-sce,0.6377079482439926,0.6885957299080021,0.4025679758308157,0.3624161073825503,0.455026455026455,0.5396442819148937
Quazim0t0/tesseract-14b-stock,0.5304990757855823,0.6856448533240757,0.5143504531722054,0.3271812080536913,0.421957671957672,0.5388962765957447
Quazim0t0/time-14b-stock,0.6192236598890942,0.6873806630793265,0.5083081570996979,0.3347315436241611,0.4312169312169312,0.5418882978723404
Qwen/QwQ-32B-Preview,0.33826247689463956,0.6663773650407915,0.44939577039274925,0.2818791946308725,0.41005291005291006,0.5678191489361702
Qwen/QwQ-32B,0.32532347504621073,0.29491407741711506,0.1608761329305136,0.2600671140939597,0.4193121693121693,0.11959773936170212
Qwen/Qwen1.5-0.5B-Chat,0.13123844731977818,0.3134872417982989,0.006797583081570997,0.26929530201342283,0.38227513227513227,0.12125997340425532
Qwen/Qwen1.5-0.5B,0.11090573012939002,0.31314007984724873,0.017371601208459216,0.25419463087248323,0.3611111111111111,0.1307347074468085
Qwen/Qwen1.5-1.8B-Chat,0.14602587800369685,0.32216629057455304,0.019637462235649546,0.2978187919463087,0.4246031746031746,0.18035239361702127
Qwen/Qwen1.5-1.8B,0.1478743068391867,0.34490539836833883,0.03172205438066465,0.3053691275167785,0.35978835978835977,0.18816489361702127
Qwen/Qwen1.5-110B-Chat,0.5378927911275416,0.6153445582364173,0.23413897280966767,0.3414429530201342,0.45105820105820105,0.48246343085106386
Qwen/Qwen1.5-110B,0.27911275415896486,0.6070126714112133,0.24697885196374622,0.3523489932885906,0.44047619047619047,0.5360704787234043
Qwen/Qwen1.5-14B-Chat,0.41404805914972276,0.5184863738934212,0.15256797583081572,0.2701342281879195,0.43915343915343913,0.36178523936170215
Qwen/Qwen1.5-14B,0.22735674676524953,0.5037319909737893,0.20241691842900303,0.29446308724832215,0.41798941798941797,0.36436170212765956
Qwen/Qwen1.5-32B-Chat,0.5009242144177449,0.6037146328762367,0.19561933534743203,0.3062080536912752,0.41534391534391535,0.4457280585106383
Qwen/Qwen1.5-32B,0.266173752310536,0.56865127582017,0.3028700906344411,0.3296979865771812,0.42724867724867727,0.4499667553191489
Qwen/Qwen1.5-4B-Chat,0.2680221811460259,0.3973268529769137,0.027945619335347432,0.26677852348993286,0.3968253968253968,0.23961103723404256
Qwen/Qwen1.5-4B,0.19038817005545286,0.4035757680958167,0.052870090634441085,0.27684563758389263,0.35978835978835977,0.24601063829787234
Qwen/Qwen1.5-7B-Chat,0.3826247689463956,0.44835965978128794,0.06268882175226587,0.3028523489932886,0.376984126984127,0.2951296542553192
Qwen/Qwen1.5-7B,0.21072088724584104,0.4542614129491408,0.09290030211480363,0.2986577181208054,0.41005291005291006,0.29163896276595747
Qwen/Qwen1.5-MoE-A2.7B-Chat,0.3142329020332717,0.4235375802812012,0.0634441087613293,0.27432885906040266,0.3888888888888889,0.29230385638297873
Qwen/Qwen1.5-MoE-A2.7B,0.20702402957486138,0.40791529248394376,0.09290030211480363,0.25922818791946306,0.4007936507936508,0.2777593085106383
Qwen/Qwen2-0.5B-Instruct,0.16635859519408502,0.3169588613088006,0.028700906344410877,0.24664429530201343,0.33465608465608465,0.15309175531914893
Qwen/Qwen2-0.5B,0.13123844731977818,0.32268703350112826,0.026435045317220542,0.2609060402684564,0.37433862433862436,0.17195811170212766
Qwen/Qwen2-1.5B-Instruct,0.2809611829944547,0.3823988890817566,0.07175226586102719,0.26174496644295303,0.42857142857142855,0.25008311170212766
Qwen/Qwen2-1.5B,0.15526802218114602,0.3561881617774692,0.0702416918429003,0.26426174496644295,0.36507936507936506,0.2551529255319149
Qwen/Qwen2-57B-A14B-Instruct,0.5841035120147874,0.5856622114216282,0.28172205438066467,0.3313758389261745,0.4351851851851852,0.45752992021276595
Qwen/Qwen2-57B-A14B,0.2532347504621072,0.5589307411907655,0.1865558912386707,0.3062080536912752,0.4166666666666667,0.4916057180851064
Qwen/Qwen2-72B-Instruct,0.7597042513863216,0.6965804547821559,0.4176737160120846,0.3724832214765101,0.455026455026455,0.5403091755319149
Qwen/Qwen2-72B,0.3234750462107209,0.6592605450442631,0.311178247734139,0.39429530201342283,0.4695767195767196,0.5730551861702128
Qwen/Qwen2-7B-Instruct,0.5231053604436229,0.5507724353410867,0.2764350453172205,0.2978187919463087,0.3915343915343915,0.38472406914893614
Qwen/Qwen2-7B,0.2532347504621072,0.5287276514494011,0.2039274924471299,0.30453020134228187,0.44312169312169314,0.41830119680851063
Qwen/Qwen2-Math-72B-Instruct,0.5212569316081331,0.6320083318868253,0.5536253776435045,0.36828859060402686,0.45105820105820105,0.42727726063829785
Qwen/Qwen2-Math-7B,0.2088724584103512,0.38361395591043224,0.24773413897280966,0.2634228187919463,0.3584656084656085,0.1196808510638298
Qwen/Qwen2-VL-72B-Instruct,0.5489833641404805,0.6915466064919285,0.34441087613293053,0.3875838926174497,0.44841269841269843,0.5717253989361702
Qwen/Qwen2-VL-7B-Instruct,0.4066543438077634,0.5436556153445582,0.1986404833836858,0.3196308724832215,0.4365079365079365,0.40949135638297873
Qwen/Qwen2.5-0.5B-Instruct,0.26247689463955637,0.33067175837528207,0.10347432024169184,0.25922818791946306,0.3333333333333333,0.17195811170212766
Qwen/Qwen2.5-0.5B,0.10720887245841035,0.32615865301162994,0.03927492447129909,0.24664429530201343,0.3425925925925926,0.19057513297872342
Qwen/Qwen2.5-1.5B-Instruct,0.4011090573012939,0.42475264710987676,0.22054380664652568,0.2558724832214765,0.36507936507936506,0.27992021276595747
Qwen/Qwen2.5-1.5B,0.2255083179297597,0.4046172539489672,0.09138972809667674,0.28523489932885904,0.35714285714285715,0.28548869680851063
Qwen/Qwen2.5-14B-Instruct-1M,0.8170055452865065,0.6177746918937684,0.5302114803625377,0.34312080536912754,0.4166666666666667,0.4849567819148936
Qwen/Qwen2.5-14B-Instruct,0.7874306839186691,0.6373893421281027,0.547583081570997,0.3221476510067114,0.4087301587301587,0.4904421542553192
Qwen/Qwen2.5-14B,0.32162661737523107,0.6137823294566915,0.29003021148036257,0.38171140939597314,0.4497354497354497,0.5248503989361702
Qwen/Qwen2.5-32B-Instruct,0.8059149722735675,0.6873806630793265,0.6253776435045317,0.33808724832214765,0.4246031746031746,0.566655585106383
Qwen/Qwen2.5-32B,0.35489833641404805,0.6740149279638952,0.3564954682779456,0.41191275167785235,0.4973544973544973,0.5805352393617021
Qwen/Qwen2.5-3B-Instruct,0.600739371534196,0.4655441763582711,0.3678247734138973,0.2726510067114094,0.3955026455026455,0.3254654255319149
Qwen/Qwen2.5-3B,0.22735674676524953,0.4599895851414685,0.14803625377643503,0.2978187919463087,0.4298941798941799,0.3203125
Qwen/Qwen2.5-72B-Instruct,0.8391866913123844,0.7255684776948447,0.5981873111782477,0.375,0.4193121693121693,0.5625831117021277
Qwen/Qwen2.5-72B,0.3585951940850277,0.6781808713764972,0.39123867069486407,0.4052013422818792,0.47619047619047616,0.5968251329787234
Qwen/Qwen2.5-7B-Instruct-1M,0.7005545286506469,0.536712376323555,0.4335347432024169,0.2978187919463087,0.4074074074074074,0.35048204787234044
Qwen/Qwen2.5-7B-Instruct,0.7208872458410351,0.5368859572990801,0.5,0.2911073825503356,0.4007936507936508,0.4286901595744681
Qwen/Qwen2.5-7B,0.2828096118299446,0.5375802812011804,0.25075528700906347,0.32466442953020136,0.4417989417989418,0.4365026595744681
Qwen/Qwen2.5-Coder-14B-Instruct,0.6524953789279113,0.6127408436035411,0.324773413897281,0.30453020134228187,0.39021164021164023,0.3939494680851064
Qwen/Qwen2.5-Coder-14B,0.27726432532347506,0.5835792397153272,0.22507552870090636,0.29278523489932884,0.3862433862433862,0.4521276595744681
Qwen/Qwen2.5-Coder-32B-Instruct,0.6820702402957486,0.6596077069953133,0.4954682779456193,0.348993288590604,0.43783068783068785,0.44132313829787234
Qwen/Qwen2.5-Coder-32B,0.39186691312384475,0.637910085054678,0.30891238670694865,0.3464765100671141,0.4523809523809524,0.5302526595744681
Qwen/Qwen2.5-Coder-7B-Instruct,0.5656192236598891,0.49800381878146155,0.3716012084592145,0.29194630872483224,0.4060846560846561,0.3351894946808511
Qwen/Qwen2.5-Coder-7B,0.27911275415896486,0.4829022739107794,0.19184290030211482,0.25922818791946306,0.3439153439153439,0.3679355053191489
Qwen/Qwen2.5-Math-1.5B-Instruct,0.13493530499075784,0.37267835445235203,0.2628398791540785,0.2651006711409396,0.36772486772486773,0.1801030585106383
Qwen/Qwen2.5-Math-72B-Instruct,0.3234750462107209,0.6436382572470057,0.6238670694864048,0.3313758389261745,0.44576719576719576,0.4812167553191489
Qwen/Qwen2.5-Math-7B-Instruct,0.20702402957486138,0.435861829543482,0.5808157099697885,0.26174496644295303,0.3637566137566138,0.2819980053191489
Qwen/Qwen2.5-Math-7B,0.1922365988909427,0.4431522305155355,0.30513595166163143,0.2936241610738255,0.376984126984127,0.27177526595744683
RDson/WomboCombo-R1-Coder-14B-Preview,0.5748613678373382,0.637910085054678,0.5989425981873112,0.3213087248322148,0.4828042328042328,0.5167885638297872
RESMPDEV/EVA-Qwen2.5-1.5B-FRFR,0.24584103512014788,0.39055719493143554,0.1027190332326284,0.27936241610738255,0.3531746031746032,0.27701130319148937
RESMPDEV/Qwen2-Wukong-0.5B,0.12384473197781885,0.3060232598507204,0.0015105740181268882,0.23657718120805368,0.35185185185185186,0.13272938829787234
RLHFlow/ArmoRM-Llama3-8B-v0.1,0.12754158964879853,0.28345773303245964,0.0,0.24916107382550334,0.3941798941798942,0.10779587765957446
RLHFlow/LLaMA3-iterative-DPO-final,0.47689463955637706,0.5037319909737893,0.08836858006042296,0.2835570469798658,0.3664021164021164,0.32571476063829785
RWKV/rwkv-raven-14b,0.051756007393715345,0.3294566915466065,0.004531722054380665,0.22902684563758388,0.3941798941798942,0.11502659574468085
Rakuten/RakutenAI-2.0-mini-instruct,0.6321626617375231,0.28258982815483424,0.05211480362537765,0.26677852348993286,0.32407407407407407,0.11178523936170212
Rakuten/RakutenAI-7B-chat,0.1977818853974122,0.42961291442457905,0.02945619335347432,0.25671140939597314,0.3783068783068783,0.2798371010638298
Rakuten/RakutenAI-7B,0.13493530499075784,0.42961291442457905,0.019637462235649546,0.28942953020134227,0.373015873015873,0.28773271276595747
Replete-AI/L3-Pneuma-8B,0.17929759704251386,0.490539836833883,0.054380664652567974,0.3179530201342282,0.41005291005291006,0.3175698138297872
Replete-AI/L3.1-Pneuma-8B,0.6598890942698706,0.5035584099982642,0.21978851963746224,0.3028523489932886,0.3862433862433862,0.36909906914893614
Replete-AI/Llama3-8B-Instruct-Replete-Adapted,0.6432532347504621,0.48411734073945495,0.07099697885196375,0.28104026845637586,0.36243386243386244,0.3390957446808511
Replete-AI/Replete-Coder-Instruct-8b-Merged,0.4731977818853974,0.4448880402707863,0.07779456193353475,0.26929530201342283,0.36507936507936506,0.18051861702127658
Replete-AI/Replete-Coder-Llama3-8B,0.41589648798521256,0.32702655788925533,0.04758308157099698,0.26090604026845643,0.3941798941798942,0.13306183510638298
Replete-AI/Replete-Coder-Qwen2-1.5b,0.23475046210720887,0.3461204651970144,0.03851963746223565,0.2684563758389262,0.4060846560846561,0.21467752659574468
Replete-AI/Replete-LLM-Qwen2-7b,0.08502772643253234,0.29404617253948967,0.0,0.2533557046979866,0.3835978835978836,0.1157746010638298
Replete-AI/Replete-LLM-Qwen2-7b_Beta-Preview,0.06839186691312385,0.2888387432737372,0.0,0.2483221476510067,0.3968253968253968,0.1284906914893617
Replete-AI/Replete-LLM-V2-Llama-3.1-8b,0.48428835489833644,0.5321992709599028,0.1404833836858006,0.313758389261745,0.3994708994708995,0.37533244680851063
RezVortex/JAJUKA-WEWILLNEVERFORGETYOU-3B,0.6414048059149723,0.46085749001909393,0.15483383685800603,0.2575503355704698,0.36243386243386244,0.3143284574468085
RezVortex/Jajuka-3b,0.6487985212569316,0.4577330324596424,0.1593655589123867,0.26593959731543626,0.3664021164021164,0.3137466755319149
Ro-xe/FMixIA-7B-DARE-0,0.2809611829944547,0.5011282763409131,0.052870090634441085,0.28942953020134227,0.4537037037037037,0.3016123670212766
Ro-xe/FMixIA-7B-SLERP-27,0.3142329020332717,0.5129317826766187,0.0634441087613293,0.2953020134228188,0.44047619047619047,0.30078125
Ro-xe/FMixIA-7B-TIES-1,0.28650646950092423,0.5066828675577156,0.05664652567975831,0.28859060402684567,0.46825396825396826,0.2992021276595745
Ro-xe/FMixIA-FrankenMerge-9.5B-PT-9,0.13863216266173753,0.505294219753515,0.0030211480362537764,0.30788590604026844,0.4166666666666667,0.36569148936170215
Rombo-Org/Rombo-LLM-V2.5-Qwen-7b,0.7097966728280961,0.5374067002256553,0.506797583081571,0.3011744966442953,0.3968253968253968,0.4282746010638298
RubielLabarta/LogoS-7Bx2-MoE-13B-v0.2,0.3733826247689464,0.5186599548689463,0.05740181268882175,0.27768456375838924,0.421957671957672,0.3087599734042553
SaisExperiments/Evil-Alpaca-3B-L3.2,0.25693160813308685,0.4332581149106058,0.0702416918429003,0.2634228187919463,0.4193121693121693,0.2621343085106383
SaisExperiments/Gemma-2-2B-Opus-Instruct,0.41035120147874304,0.42770352369380316,0.05060422960725076,0.2835570469798658,0.40476190476190477,0.2650432180851064
SaisExperiments/Gemma-2-2B-Stheno-Filtered,0.35489833641404805,0.41329630272522133,0.04607250755287009,0.2701342281879195,0.3994708994708995,0.2629654255319149
SaisExperiments/Not-So-Small-Alpaca-24B,0.5748613678373382,0.5348029855927791,0.18277945619335348,0.35906040268456374,0.42724867724867727,0.36943151595744683
SaisExperiments/QwOwO-7B-V1,0.39926062846580407,0.5407047387606319,0.3859516616314199,0.2600671140939597,0.38227513227513227,0.42237367021276595
SaisExperiments/RightSheep-Llama3.2-3B,0.3456561922365989,0.42371116125672625,0.08081570996978851,0.28691275167785235,0.37566137566137564,0.25398936170212766
Sakalti/Anemoi-3B,0.30868761552680224,0.4877625412254817,0.17749244712990936,0.3053691275167785,0.4365079365079365,0.3765791223404255
Sakalti/Euphrates-14B,0.19963031423290203,0.6116993577503905,0.30513595166163143,0.3934563758389262,0.45105820105820105,0.5255152925531915
Sakalti/Llama3.2-3B-Uranus-1,0.46395563770794823,0.44263148758896026,0.14954682779456194,0.29697986577181207,0.3664021164021164,0.3094248670212766
Sakalti/Magro-7B-v1.1,0.08133086876155268,0.41728866516229823,0.024924471299093656,0.2961409395973154,0.44312169312169314,0.27642952127659576
Sakalti/Neptuno-3B,0.36044362292051757,0.47925707342475266,0.2552870090634441,0.2961409395973154,0.3994708994708995,0.3773271276595745
Sakalti/Neptuno-Alpha,0.30868761552680224,0.48810970317653185,0.18353474320241692,0.3070469798657718,0.4365079365079365,0.3767453457446808
Sakalti/Oxyge1-33B,0.3844731977818854,0.7000520742926575,0.4962235649546828,0.3825503355704698,0.5,0.5909242021276596
Sakalti/Phi3.5-Comets-3.8B,0.1478743068391867,0.33015101544870684,0.0007552870090634441,0.24916107382550334,0.37566137566137564,0.11527593085106383
Sakalti/Qwen2.5-1B-Instruct,0.11645101663585952,0.3008158305849679,0.006042296072507553,0.2558724832214765,0.335978835978836,0.12134308510638298
Sakalti/QwenTest-7,0.10536044362292052,0.3046346120465197,0.0037764350453172208,0.2600671140939597,0.3412698412698413,0.12117686170212766
Sakalti/SJT-0.5B,0.1756007393715342,0.32910952959555634,0.05211480362537765,0.27181208053691275,0.3187830687830688,0.18907912234042554
Sakalti/SJT-1.5B-Alpha-1.1,0.2754158964879852,0.4204131227217497,0.09592145015105741,0.28942953020134227,0.42328042328042326,0.296625664893617
Sakalti/SJT-1.5B-Alpha,0.27726432532347506,0.42023954174622463,0.09969788519637462,0.29194630872483224,0.421957671957672,0.2961269946808511
Sakalti/SJT-1.7B,0.12384473197781885,0.29005381010241277,0.0015105740181268882,0.24161073825503357,0.3955026455026455,0.11328125
Sakalti/SJT-14B,0.48613678373382624,0.6517965630966847,0.38444108761329304,0.38674496644295303,0.47619047619047616,0.5380651595744681
Sakalti/SJT-2.4B,0.21072088724584104,0.34559972227043917,0.02190332326283988,0.2558724832214765,0.36904761904761907,0.1858377659574468
Sakalti/SJT-24B-Alpha,0.2587800369685767,0.6052768616559625,0.25302114803625375,0.3808724832214765,0.458994708994709,0.48570478723404253
Sakalti/SJT-2B-V1.1,0.3290203327171904,0.3952438812706127,0.04833836858006042,0.2676174496644295,0.42857142857142855,0.21243351063829788
Sakalti/SJT-2B,0.16635859519408502,0.29005381010241277,0.0007552870090634441,0.24161073825503357,0.3558201058201058,0.11868351063829788
Sakalti/SJT-3.7B,0.07763401109057301,0.3363999305676098,0.012084592145015106,0.2558724832214765,0.3611111111111111,0.1505152925531915
Sakalti/SJT-4B,0.33826247689463956,0.48724179829890646,0.11555891238670694,0.29446308724832215,0.4775132275132275,0.328125
Sakalti/SJT-7.5B,0.35304990757855825,0.5321992709599028,0.21676737160120846,0.3263422818791946,0.43915343915343913,0.3951130319148936
Sakalti/SJT-7B-V1.1-Multilingal,0.14048059149722736,0.29005381010241277,0.004531722054380665,0.2600671140939597,0.3611111111111111,0.11369680851063829
Sakalti/SJT-7B-V1.1,0.3974121996303142,0.5403575768095816,0.243202416918429,0.3338926174496644,0.44047619047619047,0.441156914893617
Sakalti/SJT-8B-V1.1,0.38817005545286504,0.5084186773129665,0.20694864048338368,0.33640939597315433,0.42592592592592593,0.4231216755319149
Sakalti/SJT-8B,0.600739371534196,0.5250824509633745,0.2537764350453172,0.3296979865771812,0.4074074074074074,0.4266123670212766
Sakalti/SJT-900M,0.17744916820702403,0.31435514667592435,0.013595166163141994,0.2533557046979866,0.3584656084656085,0.11419547872340426
Sakalti/SJT-Moe2x7.5B,0.34011090573012936,0.5325464329109529,0.21450151057401812,0.3263422818791946,0.43915343915343913,0.3953623670212766
Sakalti/SJTPass-2,0.17190388170055454,0.32876236764450617,0.052870090634441085,0.2726510067114094,0.32142857142857145,0.1901595744680851
Sakalti/SJTPass-4,0.1367837338262477,0.2928311057108141,0.0022658610271903325,0.2600671140939597,0.3888888888888889,0.10829454787234043
Sakalti/SJTPass-5,0.1756007393715342,0.30689116472834577,0.015861027190332326,0.26677852348993286,0.3783068783068783,0.13272938829787234
Sakalti/Saba-Passthrough-2,0.11645101663585952,0.3631314007984725,0.0007552870090634441,0.2634228187919463,0.3835978835978836,0.20769614361702127
Sakalti/Saba1-1.8B,0.26247689463955637,0.41190765492102066,0.1540785498489426,0.2827181208053691,0.42328042328042326,0.2925531914893617
Sakalti/Saba1-7B,0.38817005545286504,0.547300815830585,0.36631419939577037,0.3162751677852349,0.47883597883597884,0.43758311170212766
Sakalti/Saba1.5-1.5B,0.26247689463955637,0.41190765492102066,0.1540785498489426,0.2827181208053691,0.42328042328042326,0.2925531914893617
Sakalti/Saba1.5-Pro-3B,0.17744916820702403,0.35792397153272,0.027190332326283987,0.2684563758389262,0.43915343915343913,0.19581117021276595
Sakalti/Saba2-14B-Preview,0.4048059149722736,0.6476306196840826,0.31268882175226587,0.3825503355704698,0.4775132275132275,0.5383976063829787
Sakalti/Saba2-3B,0.21811460258780038,0.2747786842562055,0.006042296072507553,0.2617449664429531,0.3915343915343915,0.12101063829787234
Sakalti/Sailor-japanese,0.11829944547134935,0.28762367644506165,0.0030211480362537764,0.2533557046979866,0.39021164021164023,0.11643949468085106
Sakalti/Saka-1.5B,0.21072088724584104,0.39541746224613783,0.08006042296072508,0.2902684563758389,0.373015873015873,0.24152260638297873
Sakalti/Saka-14B,0.6746765249537893,0.6484985245617081,0.4093655589123867,0.3959731543624161,0.4880952380952381,0.539561170212766
Sakalti/Saka-24B,0.33086876155268025,0.6059711855580628,0.18051359516616314,0.3422818791946309,0.4537037037037037,0.4765625
Sakalti/Saka-7.2B,0.09796672828096119,0.29040097205346294,0.0,0.23909395973154363,0.37037037037037035,0.11602393617021277
Sakalti/Saka-7.6B,0.3844731977818854,0.5630966846033675,0.3255287009063444,0.3162751677852349,0.44841269841269843,0.45403922872340424
Sakalti/SakaMoe-3x1.6B-Instruct,0.1756007393715342,0.326332233987155,0.054380664652567974,0.26677852348993286,0.3333333333333333,0.18824800531914893
Sakalti/SakalFusion-7B-Alpha,0.4584103512014787,0.5568477694844645,0.38444108761329304,0.32550335570469796,0.4576719576719577,0.4473902925531915
Sakalti/SakalFusion-7B-Beta,0.12199630314232902,0.284325637910085,0.0,0.24328859060402686,0.3862433862433862,0.10895944148936171
Sakalti/Tara-3.8B-v1.1,0.3364140480591497,0.48724179829890646,0.11555891238670694,0.29446308724832215,0.4775132275132275,0.328125
Sakalti/light-1.1-3B,0.20517560073937152,0.27512584620725566,0.011329305135951661,0.2617449664429531,0.3888888888888889,0.12092752659574468
Sakalti/light-3B,0.4787430683918669,0.4789099114737025,0.2590634441087613,0.2953020134228188,0.4007936507936508,0.3774933510638298
Sakalti/light-3b-beta,0.4879852125693161,0.4775212636695018,0.277190332326284,0.2978187919463087,0.4007936507936508,0.3758311170212766
Sakalti/light-7b-beta,0.5693160813308688,0.5526818260718626,0.3768882175226586,0.3213087248322148,0.42857142857142855,0.445561835106383
Sakalti/llama-3-yanyuedao-8b-instruct,0.1589648798521257,0.43360527686165595,0.03851963746223565,0.2902684563758389,0.4193121693121693,0.29105718085106386
Sakalti/magro-7B,0.09611829944547134,0.4174622461378233,0.02039274924471299,0.2953020134228188,0.44576719576719576,0.2765126329787234
Sakalti/mergekit-01,0.5693160813308688,0.5526818260718626,0.3768882175226586,0.3213087248322148,0.42857142857142855,0.445561835106383
Sakalti/mergekit-della_linear-vmeykci,0.08133086876155268,0.27859746571775734,0.010574018126888218,0.2634228187919463,0.3888888888888889,0.10887632978723404
Sakalti/model-3,0.5693160813308688,0.5518139211942371,0.37084592145015105,0.3213087248322148,0.42592592592592593,0.4454787234042553
Sakalti/qwen2.5-2.3B,0.08133086876155268,0.2817219232772088,0.005287009063444109,0.2516778523489933,0.38492063492063494,0.11727061170212766
Sakalti/tara-3.8B,0.33826247689463956,0.48724179829890646,0.11555891238670694,0.29446308724832215,0.4775132275132275,0.328125
Sakalti/ultiima-14B-v0.2,0.6561922365988909,0.6455476479777816,0.3995468277945619,0.3825503355704698,0.47883597883597884,0.5387300531914894
Sakalti/ultiima-14B-v0.3,0.6598890942698706,0.6384308279812533,0.39652567975830816,0.3766778523489933,0.4748677248677249,0.5336602393617021
Sakalti/ultiima-14B-v0.4,0.23475046210720887,0.6401666377365041,0.35347432024169184,0.3959731543624161,0.4880952380952381,0.527842420212766
Sakalti/ultiima-14B,0.5046210720887245,0.6469362957819823,0.4697885196374622,0.37416107382550334,0.4708994708994709,0.5380651595744681
Sakalti/ultiima-32B,0.6358595194085028,0.7003992362437077,0.4962235649546828,0.3808724832214765,0.49867724867724866,0.5910073138297872
Sakalti/ultiima-72B-v1.5,0.5988909426987061,0.7373719840305503,0.4395770392749245,0.41359060402684567,0.46825396825396826,0.6053856382978723
Sakalti/ultiima-72B,0.6654343807763401,0.7198403055025169,0.5354984894259819,0.41442953020134227,0.4642857142857143,0.590591755319149
Salesforce/LLaMA-3-8B-SFR-Iterative-DPO-R,0.30868761552680224,0.4995660475611873,0.09138972809667674,0.287751677852349,0.36243386243386244,0.3172373670212766
SanjiWatsuki/Kunoichi-DPO-v2-7B,0.48428835489833644,0.4402013539316091,0.07628398791540786,0.2961409395973154,0.41798941798941797,0.3106715425531915
SanjiWatsuki/Silicon-Maid-7B,0.4824399260628466,0.41086616906787016,0.0649546827794562,0.2902684563758389,0.41798941798941797,0.308344414893617
Sao10K/70B-L3.3-Cirrus-x1,0.6155268022181146,0.7017878840479084,0.37386706948640486,0.44966442953020136,0.4828042328042328,0.5378158244680851
Sao10K/Fimbulvetr-11B-v2,0.45286506469500926,0.4528727651449401,0.06797583081570997,0.29194630872483224,0.43386243386243384,0.33011968085106386
Sao10K/L3-70B-Euryale-v2.1,0.6987060998151571,0.6453740670022565,0.21374622356495468,0.3313758389261745,0.4193121693121693,0.5103889627659575
Sao10K/L3-8B-Lunaris-v1,0.6451016635859519,0.5217844124283978,0.09063444108761329,0.3011744966442953,0.3716931216931217,0.3787400265957447
Sao10K/L3-8B-Niitama-v1,0.6303142329020333,0.528554070473876,0.09818731117824774,0.30788590604026844,0.37962962962962965,0.3700964095744681
Sao10K/L3-8B-Stheno-v3.2,0.6395563770794824,0.5207429265752473,0.09290030211480363,0.3104026845637584,0.3783068783068783,0.3768284574468085
Sao10K/L3-8B-Stheno-v3.3-32K,0.3955637707948244,0.38118382225308106,0.014350453172205438,0.25671140939597314,0.3716931216931217,0.1895777925531915
Sao10K/MN-12B-Lyra-v3,0.3900184842883549,0.4756118729387259,0.09365558912386707,0.27768456375838924,0.4007936507936508,0.32488364361702127
Saxo/Linkbricks-Horizon-AI-Avengers-V1-32B,0.7634011090573013,0.6974483596597812,0.6027190332326284,0.3624161073825503,0.4523809523809524,0.5792885638297872
Saxo/Linkbricks-Horizon-AI-Avengers-V2-32B,0.7615526802218114,0.6995313313660823,0.5664652567975831,0.26593959731543626,0.41534391534391535,0.5719747340425532
Saxo/Linkbricks-Horizon-AI-Avengers-V3-32B,0.7948243992606284,0.6873806630793265,0.6178247734138973,0.33808724832214765,0.42592592592592593,0.56640625
Saxo/Linkbricks-Horizon-AI-Avengers-V4-32B,0.7264325323475046,0.6894636347856274,0.5362537764350453,0.3615771812080537,0.46296296296296297,0.5752160904255319
Saxo/Linkbricks-Horizon-AI-Avengers-V5-32B,0.7153419593345656,0.6903315396632529,0.5460725075528701,0.35570469798657717,0.4695767195767196,0.5762134308510638
Saxo/Linkbricks-Horizon-AI-Avengers-V6-32B,0.789279112754159,0.6851241103975004,0.622356495468278,0.3347315436241611,0.42592592592592593,0.5672373670212766
Saxo/Linkbricks-Horizon-AI-Korean-Avengers-V2-27B,0.7874306839186691,0.644159000173581,0.2802114803625378,0.34731543624161076,0.4126984126984127,0.45985704787234044
Saxo/Linkbricks-Horizon-AI-Korean-Avengers-V3-27B,0.7818853974121996,0.6377365040791529,0.24924471299093656,0.35906040268456374,0.44576719576719576,0.4523769946808511
Saxo/Linkbricks-Horizon-AI-Korean-Superb-22B,0.6303142329020333,0.5589307411907655,0.23716012084592145,0.3263422818791946,0.39021164021164023,0.3871343085106383
Saxo/Linkbricks-Horizon-AI-Korean-Superb-27B,0.7393715341959335,0.6490192674882833,0.2719033232628399,0.3598993288590604,0.47883597883597884,0.4646775265957447
Saxo/Linkbricks-Horizon-AI-Superb-27B,0.6894639556377079,0.6170803679916681,0.22205438066465258,0.3573825503355705,0.4642857142857143,0.406000664893617
SeaLLMs/SeaLLM-7B-v2.5,0.38632162661737524,0.4943586182954348,0.10876132930513595,0.276006711409396,0.4193121693121693,0.3203125
SeaLLMs/SeaLLM-7B-v2,0.3049907578558225,0.48915118902968235,0.08534743202416918,0.2785234899328859,0.4060846560846561,0.30826130319148937
SeaLLMs/SeaLLMs-v3-7B-Chat,0.3789279112754159,0.5235202221836487,0.18580060422960726,0.2986577181208054,0.4166666666666667,0.3894614361702128
SenseLLM/ReflectionCoder-CL-34B,0.33271719038817005,0.39316090956431177,0.03323262839879154,0.25083892617449666,0.414021164021164,0.14237034574468085
SenseLLM/ReflectionCoder-DS-33B,0.31608133086876156,0.3402187120291616,0.030211480362537766,0.27432885906040266,0.3333333333333333,0.12017952127659574
SentientAGI/Dobby-Mini-Leashed-Llama-3.1-8B,0.7504621072088724,0.5110223919458428,0.18580060422960726,0.30201342281879195,0.4246031746031746,0.36943151595744683
SentientAGI/Dobby-Mini-Unhinged-Llama-3.1-8B,0.7024029574861368,0.5117167158479431,0.15634441087613293,0.3062080536912752,0.4007936507936508,0.35846077127659576
SeppeV/SmolLM_pretrained_with_sft_trained_with_1pc_data_on_a_preference_dpo,0.08317929759704251,0.3051553549730949,0.012084592145015106,0.25922818791946306,0.4021164021164021,0.11610704787234043
Sharathhebbar24/SSH_355M,0.08687615526802218,0.30584967887519526,0.00906344410876133,0.25838926174496646,0.4166666666666667,0.11760305851063829
Sharathhebbar24/chat_gpt2_dpo,0.066543438077634,0.286235028640861,0.005287009063444109,0.2600671140939597,0.38095238095238093,0.11419547872340426
Shreyash2010/Uma-4x4B-Instruct-v0.1,0.49907578558225507,0.5504252733900364,0.17749244712990936,0.3347315436241611,0.44312169312169314,0.386968085106383
Sicarius-Prototyping/Brainy_LLAMA,0.44731977818853974,0.509460163166117,0.1336858006042296,0.313758389261745,0.414021164021164,0.3848902925531915
Sicarius-Prototyping/Micropenis_1B,0.27726432532347506,0.3353584447144593,0.04607250755287009,0.2625838926174497,0.33201058201058203,0.18600398936170212
Sicarius-Prototyping/bacon_and_food,0.5341959334565619,0.4697101197708731,0.09818731117824774,0.30956375838926176,0.38756613756613756,0.3262965425531915
SicariusSicariiStuff/2B-ad,0.3733826247689464,0.40791529248394376,0.05060422960725076,0.28104026845637586,0.4007936507936508,0.2662067819148936
SicariusSicariiStuff/2B_or_not_2B,0.133086876155268,0.3396979691025864,0.019637462235649546,0.24748322147651006,0.3783068783068783,0.13987699468085107
SicariusSicariiStuff/Dusk_Rainbow,0.28835489833641403,0.47422322513452525,0.07477341389728097,0.3087248322147651,0.4021164021164021,0.3443317819148936
SicariusSicariiStuff/Eximius_Persona_5B,0.6081330868761553,0.4497483075854886,0.10196374622356495,0.26426174496644295,0.38095238095238093,0.31399601063829785
SicariusSicariiStuff/Impish_LLAMA_3B,0.3900184842883549,0.4067002256552682,0.11253776435045318,0.287751677852349,0.3664021164021164,0.2941323138297872
SicariusSicariiStuff/Impish_Mind_8B,0.25693160813308685,0.46450269050512066,0.10498489425981873,0.30453020134228187,0.4060846560846561,0.3308676861702128
SicariusSicariiStuff/Impish_QWEN_14B-1M,0.7486136783733827,0.6266273216455477,0.39652567975830816,0.35067114093959734,0.4603174603174603,0.504404920212766
SicariusSicariiStuff/Impish_QWEN_7B-1M,0.5988909426987061,0.5332407568130533,0.30891238670694865,0.2961409395973154,0.4060846560846561,0.4265292553191489
SicariusSicariiStuff/LLAMA-3_8B_Unaligned_BETA,0.3049907578558225,0.469536538795348,0.08383685800604229,0.3053691275167785,0.4113756613756614,0.3464926861702128
SicariusSicariiStuff/Phi-Line_14B,0.5988909426987061,0.6129144245790661,0.3859516616314199,0.35318791946308725,0.4470899470899471,0.5453789893617021
SicariusSicariiStuff/Phi-lthy4,0.7301293900184843,0.5887866689810797,0.13670694864048338,0.28691275167785235,0.4074074074074074,0.433344414893617
SicariusSicariiStuff/Qwen2.5-14B_Uncencored,0.25508317929759705,0.6281895504252734,0.31797583081570996,0.38171140939597314,0.45105820105820105,0.526595744680851
SicariusSicariiStuff/Qwen2.5-14B_Uncensored,0.25693160813308685,0.6281895504252734,0.31797583081570996,0.38171140939597314,0.45105820105820105,0.526595744680851
SicariusSicariiStuff/Qwen2.5-14B_Uncensored_Instruct,0.3142329020332717,0.5922582884915814,0.3285498489425982,0.3296979865771812,0.36904761904761907,0.5127160904255319
SicariusSicariiStuff/Redemption_Wind_24B,0.18853974121996303,0.6412081235896546,0.18580060422960726,0.38338926174496646,0.42592592592592593,0.543218085106383
SicariusSicariiStuff/Winged_Imp_8B,0.7042513863216266,0.5085922582884915,0.12009063444108761,0.2827181208053691,0.414021164021164,0.3638630319148936
SicariusSicariiStuff/Wingless_Imp_8B,0.7042513863216266,0.5085922582884915,0.12009063444108761,0.2827181208053691,0.414021164021164,0.3638630319148936
SicariusSicariiStuff/Zion_Alpha,0.2643253234750462,0.4908869987849332,0.05211480362537765,0.2902684563758389,0.4722222222222222,0.31316489361702127
SicariusSicariiStuff/dn_ep02,0.43253234750462105,0.5250824509633745,0.1419939577039275,0.31543624161073824,0.4312169312169312,0.39976728723404253
SkyOrbis/SKY-Ko-Llama3.1-8B-lora-epoch1,0.43253234750462105,0.5084186773129665,0.15483383685800603,0.3213087248322148,0.3994708994708995,0.3777426861702128
SkyOrbis/SKY-Ko-Llama3.1-8B-lora,0.43253234750462105,0.5084186773129665,0.15483383685800603,0.3213087248322148,0.3994708994708995,0.3777426861702128
SkyOrbis/SKY-Ko-Llama3.2-1B-lora-epoch3,0.27171903881700554,0.3129664988717237,0.027190332326283987,0.2516778523489933,0.3373015873015873,0.12790890957446807
SkyOrbis/SKY-Ko-Llama3.2-1B-lora-epoch5,0.3659889094269871,0.33900364520048604,0.05211480362537765,0.25922818791946306,0.34656084656084657,0.19456449468085107
SkyOrbis/SKY-Ko-Llama3.2-1B-lora-v2-epoch3,0.3659889094269871,0.33900364520048604,0.05211480362537765,0.25922818791946306,0.34656084656084657,0.19456449468085107
SkyOrbis/SKY-Ko-Llama3.2-1B-lora-v2-epoch5,0.34935304990757854,0.3377885783718105,0.05060422960725076,0.25419463087248323,0.34523809523809523,0.19456449468085107
SkyOrbis/SKY-Ko-Llama3.2-3B-lora-epoch1,0.45471349353049906,0.4389862871029335,0.14577039274924472,0.29194630872483224,0.35185185185185186,0.30044880319148937
SkyOrbis/SKY-Ko-Llama3.2-3B-lora-epoch2,0.45471349353049906,0.4389862871029335,0.14577039274924472,0.29194630872483224,0.35185185185185186,0.30044880319148937
SkyOrbis/SKY-Ko-Llama3.2-3B-lora-epoch3,0.45471349353049906,0.4389862871029335,0.14577039274924472,0.29194630872483224,0.35185185185185186,0.30044880319148937
SkyOrbis/SKY-Ko-Qwen2.5-3B-Instruct,0.28835489833641403,0.4259677139385523,0.06948640483383686,0.27936241610738255,0.4021164021164021,0.28116688829787234
SkyOrbis/SKY-Ko-Qwen2.5-7B-Instruct-SFT-step-15000,0.31053604436229204,0.5042527339003645,0.1865558912386707,0.3271812080536913,0.44312169312169314,0.3913730053191489
SkyOrbis/SKY-Ko-Qwen2.5-7B-Instruct-SFT-step-5000,0.3068391866913124,0.5342822426662038,0.20996978851963746,0.3028523489932886,0.42328042328042326,0.42378656914893614
Skywork/Skywork-Reward-Gemma-2-27B-v0.2,0.744916820702403,0.6344384655441764,0.22734138972809667,0.34395973154362414,0.421957671957672,0.4103224734042553
Skywork/Skywork-o1-Open-Llama-3.1-8B,0.2828096118299446,0.45235202221836485,0.5211480362537765,0.25922818791946306,0.3148148148148148,0.20304188829787234
Solshine/Brimful-merged-replete,0.11829944547134935,0.2846727998611352,0.0030211480362537764,0.2575503355704698,0.3412698412698413,0.10846077127659574
Solshine/Llama-3-1-big-thoughtful-passthrough-merge-2,0.19038817005545286,0.318000347161951,0.010574018126888218,0.25922818791946306,0.38756613756613756,0.11851728723404255
Sorawiz/Gemma-9B-Base,0.16081330868761554,0.5919111265405311,0.09818731117824774,0.33976510067114096,0.40343915343915343,0.42353723404255317
Sorawiz/Gemma-Creative-9B-Base,0.1423290203327172,0.5440027772956084,0.07779456193353475,0.3296979865771812,0.4007936507936508,0.4007646276595745
Sourjayon/DeepSeek-R1-8b-Sify,0.29944547134935307,0.334837701787884,0.24471299093655588,0.2525167785234899,0.32936507936507936,0.19805518617021275
Sourjayon/DeepSeek-R1-ForumNXT,0.18484288354898337,0.32997743447318173,0.25755287009063443,0.27432885906040266,0.3386243386243386,0.16481050531914893
SpaceYL/ECE_Poirot,0.23290203327171904,0.4219753515014754,0.09138972809667674,0.2978187919463087,0.4021164021164021,0.2883144946808511
Spestly/Athena-1-3B,0.5083179297597042,0.46641208123589656,0.23791540785498488,0.2936241610738255,0.4351851851851852,0.35189494680851063
Spestly/Atlas-Pro-1.5B-Preview,0.18853974121996303,0.3480298559277903,0.31948640483383683,0.29697986577181207,0.33465608465608465,0.1924867021276596
Spestly/Atlas-Pro-7B-Preview,0.24953789279112754,0.4658913383093213,0.5083081570996979,0.337248322147651,0.39021164021164023,0.2970412234042553
Stark2008/GutenLaserPi,0.35489833641404805,0.5190071168199966,0.07854984894259819,0.28691275167785235,0.46164021164021163,0.31058843085106386
Stark2008/LayleleFlamPi,0.36044362292051757,0.5092865821905919,0.06646525679758308,0.28523489932885904,0.4603174603174603,0.3093417553191489
Stark2008/VisFlamCat,0.3659889094269871,0.5195278597465718,0.07628398791540786,0.2902684563758389,0.44576719576719576,0.31441156914893614
Steelskull/L3.3-MS-Nevoria-70b,0.6432532347504621,0.699010588439507,0.3957703927492447,0.47063758389261745,0.4669312169312169,0.5535239361702128
Steelskull/L3.3-Nevoria-R1-70b,0.5452865064695009,0.6964068738066308,0.46299093655589124,0.46895973154362414,0.47619047619047616,0.5462932180851063
StelleX/Qwen2.5_Math_7B_Cot,0.15157116451016636,0.4299600763756292,0.32628398791540786,0.29446308724832215,0.3915343915343915,0.281000664893617
StelleX/Vorisatex-7B-preview,0.09796672828096119,0.3075854886304461,0.028700906344410877,0.2516778523489933,0.41798941798941797,0.11660571808510638
SultanR/SmolTulu-1.7b-Instruct,0.600739371534196,0.36816524908869985,0.07930513595166164,0.26929530201342283,0.3531746031746032,0.17104388297872342
SultanR/SmolTulu-1.7b-Reinforced,0.6303142329020333,0.35150147543829197,0.07175226586102719,0.276006711409396,0.33994708994708994,0.17627992021276595
SultanR/SmolTulu-1.7b-it-v0,0.600739371534196,0.36816524908869985,0.07930513595166164,0.26929530201342283,0.3531746031746032,0.17104388297872342
Supichi/BBA-123,0.14972273567467653,0.28849158132268704,0.0,0.2600671140939597,0.3492063492063492,0.11668882978723404
Supichi/BBA99,0.09426987060998152,0.27512584620725566,0.0,0.2634228187919463,0.32142857142857145,0.11120345744680851
Supichi/BBAIK29,0.39371534195933455,0.5565006075334143,0.3678247734138973,0.31208053691275167,0.4497354497354497,0.4468916223404255
Supichi/BBAI_135_Gemma,0.04251386321626617,0.3549730949487936,0.0,0.2676174496644295,0.37962962962962965,0.16722074468085107
Supichi/BBAI_250_Xia0_gZ,0.4011090573012939,0.5544176358271133,0.3640483383685801,0.3213087248322148,0.4576719576719577,0.4464760638297872
Supichi/BBAI_275_Tsunami_gZ,0.4731977818853974,0.5504252733900364,0.3285498489425982,0.3213087248322148,0.4444444444444444,0.44921875
Supichi/BBAI_525_Tsu_gZ_Xia0,0.4658040665434381,0.5535497309494879,0.3429003021148036,0.31208053691275167,0.4470899470899471,0.44772273936170215
Supichi/BBAI_78B_Calme_3_1_Ties,0.12939001848428835,0.2787710466932824,0.0,0.22902684563758388,0.30952380952380953,0.11436170212765957
Supichi/BBAI_QWEEN_V000000_LUMEN_14B,0.11829944547134935,0.22617601110918242,0.0,0.23154362416107382,0.3439153439153439,0.11602393617021277
Supichi/HF_TOKEN,0.09611829944547134,0.2747786842562055,0.0007552870090634441,0.2634228187919463,0.32671957671957674,0.11095412234042554
Supichi/NJS26,0.033271719038817,0.4749175490366256,0.0324773413897281,0.3179530201342282,0.38492063492063494,0.3036901595744681
Svak/MN-12B-Inferor-v0.0,0.512014787430684,0.5172713070647457,0.10196374622356495,0.3087248322147651,0.46296296296296297,0.3558843085106383
Svak/MN-12B-Inferor-v0.1,0.5822550831792976,0.5108488109703176,0.12613293051359517,0.32550335570469796,0.43386243386243384,0.3661901595744681
Syed-Hasan-8503/Phi-3-mini-4K-instruct-cpo-simpo,0.5157116451016636,0.5646589133830933,0.15709969788519637,0.33053691275167785,0.3955026455026455,0.38605385638297873
T145/KRONOS-8B-V1-P1,0.7486136783733827,0.507377191459816,0.19788519637462235,0.2953020134228188,0.38756613756613756,0.3759973404255319
T145/KRONOS-8B-V1-P2,0.6266173752310537,0.4749175490366256,0.16012084592145015,0.29194630872483224,0.3558201058201058,0.3453291223404255
T145/KRONOS-8B-V1-P3,0.66728280961183,0.5099809060926922,0.19259818731117825,0.2600671140939597,0.3611111111111111,0.34050864361702127
T145/KRONOS-8B-V2,0.44731977818853974,0.5113695538968929,0.22658610271903323,0.2986577181208054,0.38227513227513227,0.3737533244680851
T145/KRONOS-8B-V3,0.47504621072088726,0.5105016490192675,0.2598187311178248,0.28859060402684567,0.3915343915343915,0.3738364361702128
T145/KRONOS-8B-V4,0.7541589648798521,0.5078979343863913,0.19486404833836857,0.28942953020134227,0.38227513227513227,0.37857380319148937
T145/KRONOS-8B-V5,0.46950092421441775,0.5075507724353411,0.2688821752265861,0.2902684563758389,0.40476190476190477,0.37591422872340424
T145/KRONOS-8B-V6,0.6598890942698706,0.5014754382919632,0.2598187311178248,0.27936241610738255,0.4113756613756614,0.3501496010638298
T145/KRONOS-8B-V7,0.2957486136783734,0.45096337441416423,0.11102719033232629,0.26677852348993286,0.3664021164021164,0.2696974734042553
T145/KRONOS-8B-V8,0.7375231053604436,0.5082450963374414,0.20468277945619334,0.28942953020134227,0.3862433862433862,0.37824135638297873
T145/KRONOS-8B-V9,0.7486136783733827,0.5089394202395418,0.1986404833836858,0.2961409395973154,0.3862433862433862,0.3751662234042553
T145/Llama-3.1-8B-Instruct-Zeus,0.7597042513863216,0.515882659260545,0.19561933534743203,0.3011744966442953,0.3968253968253968,0.38929521276595747
T145/Llama-3.1-8B-Zeus,0.29944547134935307,0.3639993056760979,0.014350453172205438,0.2651006711409396,0.3306878306878307,0.1332280585106383
T145/Meta-Llama-3.1-8B-Instruct-TIES,0.4731977818853974,0.5058149626800903,0.20996978851963746,0.29446308724832215,0.3835978835978836,0.37799202127659576
T145/ZEUS-8B-V10,0.7319778188539742,0.5254296129144246,0.21148036253776434,0.32466442953020136,0.3888888888888889,0.390375664893617
T145/ZEUS-8B-V11,0.7781885397412199,0.5143204304808193,0.19637462235649547,0.3145973154362416,0.37962962962962965,0.38838098404255317
T145/ZEUS-8B-V12,0.7393715341959335,0.5235202221836487,0.21148036253776434,0.32046979865771813,0.38492063492063494,0.3912067819148936
T145/ZEUS-8B-V13-abliterated,0.7541589648798521,0.5176184690157959,0.17900302114803626,0.311241610738255,0.3862433862433862,0.38721742021276595
T145/ZEUS-8B-V13,0.7523105360443623,0.5261239368165249,0.21374622356495468,0.3238255033557047,0.3835978835978836,0.39112367021276595
T145/ZEUS-8B-V14,0.7301293900184843,0.5261239368165249,0.21299093655589124,0.32046979865771813,0.3835978835978836,0.3913730053191489
T145/ZEUS-8B-V15,0.6543438077634011,0.5551119597292137,0.23036253776435045,0.276006711409396,0.4007936507936508,0.40591755319148937
T145/ZEUS-8B-V16,0.7541589648798521,0.5247352890123242,0.22054380664652568,0.3070469798657718,0.3941798941798942,0.39261968085106386
T145/ZEUS-8B-V17-abliterated-V2,0.6025878003696857,0.49210206561360875,0.11178247734138973,0.27348993288590606,0.33994708994708994,0.34017619680851063
T145/ZEUS-8B-V17-abliterated-V4,0.6746765249537893,0.51570907828502,0.09365558912386707,0.2835570469798658,0.41798941798941797,0.37741023936170215
T145/ZEUS-8B-V17-abliterated,0.7190388170055453,0.5181392119423711,0.04380664652567976,0.3036912751677852,0.42592592592592593,0.36220079787234044
T145/ZEUS-8B-V17,0.756007393715342,0.5231730602325985,0.2243202416918429,0.3221476510067114,0.4007936507936508,0.39345079787234044
T145/ZEUS-8B-V18,0.7430683918669131,0.5256031938899497,0.21827794561933533,0.3213087248322148,0.40343915343915343,0.39419880319148937
T145/ZEUS-8B-V19,0.7467652495378928,0.5259503558409998,0.22054380664652568,0.3221476510067114,0.40343915343915343,0.3933676861702128
T145/ZEUS-8B-V2-ORPO,0.678373382624769,0.5056413817045652,0.18277945619335348,0.3104026845637584,0.39285714285714285,0.3677692819148936
T145/ZEUS-8B-V2-abliterated,0.7541589648798521,0.5099809060926922,0.21148036253776434,0.31291946308724833,0.39021164021164023,0.38248005319148937
T145/ZEUS-8B-V2,0.7689463955637708,0.5174448880402708,0.21601208459214502,0.30201342281879195,0.39021164021164023,0.3896276595744681
T145/ZEUS-8B-V20,0.7578558225508318,0.5226523173060232,0.2190332326283988,0.32298657718120805,0.40343915343915343,0.3929521276595745
T145/ZEUS-8B-V21,0.3049907578558225,0.33605276861655964,0.1593655589123867,0.26426174496644295,0.3253968253968254,0.17137632978723405
T145/ZEUS-8B-V22,0.7597042513863216,0.5229994792570735,0.22280966767371602,0.32802013422818793,0.39814814814814814,0.3937832446808511
T145/ZEUS-8B-V23,0.7208872458410351,0.5181392119423711,0.18202416918429004,0.30956375838926176,0.3915343915343915,0.3666057180851064
T145/ZEUS-8B-V24,0.5452865064695009,0.4766533587918764,0.14577039274924472,0.26174496644295303,0.3716931216931217,0.32845744680851063
T145/ZEUS-8B-V25,0.2587800369685767,0.4537406700225655,0.2039274924471299,0.26426174496644295,0.3478835978835979,0.2884807180851064
T145/ZEUS-8B-V26,0.6173752310536045,0.5217844124283978,0.12462235649546828,0.2953020134228188,0.4007936507936508,0.39070811170212766
T145/ZEUS-8B-V27,0.5988909426987061,0.5217844124283978,0.13444108761329304,0.30788590604026844,0.3968253968253968,0.3902094414893617
T145/ZEUS-8B-V28,0.5822550831792976,0.524214546085749,0.1268882175226586,0.3036912751677852,0.3888888888888889,0.3902094414893617
T145/ZEUS-8B-V29,0.7005545286506469,0.5236938031591738,0.16012084592145015,0.3263422818791946,0.3994708994708995,0.3920378989361702
T145/ZEUS-8B-V2L1,0.24029574861367836,0.5006075334143378,0.12386706948640483,0.31291946308724833,0.38756613756613756,0.36377992021276595
T145/ZEUS-8B-V2L2,0.7707948243992606,0.5190071168199966,0.20166163141993956,0.29949664429530204,0.3968253968253968,0.38838098404255317
T145/ZEUS-8B-V3,0.756007393715342,0.5257767748654747,0.16767371601208458,0.3221476510067114,0.4007936507936508,0.38040226063829785
T145/ZEUS-8B-V30,0.7005545286506469,0.5228258982815484,0.15861027190332327,0.32046979865771813,0.4021164021164021,0.3943650265957447
T145/ZEUS-8B-V4,0.744916820702403,0.5229994792570735,0.19259818731117825,0.3070469798657718,0.4021164021164021,0.37882313829787234
T145/ZEUS-8B-V6,0.7486136783733827,0.5224787363304981,0.20241691842900303,0.30453020134228187,0.4060846560846561,0.37591422872340424
T145/ZEUS-8B-V7,0.7430683918669131,0.5047734768269397,0.14803625377643503,0.29697986577181207,0.41534391534391535,0.3812333776595745
T145/ZEUS-8B-V8,0.7578558225508318,0.5042527339003645,0.13293051359516617,0.287751677852349,0.42063492063492064,0.37608045212765956
T145/ZEUS-8B-V9,0.4879852125693161,0.5190071168199966,0.21374622356495468,0.2911073825503356,0.3941798941798942,0.39012632978723405
T145/qwen-2.5-3B-merge-test,0.5231053604436229,0.48029855927790316,0.3202416918429003,0.28523489932885904,0.3994708994708995,0.3289561170212766
THUDM/glm-4-9b-chat-1m-hf,0.48428835489833644,0.38725915639645897,0.04833836858006042,0.29194630872483224,0.36772486772486773,0.18143284574468085
THUDM/glm-4-9b-chat-1m,0.0,0.41399062662732167,0.0,0.3036912751677852,0.3783068783068783,0.31632313829787234
THUDM/glm-4-9b-chat-hf,0.5951940850277264,0.43968061100503386,0.08459214501510574,0.3028523489932886,0.3584656084656085,0.27742686170212766
THUDM/glm-4-9b-chat,0.0,0.4700572817219233,0.0,0.313758389261745,0.39814814814814814,0.316655585106383
THUDM/glm-4-9b,0.10536044362292052,0.5505988543655616,0.0,0.3162751677852349,0.43783068783068785,0.4144780585106383
TIGER-Lab/AceCodeRM-7B,0.5378927911275416,0.47422322513452525,0.3466767371601209,0.30453020134228187,0.41798941798941797,0.3361037234042553
TIGER-Lab/AceCoder-Qwen2.5-7B-Ins-Rule,0.7042513863216266,0.5377538621767054,0.49924471299093653,0.3011744966442953,0.3968253968253968,0.4321808510638298
TIGER-Lab/AceCoder-Qwen2.5-Coder-7B-Base-Rule,0.38632162661737524,0.48724179829890646,0.20166163141993956,0.27181208053691275,0.3439153439153439,0.37450132978723405
TIGER-Lab/AceCoder-Qwen2.5-Coder-7B-Ins-Rule,0.5730129390018485,0.5044263148758896,0.36027190332326287,0.27768456375838924,0.40343915343915343,0.34283577127659576
TIGER-Lab/MAmmoTH2-7B-Plus,0.5046210720887245,0.42284325637910086,0.18580060422960726,0.2802013422818792,0.4113756613756614,0.30169547872340424
TIGER-Lab/Qwen2.5-Math-7B-CFT,0.2088724584103512,0.4615518139211942,0.5574018126888217,0.2860738255033557,0.38756613756613756,0.29446476063829785
TTTXXX01/Mistral-7B-Base-SimPO2-5e-7,0.3807763401109057,0.43013365735115433,0.026435045317220542,0.2978187919463087,0.35978835978835977,0.2765957446808511
Tarek07/Progenitor-V1.1-LLaMa-70B,0.6414048059149723,0.6957125499045305,0.35725075528700906,0.45805369127516776,0.4722222222222222,0.5465425531914894
Tarek07/Thalassic-Alpha-LLaMa-70B,0.6524953789279113,0.692761673320604,0.3149546827794562,0.4437919463087248,0.47883597883597884,0.543467420212766
TeeZee/DoubleBagel-57B-v1.0,0.1866913123844732,0.3228606144766534,0.009818731117824773,0.276006711409396,0.4298941798941799,0.14777260638297873
Telugu-LLM-Labs/Indic-gemma-2b-finetuned-sft-Navarasa-2.0,0.14602587800369685,0.32181912862350287,0.027190332326283987,0.24328859060402686,0.3888888888888889,0.12790890957446807
Telugu-LLM-Labs/Indic-gemma-7b-finetuned-sft-Navarasa-2.0,0.26247689463955637,0.4002777295608401,0.0256797583081571,0.2701342281879195,0.4074074074074074,0.23503989361702127
TencentARC/LLaMA-Pro-8B-Instruct,0.3900184842883549,0.41971879881964935,0.024924471299093656,0.27432885906040266,0.41798941798941797,0.19456449468085107
TencentARC/LLaMA-Pro-8B,0.17005545286506468,0.3447318173928137,0.0188821752265861,0.2600671140939597,0.4007936507936508,0.18110039893617022
TencentARC/MetaMath-Mistral-Pro,0.15157116451016636,0.442110744662385,0.07628398791540786,0.26929530201342283,0.35185185185185186,0.2471742021276596
TencentARC/Mistral_Pro_8B_v0.1,0.1423290203327172,0.4516576983162645,0.05664652567975831,0.2802013422818792,0.42328042328042326,0.2765126329787234
TheDrummer/Cydonia-22B-v1.2,0.5083179297597042,0.5785453914250999,0.20317220543806647,0.33053691275167785,0.4021164021164021,0.4140625
TheDrummer/Gemmasutra-9B-v1,0.21811460258780038,0.587398021176879,0.08308157099697885,0.3104026845637584,0.48412698412698413,0.4045046542553192
TheDrummer/Gemmasutra-Mini-2B-v1,0.20517560073937152,0.35375802812011803,0.0377643504531722,0.2709731543624161,0.3478835978835979,0.20545212765957446
TheDrummer/Llama-3SOME-8B-v2,0.3752310536044362,0.5181392119423711,0.09365558912386707,0.30201342281879195,0.38227513227513227,0.37533244680851063
TheDrummer/Ministrations-8B-v1,0.23105360443622922,0.48515882659260545,0.18429003021148035,0.32466442953020136,0.4444444444444444,0.36436170212765956
TheDrummer/Rocinante-12B-v1,0.5582255083179297,0.5023433431695886,0.1268882175226586,0.2911073825503356,0.4007936507936508,0.34773936170212766
TheDrummer/Tiger-Gemma-9B-v1,0.6913123844731978,0.5698663426488457,0.18353474320241692,0.3389261744966443,0.41534391534391535,0.41181848404255317
TheDrummer/Tiger-Gemma-9B-v2,0.6561922365988909,0.5613608748481167,0.18202416918429004,0.33976510067114096,0.4074074074074074,0.41123670212765956
TheDrummer/Tiger-Gemma-9B-v3,0.6303142329020333,0.580975525082451,0.1623867069486405,0.3389261744966443,0.3994708994708995,0.40591755319148937
TheDrunkenSnail/Daughter-of-Rhodia-12B,0.6469500924214417,0.5150147543829197,0.12235649546827794,0.31711409395973156,0.43386243386243384,0.3641123670212766
TheDrunkenSnail/Mother-of-Rhodia-12B,0.600739371534196,0.4917549036625586,0.12235649546827794,0.2986577181208054,0.4113756613756614,0.35513630319148937
TheDrunkenSnail/Son-of-Rhodia,0.6598890942698706,0.5068564485332407,0.13141993957703926,0.31291946308724833,0.4193121693121693,0.3607878989361702
TheHierophant/Underground-Cognitive-V0.3-test,0.4232902033271719,0.5271654226696754,0.05891238670694864,0.2986577181208054,0.43386243386243384,0.331781914893617
TheTsar1209/nemo-carpmuscle-v0.1,0.1589648798521257,0.5054678007290401,0.04758308157099698,0.29697986577181207,0.4126984126984127,0.3405917553191489
TheTsar1209/qwen-carpmuscle-r-v0.3,0.3826247689463956,0.6188161777469189,0.30060422960725075,0.35067114093959734,0.42724867724867727,0.5103058510638298
TheTsar1209/qwen-carpmuscle-v0.1,0.49722735674676527,0.6406873806630793,0.2628398791540785,0.34395973154362414,0.41534391534391535,0.520029920212766
TheTsar1209/qwen-carpmuscle-v0.2,0.4602587800369686,0.6361742752994272,0.28323262839879154,0.35570469798657717,0.43386243386243384,0.5147107712765957
TheTsar1209/qwen-carpmuscle-v0.3,0.3844731977818854,0.6106578718972401,0.31344410876132933,0.3565436241610738,0.4126984126984127,0.5061502659574468
TheTsar1209/qwen-carpmuscle-v0.4.1,0.6950092421441775,0.6478042006596078,0.27794561933534745,0.34563758389261745,0.44841269841269843,0.5191156914893617
TheTsar1209/qwen-carpmuscle-v0.4,0.6802218114602587,0.64207602846728,0.277190332326284,0.3523489932885906,0.45105820105820105,0.5143783244680851
Tijmen2/cosmosage-v3,0.3844731977818854,0.45460857490019096,0.05060422960725076,0.2827181208053691,0.4193121693121693,0.24858710106382978
TinyLlama/TinyLlama-1.1B-Chat-v0.1,0.09426987060998152,0.3055025169241451,0.006042296072507553,0.22902684563758388,0.3584656084656085,0.10979055851063829
TinyLlama/TinyLlama-1.1B-Chat-v0.5,0.11090573012939002,0.3067175837528207,0.0037764350453172208,0.2483221476510067,0.36507936507936506,0.10962433510638298
TinyLlama/TinyLlama-1.1B-Chat-v0.6,0.11460258780036968,0.30341954521784414,0.015861027190332326,0.25838926174496646,0.3412698412698413,0.11486037234042554
TinyLlama/TinyLlama-1.1B-Chat-v1.0,0.038817005545286505,0.3060232598507204,0.015105740181268883,0.25,0.3505291005291005,0.11012300531914894
TinyLlama/TinyLlama-1.1B-intermediate-step-1431k-3T,0.16635859519408502,0.30289880229126886,0.012084592145015106,0.2525167785234899,0.3373015873015873,0.11203457446808511
TinyLlama/TinyLlama_v1.1,0.1423290203327172,0.29942718278076724,0.012084592145015106,0.24580536912751677,0.36904761904761907,0.10488696808510638
ToastyPigeon/Sto-vo-kor-12B,0.49353049907578556,0.5033848290227391,0.10876132930513595,0.3053691275167785,0.39285714285714285,0.33976063829787234
Trappu/Magnum-Picaro-0.7-v2-12b,0.23844731977818853,0.5476479777816351,0.06646525679758308,0.32298657718120805,0.4722222222222222,0.35804521276595747
Trappu/Nemo-Picaro-12B,0.19408502772643252,0.5467800729040098,0.08459214501510574,0.3271812080536913,0.4722222222222222,0.36045545212765956
Tremontaine/L3-12B-Lunaris-v1,0.6432532347504621,0.5214372504773477,0.08761329305135952,0.30956375838926176,0.3664021164021164,0.3774933510638298
Triangle104/Annunaki-12b,0.32717190388170053,0.5479951397326853,0.1216012084592145,0.3213087248322148,0.44047619047619047,0.3720910904255319
Triangle104/BigTalker-Lite-8B,0.3049907578558225,0.5294219753515015,0.10196374622356495,0.3104026845637584,0.42063492063492064,0.34308510638297873
Triangle104/Chatty-Harry_V2.0,0.2754158964879852,0.5301162992536018,0.13897280966767372,0.32298657718120805,0.4074074074074074,0.36826795212765956
Triangle104/Chatty-Harry_V3.0,0.31053604436229204,0.5499045304634612,0.11253776435045318,0.32298657718120805,0.44047619047619047,0.37017952127659576
Triangle104/Chronos-Prism_V1.0,0.2513863216266174,0.5528554070473876,0.12009063444108761,0.30956375838926176,0.42592592592592593,0.36727061170212766
Triangle104/DS-Distilled-Hermes-Llama-3.1,0.2513863216266174,0.5110223919458428,0.2930513595166163,0.3187919463087248,0.40343915343915343,0.31100398936170215
Triangle104/DS-Distilled-Hermes-Llama-3.1_TIES,0.09057301293900184,0.28901232424926226,0.00906344410876133,0.24496644295302014,0.3611111111111111,0.11037234042553191
Triangle104/DS-R1-Distill-Q2.5-10B-Harmony,0.11275415896487985,0.2605450442631488,0.0,0.2105704697986577,0.31216931216931215,0.11727061170212766
Triangle104/DS-R1-Distill-Q2.5-14B-Harmony_V0.1,0.3826247689463956,0.5785453914250999,0.5551359516616314,0.3934563758389262,0.5555555555555556,0.4601063829787234
Triangle104/DS-R1-Distill-Q2.5-7B-RP,0.2754158964879852,0.43568824856795696,0.46827794561933533,0.313758389261745,0.4021164021164021,0.2890625
Triangle104/DS-R1-Llama-8B-Harmony,0.2828096118299446,0.4150321124804721,0.4282477341389728,0.29194630872483224,0.37566137566137564,0.27435172872340424
Triangle104/DSR1-Distill-Llama-Lit-8B,0.13123844731977818,0.4275299427182781,0.35196374622356497,0.3028523489932886,0.3531746031746032,0.27975398936170215
Triangle104/DSR1-Distill-Qwen-7B-RP,0.2902033271719039,0.4290921714980038,0.48036253776435045,0.3196308724832215,0.40343915343915343,0.30277593085106386
Triangle104/Dark-Chivalry_V1.0,0.3567467652495379,0.49505294219753515,0.13141993957703926,0.2936241610738255,0.41798941798941797,0.34441489361702127
Triangle104/Distilled-DarkPlanet-Allades-8B,0.2735674676524954,0.4650234334316959,0.4003021148036254,0.3053691275167785,0.3531746031746032,0.29014295212765956
Triangle104/Distilled-DarkPlanet-Allades-8B_TIES,0.3179297597042514,0.5021697621940635,0.09063444108761329,0.3145973154362416,0.3862433862433862,0.340093085106383
Triangle104/Distilled-Whiskey-8b,0.2698706099815157,0.5011282763409131,0.2545317220543807,0.3313758389261745,0.4166666666666667,0.3366855053191489
Triangle104/Dolphin3-Llama3.2-Smart,0.35489833641404805,0.39454955736851244,0.04380664652567976,0.26929530201342283,0.3915343915343915,0.21949800531914893
Triangle104/Gemmadevi-Stock-10B,0.14972273567467653,0.6057976045825377,0.09667673716012085,0.35318791946308725,0.46164021164021163,0.4261968085106383
Triangle104/Hermes-Llama-3.2-CoT-Summary,0.40850277264325324,0.4195452178441243,0.08308157099697885,0.2558724832214765,0.35714285714285715,0.29014295212765956
Triangle104/Hermes-Llama-3.2-CoT,0.34750462107208874,0.4612046519701441,0.09516616314199396,0.27936241610738255,0.36904761904761907,0.2947140957446808
Triangle104/Hermes3-L3.1-DirtyHarry-8B,0.2587800369685767,0.5042527339003645,0.07175226586102719,0.30201342281879195,0.4060846560846561,0.3338597074468085
Triangle104/Herodotos-14B,0.4011090573012939,0.6415552855407047,0.5045317220543807,0.3733221476510067,0.47883597883597884,0.5290059840425532
Triangle104/Herodotos-14B_V0.1,0.12754158964879853,0.29890643985419196,0.0,0.22399328859060402,0.36772486772486773,0.11643949468085106
Triangle104/L3.1-8B-Dusky-Ink,0.3807763401109057,0.5082450963374414,0.12311178247734139,0.28942953020134227,0.421957671957672,0.36826795212765956
Triangle104/L3.1-8B-Dusky-Ink_v0.r1,0.1367837338262477,0.4332581149106058,0.04305135951661632,0.3036912751677852,0.39814814814814814,0.320561835106383
Triangle104/LThreePointOne-8B-HermesBlackroot,0.12939001848428835,0.49800381878146155,0.019637462235649546,0.3070469798657718,0.3584656084656085,0.32845744680851063
Triangle104/LThreePointOne-8B-HermesInk,0.3290203327171904,0.5207429265752473,0.17220543806646527,0.32298657718120805,0.4126984126984127,0.34674202127659576
Triangle104/Llama3.1-Allades-Lit-8b,0.17929759704251386,0.4164207602846728,0.0022658610271903325,0.28439597315436244,0.37037037037037035,0.2724401595744681
Triangle104/Llama3.1-cc-Lit-8b,0.23290203327171904,0.38257247005728173,0.0030211480362537764,0.27768456375838924,0.38492063492063494,0.30044880319148937
Triangle104/Minerva-1.5b,0.19593345656192238,0.39750043395243884,0.1027190332326284,0.3104026845637584,0.36507936507936506,0.269780585106383
Triangle104/Minerva-1.5b_V0.2,0.2365988909426987,0.39541746224613783,0.11404833836858005,0.28523489932885904,0.3955026455026455,0.29105718085106386
Triangle104/Minerva-10b,0.12754158964879853,0.444193716368686,0.0,0.28104026845637586,0.36243386243386244,0.23179853723404256
Triangle104/Minerva-14b-V0.1,0.07393715341959335,0.6075334143377886,0.30513595166163143,0.36577181208053694,0.4695767195767196,0.5118018617021277
Triangle104/Minerva-14b,0.30868761552680224,0.6287102933518487,0.30513595166163143,0.37416107382550334,0.47619047619047616,0.5193650265957447
Triangle104/Minerva-7b,0.2975970425138632,0.5464329109529595,0.283987915407855,0.32298657718120805,0.414021164021164,0.44439827127659576
Triangle104/Minerva-8b,0.11275415896487985,0.46450269050512066,0.004531722054380665,0.31208053691275167,0.42724867724867727,0.30892619680851063
Triangle104/Mistral-Redemption-Arc,0.3345656192236599,0.6243707689637216,0.41012084592145015,0.34731543624161076,0.458994708994709,0.4509640957446808
Triangle104/Mistral-Small-24b-Harmony,0.10720887245841035,0.6422496094428051,0.19108761329305135,0.38422818791946306,0.42724867724867727,0.5430518617021277
Triangle104/Pans_Gutenbergum_V0.1,0.2476894639556377,0.5518139211942371,0.10574018126888217,0.32298657718120805,0.4523809523809524,0.3696808510638298
Triangle104/Pans_Gutenbergum_V0.2,0.25693160813308685,0.5499045304634612,0.06873111782477341,0.31208053691275167,0.4669312169312169,0.3585438829787234
Triangle104/Pantheon_ChatWaifu_V0.2,0.19963031423290203,0.5519875021697622,0.05664652567975831,0.3179530201342282,0.4748677248677249,0.34424867021276595
Triangle104/Phi-4-AbliteratedRP,0.4269870609981516,0.6698489845512932,0.3074018126888218,0.3951342281879195,0.5092592592592593,0.530751329787234
Triangle104/Phi4-RP-o1-Ablit,0.012939001848428836,0.661169935775039,0.38821752265861026,0.36325503355704697,0.4748677248677249,0.5104720744680851
Triangle104/Phi4-RP-o1,0.009242144177449169,0.6637736504079152,0.3776435045317221,0.3733221476510067,0.4748677248677249,0.5110538563829787
Triangle104/Porpoise-R1-Llama3.2-3b,0.3752310536044362,0.37927443152230517,0.04229607250755287,0.26677852348993286,0.35714285714285715,0.21168550531914893
Triangle104/Q2.5-14B-Instruct-1M-Harmony,0.5341959334565619,0.6332233987155008,0.3768882175226586,0.375,0.47883597883597884,0.5074800531914894
Triangle104/Q2.5-AthensCOT,0.38817005545286504,0.551466759243187,0.29154078549848944,0.30033557046979864,0.4576719576719577,0.4379155585106383
Triangle104/Q2.5-CodeR1-3B,0.2846580406654344,0.4646762714806457,0.16389728096676737,0.3036912751677852,0.4312169312169312,0.2978723404255319
Triangle104/Q2.5-EVACOT-7b,0.5249537892791127,0.5476479777816351,0.2824773413897281,0.3179530201342282,0.4497354497354497,0.43309507978723405
Triangle104/Q2.5-EvaHumane-RP,0.2975970425138632,0.5292483943759764,0.29229607250755285,0.3187919463087248,0.42724867724867727,0.4412400265957447
Triangle104/Q2.5-Humane-RP,0.37153419593345655,0.5627495226523173,0.3391238670694864,0.3187919463087248,0.4523809523809524,0.44921875
Triangle104/Q2.5-Instruct-1M_Harmony,0.5397412199630314,0.5342822426662038,0.3323262839879154,0.32298657718120805,0.46825396825396826,0.43658577127659576
Triangle104/Q2.5-R1-3B,0.34750462107208874,0.4780420065960771,0.2673716012084592,0.30956375838926176,0.4312169312169312,0.38131648936170215
Triangle104/Q2.5-R1-7B,0.09057301293900184,0.2982121159520916,0.01661631419939577,0.2525167785234899,0.35978835978835977,0.1180186170212766
Triangle104/Robo-Gutenberg_V1.0,0.5360443622920518,0.6516229821211595,0.4561933534743202,0.3859060402684564,0.47354497354497355,0.5391456117021277
Triangle104/Rocinante-Prism_V2.0,0.21626617375231053,0.5335879187641035,0.11102719033232629,0.32046979865771813,0.4444444444444444,0.3640292553191489
Triangle104/Rocinante-Prism_V2.1,0.21072088724584104,0.5302898802291269,0.11253776435045318,0.3196308724832215,0.44841269841269843,0.3651097074468085
Triangle104/RomboHermes3-R1-Llama3.2-3b,0.22735674676524953,0.42666203784065265,0.08157099697885196,0.2835570469798658,0.36507936507936506,0.2957114361702128
Triangle104/Rombos-Novasky-7B_V1c,0.3364140480591497,0.43308453393508073,0.08534743202416918,0.2961409395973154,0.44576719576719576,0.27376994680851063
Triangle104/Set-70b,0.7264325323475046,0.7000520742926575,0.3640483383685801,0.4463087248322148,0.46825396825396826,0.5442154255319149
Tsunami-th/Tsunami-0.5-7B-Instruct,0.7042513863216266,0.549557368512411,0.5045317220543807,0.3087248322147651,0.4246031746031746,0.44132313829787234
Tsunami-th/Tsunami-0.5x-7B-Instruct,0.6728280961182994,0.5563270265578892,0.4206948640483384,0.3145973154362416,0.4656084656084656,0.44581117021276595
Tsunami-th/Tsunami-1.0-14B-Instruct,0.7504621072088724,0.6417288665162298,0.45845921450151056,0.3565436241610738,0.4444444444444444,0.5248503989361702
Tsunami-th/Tsunami-1.0-7B-Instruct,0.6931608133086876,0.5462593299774344,0.4335347432024169,0.31291946308724833,0.44841269841269843,0.4424035904255319
UCLA-AGI/Gemma-2-9B-It-SPPO-Iter1,0.29390018484288355,0.5955563270265579,0.08987915407854985,0.33640939597315433,0.4087301587301587,0.39070811170212766
UCLA-AGI/Gemma-2-9B-It-SPPO-Iter2,0.29390018484288355,0.5976392987328589,0.08081570996978851,0.3347315436241611,0.4126984126984127,0.386968085106383
UCLA-AGI/Gemma-2-9B-It-SPPO-Iter3,0.30129390018484287,0.5992015275125846,0.07099697885196375,0.3389261744966443,0.41534391534391535,0.382563164893617
UCLA-AGI/Llama-3-Instruct-8B-SPPO-Iter1,0.6876155268022182,0.5045998958514147,0.1148036253776435,0.2676174496644295,0.3558201058201058,0.37109375
UCLA-AGI/Llama-3-Instruct-8B-SPPO-Iter2,0.6543438077634011,0.507377191459816,0.10347432024169184,0.26677852348993286,0.3584656084656085,0.36918218085106386
UCLA-AGI/Llama-3-Instruct-8B-SPPO-Iter3,0.6414048059149723,0.5063357056066655,0.09592145015105741,0.2651006711409396,0.36507936507936506,0.3644448138297872
UCLA-AGI/Mistral7B-PairRM-SPPO-Iter1,0.4399260628465804,0.4459295261239368,0.024924471299093656,0.2835570469798658,0.39814814814814814,0.26953125
UCLA-AGI/Mistral7B-PairRM-SPPO-Iter2,0.3807763401109057,0.44558236417288666,0.02190332326283988,0.28859060402684567,0.4074074074074074,0.2677027925531915
UCLA-AGI/Mistral7B-PairRM-SPPO-Iter3,0.36414048059149723,0.4382919632008332,0.023413897280966767,0.2751677852348993,0.4060846560846561,0.2657912234042553
UCLA-AGI/Mistral7B-PairRM-SPPO,0.3733826247689464,0.4412428397847596,0.030966767371601207,0.28104026845637586,0.3955026455026455,0.26205119680851063
UKzExecution/LlamaExecutor-8B-3.0.5,0.7024029574861368,0.4992188856101371,0.10196374622356495,0.2558724832214765,0.37433862433862436,0.3625332446808511
Unbabel/TowerInstruct-Mistral-7B-v0.2,0.21256931608133087,0.38604408956778336,0.02039274924471299,0.24748322147651006,0.45105820105820105,0.19680851063829788
Undi95/MG-FinalMix-72B,0.7634011090573013,0.6958861308800556,0.3972809667673716,0.3850671140939597,0.48148148148148145,0.542719414893617
Undi95/Phi4-abliterated,0.6136783733826248,0.6788751952785975,0.37009063444108764,0.33053691275167785,0.4021164021164021,0.528091755319149
V3N0M/Jenna-Tiny-2.0,0.1645101663585952,0.31018920326332233,0.012084592145015106,0.25,0.335978835978836,0.1146941489361702
VAGOsolutions/Llama-3-SauerkrautLM-70b-Instruct,0.7707948243992606,0.6639472313834404,0.2280966767371601,0.32802013422818793,0.43253968253968256,0.5392287234042553
VAGOsolutions/Llama-3-SauerkrautLM-8b-Instruct,0.7060998151571165,0.492622808540184,0.06646525679758308,0.3087248322147651,0.42328042328042326,0.3857214095744681
VAGOsolutions/Llama-3.1-SauerkrautLM-70b-Instruct,0.8391866913123844,0.6993577503905571,0.3693353474320242,0.3414429530201342,0.4695767195767196,0.5334940159574468
VAGOsolutions/Llama-3.1-SauerkrautLM-8b-Instruct,0.7689463955637708,0.5080715153619163,0.19410876132930513,0.2902684563758389,0.414021164021164,0.3890458776595745
VAGOsolutions/SauerkrautLM-1.5b,0.17744916820702403,0.36833883006422496,0.03625377643504532,0.2709731543624161,0.373015873015873,0.21509308510638298
VAGOsolutions/SauerkrautLM-7b-HerO,0.47689463955637706,0.49123416073598336,0.03927492447129909,0.2726510067114094,0.3915343915343915,0.30460438829787234
VAGOsolutions/SauerkrautLM-7b-LaserChat,0.5452865064695009,0.4521784412428398,0.07779456193353475,0.30033557046979864,0.414021164021164,0.3304521276595745
VAGOsolutions/SauerkrautLM-Gemma-2b,0.19408502772643252,0.33987155007811143,0.027945619335347432,0.25671140939597314,0.3664021164021164,0.14685837765957446
VAGOsolutions/SauerkrautLM-Gemma-7b,0.27726432532347506,0.4164207602846728,0.06722054380664652,0.2860738255033557,0.3584656084656085,0.2961269946808511
VAGOsolutions/SauerkrautLM-Mixtral-8x7B-Instruct,0.5064695009242144,0.5243881270612741,0.09818731117824774,0.2978187919463087,0.4193121693121693,0.3650265957446808
VAGOsolutions/SauerkrautLM-Nemo-12b-Instruct,0.5619223659889094,0.5186599548689463,0.12235649546827794,0.30956375838926176,0.44576719576719576,0.33851396276595747
VAGOsolutions/SauerkrautLM-Phi-3-medium,0.3733826247689464,0.6413817045651796,0.16012084592145015,0.3347315436241611,0.48412698412698413,0.46650598404255317
VAGOsolutions/SauerkrautLM-SOLAR-Instruct,0.43068391866913125,0.5151883353584447,0.0634441087613293,0.3053691275167785,0.3955026455026455,0.31831781914893614
VAGOsolutions/SauerkrautLM-gemma-2-2b-it,0.12384473197781885,0.4204131227217497,0.02190332326283988,0.2726510067114094,0.39814814814814814,0.269281914893617
VAGOsolutions/SauerkrautLM-gemma-2-9b-it,0.2846580406654344,0.6071862523867384,0.08383685800604229,0.3271812080536913,0.4312169312169312,0.40907579787234044
VAGOsolutions/SauerkrautLM-v2-14b-DPO,0.7005545286506469,0.9,0.3164652567975831,0.3383838383838384,0.548,0.51171875
VAGOsolutions/SauerkrautLM-v2-14b-SFT,0.6451016635859519,0.912,0.3285498489425982,0.35858585858585856,0.536,0.5205285904255319
VIRNECT/llama-3-Korean-8B-r-v-0.1,0.4195933456561922,0.4787363304981774,0.08610271903323263,0.2424496644295302,0.3664021164021164,0.3259640957446808
VIRNECT/llama-3-Korean-8B,0.42513863216266173,0.49001909390730775,0.10800604229607251,0.2709731543624161,0.3637566137566138,0.3536402925531915
ValiantLabs/Llama3-70B-Fireplace,0.7393715341959335,0.6464155528554071,0.21450151057401812,0.3548657718120805,0.44312169312169314,0.4892785904255319
ValiantLabs/Llama3-70B-ShiningValiant2,0.5600739371534196,0.6330498177399757,0.20770392749244712,0.33053691275167785,0.4312169312169312,0.48977726063829785
ValiantLabs/Llama3.1-70B-ShiningValiant2,0.4787430683918669,0.6729734421107446,0.29154078549848944,0.3926174496644295,0.4669312169312169,0.5172872340425532
ValiantLabs/Llama3.1-8B-Cobalt,0.2735674676524954,0.492622808540184,0.1268882175226586,0.3036912751677852,0.3955026455026455,0.3644448138297872
ValiantLabs/Llama3.1-8B-Enigma,0.20517560073937152,0.446276688074987,0.0891238670694864,0.287751677852349,0.4193121693121693,0.34092420212765956
ValiantLabs/Llama3.1-8B-Esper2,0.18853974121996303,0.446276688074987,0.05891238670694864,0.2726510067114094,0.3558201058201058,0.29039228723404253
ValiantLabs/Llama3.1-8B-Fireplace2,0.47689463955637706,0.4586009373372678,0.08761329305135952,0.28942953020134227,0.335978835978836,0.24235372340425532
ValiantLabs/Llama3.1-8B-ShiningValiant2,0.5988909426987061,0.4775212636695018,0.05664652567975831,0.3104026845637584,0.39021164021164023,0.33818151595744683
ValiantLabs/Llama3.2-3B-Enigma,0.21072088724584104,0.3709425446971012,0.04380664652567976,0.26174496644295303,0.3915343915343915,0.2427692819148936
ValiantLabs/Llama3.2-3B-Esper2,0.20702402957486138,0.38118382225308106,0.03625377643504532,0.2701342281879195,0.3544973544973545,0.22573138297872342
ValiantLabs/Llama3.2-3B-ShiningValiant2,0.19408502772643252,0.4214546085749002,0.0823262839879154,0.2802013422818792,0.3862433862433862,0.28291223404255317
Vikhrmodels/Vikhr-Llama3.1-8B-Instruct-R-21-09-24,0.589648798521257,0.5252560319388995,0.2175226586102719,0.24496644295302014,0.37433862433862436,0.3547207446808511
Vikhrmodels/Vikhr-Nemo-12B-Instruct-R-21-09-24,0.5415896487985212,0.5184863738934212,0.1714501510574018,0.2911073825503356,0.4060846560846561,0.33976063829787234
Weyaxi/Bagel-Hermes-2x34B,0.4879852125693161,0.4907134178094081,0.06042296072507553,0.32802013422818793,0.45105820105820105,0.4588597074468085
Weyaxi/Bagel-Hermes-34B-Slerp,0.38817005545286504,0.5884395070300296,0.06042296072507553,0.3347315436241611,0.46164021164021163,0.4703291223404255
Weyaxi/Einstein-v4-7B,0.41404805914972276,0.3837875368859573,0.0188821752265861,0.28187919463087246,0.4669312169312169,0.22589760638297873
Weyaxi/Einstein-v6.1-Llama3-8B,0.39926062846580407,0.49800381878146155,0.06797583081570997,0.28187919463087246,0.42063492063492064,0.3130817819148936
Weyaxi/Einstein-v6.1-developed-by-Weyaxi-Llama3-8B,0.3345656192236599,0.5018226002430134,0.07175226586102719,0.27348993288590606,0.43253968253968256,0.30925864361702127
Weyaxi/Einstein-v7-Qwen2-7B,0.34750462107208874,0.5113695538968929,0.19939577039274925,0.29949664429530204,0.43915343915343913,0.4095744680851064
Weyaxi/Einstein-v8-Llama3.2-1B,0.13863216266173753,0.29734421107446624,0.0007552870090634441,0.25838926174496646,0.3611111111111111,0.11610704787234043
Weyaxi/SauerkrautLM-UNA-SOLAR-Instruct,0.39186691312384475,0.5146675924318694,0.04607250755287009,0.311241610738255,0.3968253968253968,0.31532579787234044
WizardLMTeam/WizardLM-13B-V1.0,0.11829944547134935,0.2877972574205867,0.0,0.25922818791946306,0.3492063492063492,0.11660571808510638
WizardLMTeam/WizardLM-13B-V1.2,0.2828096118299446,0.4429786495400104,0.0188821752265861,0.2609060402684564,0.4365079365079365,0.25191156914893614
WizardLMTeam/WizardLM-70B-V1.0,0.4399260628465804,0.5565006075334143,0.03927492447129909,0.26593959731543626,0.43783068783068785,0.34466422872340424
Wladastic/Mini-Think-Base-1B,0.4953789279112754,0.3549730949487936,0.07326283987915408,0.2634228187919463,0.32671957671957674,0.17719414893617022
Xclbr7/Arcanum-12b,0.23844731977818853,0.5240409651102239,0.11933534743202417,0.32046979865771813,0.4166666666666667,0.3586269946808511
Xclbr7/Hyena-12b,0.2828096118299446,0.5440027772956084,0.11329305135951662,0.2978187919463087,0.39814814814814814,0.3439162234042553
Xclbr7/caliburn-12b,0.3123844731977819,0.5488630446103107,0.11253776435045318,0.33640939597315433,0.42857142857142855,0.36751994680851063
Xclbr7/caliburn-v2-12b,0.23844731977818853,0.5117167158479431,0.10498489425981873,0.3263422818791946,0.4365079365079365,0.37840757978723405
Xiaojian9992024/Llama3.2-1B-THREADRIPPER-v0.2,0.4676524953789279,0.34959208470751607,0.06570996978851963,0.26593959731543626,0.3306878306878307,0.1745345744680851
Xiaojian9992024/Llama3.2-1B-THREADRIPPER,0.49168207024029575,0.35236938031591736,0.07401812688821752,0.2609060402684564,0.31216931216931215,0.17627992021276595
Xiaojian9992024/Phi-4-Megatron-Empathetic,0.012939001848428836,0.6656830411386911,0.26963746223564955,0.3859060402684564,0.5066137566137566,0.5082280585106383
Xiaojian9992024/Phi-4-mini-UNOFFICAL,0.08317929759704251,0.29109529595556327,0.0,0.2407718120805369,0.335978835978836,0.11444481382978723
Xiaojian9992024/Qwen2.5-7B-MS-Destroyer,0.6857670979667283,0.5445235202221836,0.459214501510574,0.30453020134228187,0.42592592592592593,0.4412400265957447
Xiaojian9992024/Qwen2.5-Dyanka-7B-Preview-v0.2,0.6173752310536045,0.5348029855927791,0.47205438066465255,0.2936241610738255,0.44576719576719576,0.4370844414893617
Xiaojian9992024/Qwen2.5-Dyanka-7B-Preview,0.7282809611829945,0.551640340218712,0.4879154078549849,0.31711409395973156,0.4470899470899471,0.43758311170212766
Xiaojian9992024/Qwen2.5-THREADRIPPER-Medium-Censored,0.7818853974121996,0.6412081235896546,0.533987915407855,0.3347315436241611,0.4126984126984127,0.49285239361702127
Xiaojian9992024/Qwen2.5-THREADRIPPER-Small-AnniversaryEdition,0.7097966728280961,0.5438291963200833,0.5075528700906344,0.2684563758389262,0.37962962962962965,0.4393284574468085
Xiaojian9992024/Qwen2.5-THREADRIPPER-Small,0.7356746765249538,0.5460857490019094,0.4735649546827795,0.3104026845637584,0.43386243386243384,0.4356715425531915
Xiaojian9992024/Qwen2.5-Ultra-1.5B-25.02-Exp,0.35304990757855825,0.4032286061447665,0.08308157099697885,0.25838926174496646,0.3373015873015873,0.26412898936170215
Xiaojian9992024/Reflection-L3.2-JametMiniMix-3B,0.4011090573012939,0.4391598680784586,0.11933534743202417,0.29446308724832215,0.3664021164021164,0.29878656914893614
Xkev/Llama-3.2V-11B-cot,0.3364140480591497,0.4954001041485853,0.1555891238670695,0.2953020134228188,0.41534391534391535,0.35871010638297873
YOYO-AI/Qwen2.5-14B-1M-YOYO-V3,0.8151571164510166,0.6427703523693803,0.5354984894259819,0.3288590604026846,0.4126984126984127,0.5206948138297872
YOYO-AI/Qwen2.5-14B-YOYO-0505,0.5231053604436229,0.6512758201701093,0.4433534743202417,0.3733221476510067,0.4748677248677249,0.5370678191489362
YOYO-AI/Qwen2.5-14B-YOYO-0510-v2,0.532347504621072,0.6528380489498351,0.44410876132930516,0.38171140939597314,0.47354497354497355,0.5380651595744681
YOYO-AI/Qwen2.5-14B-YOYO-0805,0.5231053604436229,0.6512758201701093,0.4433534743202417,0.3733221476510067,0.4748677248677249,0.5370678191489362
YOYO-AI/Qwen2.5-14B-YOYO-1005-v2,0.532347504621072,0.65266446797431,0.4433534743202417,0.38422818791946306,0.4722222222222222,0.5371509308510638
YOYO-AI/Qwen2.5-14B-YOYO-1005,0.5360443622920518,0.6516229821211595,0.452416918429003,0.3808724832214765,0.4722222222222222,0.5382313829787234
YOYO-AI/Qwen2.5-14B-YOYO-1010-v2,0.532347504621072,0.6528380489498351,0.44410876132930516,0.38171140939597314,0.47354497354497355,0.5380651595744681
YOYO-AI/Qwen2.5-14B-YOYO-1010,0.5286506469500925,0.6516229821211595,0.4509063444108761,0.38338926174496646,0.47354497354497355,0.5375664893617021
YOYO-AI/Qwen2.5-14B-YOYO-SCE,0.5212569316081331,0.6467627148064572,0.46148036253776437,0.37416107382550334,0.4695767195767196,0.5380651595744681
YOYO-AI/Qwen2.5-14B-YOYO-V4-p1,0.7929759704251387,0.6502343343169589,0.5332326283987915,0.34563758389261745,0.41798941798941797,0.5019946808510638
YOYO-AI/Qwen2.5-14B-YOYO-V4-p2,0.7726432532347505,0.6328762367644506,0.5166163141993958,0.3271812080536913,0.4417989417989418,0.49675864361702127
YOYO-AI/Qwen2.5-14B-YOYO-V4,0.8114602587800369,0.6474570387085575,0.5347432024169184,0.3221476510067114,0.41005291005291006,0.5169547872340425
YOYO-AI/Qwen2.5-14B-YOYO-latest-V2,0.744916820702403,0.6271480645721229,0.5158610271903323,0.3540268456375839,0.42857142857142855,0.5223570478723404
YOYO-AI/Qwen2.5-14B-YOYO-latest,0.5286506469500925,0.6642943933344906,0.4418429003021148,0.3825503355704698,0.46825396825396826,0.5370678191489362
YOYO-AI/Qwen2.5-14B-it-restore,0.7929759704251387,0.6370421801770526,0.5370090634441088,0.337248322147651,0.4074074074074074,0.4900265957446808
YOYO-AI/Qwen2.5-7B-it-restore,0.7171903881700554,0.5381010241277556,0.5,0.3011744966442953,0.3994708994708995,0.42877327127659576
YOYO-AI/Qwen2.5-Coder-14B-YOYO-1010,0.4676524953789279,0.6182954348203437,0.3217522658610272,0.3523489932885906,0.4417989417989418,0.4074966755319149
YOYO-AI/ZYH-LLM-Qwen2.5-14B-V2,0.43622920517560076,0.6429439333449054,0.3542296072507553,0.37919463087248323,0.46825396825396826,0.5371509308510638
YOYO-AI/ZYH-LLM-Qwen2.5-14B-V3,0.8354898336414048,0.6344384655441764,0.527190332326284,0.33221476510067116,0.4007936507936508,0.4881150265957447
YOYO-AI/ZYH-LLM-Qwen2.5-14B-V4,0.8096118299445472,0.650407915292484,0.5392749244712991,0.3145973154362416,0.4417989417989418,0.5203623670212766
YOYO-AI/ZYH-LLM-Qwen2.5-14B,0.532347504621072,0.6625585835792397,0.411631419939577,0.3859060402684564,0.4748677248677249,0.5350731382978723
Yash21/TinyYi-7B-Test,0.11829944547134935,0.2869293525429613,0.0,0.26426174496644295,0.335978835978836,0.10912566489361702
Youlln/1PARAMMYL-8B-ModelStock,0.46395563770794823,0.5191806977955216,0.1487915407854985,0.3238255033557047,0.44047619047619047,0.4000166223404255
Youlln/2PRYMMAL-Yi1.5-6B-SLERP,0.21626617375231053,0.4618989758722444,0.11329305135951662,0.3070469798657718,0.4748677248677249,0.3169880319148936
Youlln/3PRYMMAL-PHI3-3B-SLERP,0.29944547134935307,0.541051900711682,0.1714501510574018,0.3263422818791946,0.4642857142857143,0.4001828457446808
Youlln/4PRYMMAL-GEMMA2-9B-SLERP,0.2513863216266174,0.5905224787363305,0.09063444108761329,0.33053691275167785,0.4669312169312169,0.42096077127659576
Youlln/ECE-MIRAGE-1-12B,0.14417744916820702,0.29595556327026556,0.0,0.2634228187919463,0.32142857142857145,0.11095412234042554
Youlln/ECE-MIRAGE-1-15B,0.14417744916820702,0.29595556327026556,0.0,0.2634228187919463,0.32142857142857145,0.11095412234042554
Youlln/ECE-PRYMMAL-0.5B-FT-V3-MUSR,0.10166358595194085,0.3015101544870682,0.02416918429003021,0.24916107382550334,0.36507936507936506,0.1644780585106383
Youlln/ECE-PRYMMAL-0.5B-FT-V3,0.10536044362292052,0.3060232598507204,0.0030211480362537764,0.2575503355704698,0.3637566137566138,0.11610704787234043
Youlln/ECE-PRYMMAL-0.5B-FT-V4-MUSR,0.07763401109057301,0.30098941156049297,0.012084592145015106,0.2701342281879195,0.35185185185185186,0.13214760638297873
Youlln/ECE-PRYMMAL-0.5B-SLERP-V2,0.10536044362292052,0.2902273910779379,0.0007552870090634441,0.27432885906040266,0.38227513227513227,0.10945811170212766
Youlln/ECE-PRYMMAL-0.5B-SLERP-V3,0.11460258780036968,0.2897066481513626,0.0,0.2516778523489933,0.3531746031746032,0.10871010638297872
Youlln/ECE-PRYMMAL-YL-1B-SLERP-V1,0.25693160813308685,0.4174622461378233,0.10725075528700906,0.2911073825503356,0.42592592592592593,0.2935505319148936
Youlln/ECE-PRYMMAL-YL-1B-SLERP-V2,0.25693160813308685,0.4174622461378233,0.10725075528700906,0.2911073825503356,0.42592592592592593,0.2935505319148936
Youlln/ECE-PRYMMAL-YL-7B-SLERP-V4,0.18299445471349354,0.3728519354278771,0.05362537764350453,0.2651006711409396,0.37433862433862436,0.2131815159574468
Youlln/ECE-PRYMMAL0.5-FT,0.1423290203327172,0.31018920326332233,0.023413897280966767,0.2558724832214765,0.32936507936507936,0.14768949468085107
Youlln/ECE-PRYMMAL0.5B-Youri,0.09981515711645102,0.27755597986460684,0.0,0.24328859060402686,0.36904761904761907,0.10954122340425532
Youlln/ECE-PRYMMAL1B-FT-V1,0.1589648798521257,0.39993056760978996,0.06419939577039276,0.2785234899328859,0.3412698412698413,0.2742686170212766
Youlln/ECE-Qwen0.5B-FT-V2,0.1922365988909427,0.32702655788925533,0.02039274924471299,0.26677852348993286,0.3055555555555556,0.16655585106382978
Youlln/ECE.EIFFEIL.ia-0.5B-SLERP,0.18853974121996303,0.32997743447318173,0.05966767371601209,0.2651006711409396,0.30952380952380953,0.1903257978723404
YoungPanda/qwenqwen,0.08133086876155268,0.33414337788578374,0.035498489425981876,0.25,0.3425925925925926,0.11677194148936171
Yuma42/KangalKhan-RawRuby-7B,0.4898336414048059,0.4730081583058497,0.06646525679758308,0.287751677852349,0.3941798941798942,0.30227726063829785
Yuma42/Llama3.1-IgneousIguana-8B,0.7837338262476895,0.5169241451136956,0.21978851963746224,0.3104026845637584,0.4193121693121693,0.39735704787234044
Yuma42/Llama3.1-SuperHawk-8B,0.7615526802218114,0.5181392119423711,0.2348942598187311,0.31291946308724833,0.4074074074074074,0.39453125
Z1-Coder/Z1-Coder-7B,0.25693160813308685,0.4794306544002777,0.324773413897281,0.2726510067114094,0.3611111111111111,0.37591422872340424
ZHLiu627/zephyr-7b-gemma-dpo-avg,0.24029574861367836,0.4113869119944454,0.045317220543806644,0.2785234899328859,0.41005291005291006,0.28507313829787234
ZHLiu627/zephyr-7b-gemma-rpo-avg,0.24029574861367836,0.4152056934559972,0.04984894259818731,0.27684563758389263,0.4074074074074074,0.2830784574468085
ZeroXClem/L3-Aspire-Heart-Matrix-8B,0.41035120147874304,0.5370595382746051,0.18277945619335348,0.32466442953020136,0.41798941798941797,0.3784906914893617
ZeroXClem/Llama-3.1-8B-AthenaSky-MegaMix,0.5767097966728281,0.51570907828502,0.2794561933534743,0.27768456375838924,0.3531746031746032,0.3503989361702128
ZeroXClem/Llama-3.1-8B-RainbowLight-EtherealMix,0.42513863216266173,0.513626106578719,0.1216012084592145,0.28691275167785235,0.3941798941798942,0.363031914893617
ZeroXClem/Llama-3.1-8B-SpecialTitanFusion,0.6987060998151571,0.5436556153445582,0.23338368580060423,0.29949664429530204,0.3862433862433862,0.3621176861702128
ZeroXClem/Llama-3.1-8B-SuperNova-EtherealHermes,0.6931608133086876,0.5229994792570735,0.17447129909365558,0.29278523489932884,0.4060846560846561,0.37450132978723405
ZeroXClem/Llama-3.1-8B-SuperTulu-LexiNova,0.34011090573012936,0.5061621246311404,0.25302114803625375,0.2860738255033557,0.3968253968253968,0.3367686170212766
ZeroXClem/Qwen-2.5-Aether-SlerpFusion-7B,0.5748613678373382,0.5433084533935081,0.27341389728096677,0.2986577181208054,0.4166666666666667,0.43267952127659576
ZeroXClem/Qwen2.5-7B-CelestialHarmony-1M,0.5304990757855823,0.5398368338830064,0.3474320241691843,0.3187919463087248,0.458994708994709,0.4386635638297872
ZeroXClem/Qwen2.5-7B-HomerAnvita-NerdMix,0.7393715341959335,0.551640340218712,0.38368580060422963,0.3196308724832215,0.43783068783068785,0.4431515957446808
ZeroXClem/Qwen2.5-7B-HomerCreative-Mix,0.7504621072088724,0.5521610831452872,0.3564954682779456,0.29949664429530204,0.43386243386243384,0.4447307180851064
ZeroXClem/Qwen2.5-7B-Qandora-CySec,0.634011090573013,0.5450442631487589,0.2930513595166163,0.30033557046979864,0.42724867724867727,0.4484707446808511
ZeusLabs/L3-Aethora-15B-V2,0.6802218114602587,0.4992188856101371,0.08081570996978851,0.287751677852349,0.3862433862433862,0.3499833776595745
ZhangShenao/SELM-Llama-3-8B-Instruct-iter-3,0.6395563770794824,0.5026905051206387,0.08610271903323263,0.25838926174496646,0.3835978835978836,0.3783244680851064
aaditya/Llama3-OpenBioLLM-70B,0.7171903881700554,0.6387779899323034,0.1971299093655589,0.32298657718120805,0.44047619047619047,0.4867021276595745
abacusai/Dracarys-72B-Instruct,0.7486136783733827,0.6936295781982295,0.39652567975830816,0.39093959731543626,0.455026455026455,0.5456283244680851
abacusai/Liberated-Qwen1.5-14B,0.2957486136783734,0.492622808540184,0.16012084592145015,0.2835570469798658,0.4166666666666667,0.35123005319148937
abacusai/Llama-3-Smaug-8B,0.4121996303142329,0.4914077417115084,0.08534743202416918,0.2483221476510067,0.3611111111111111,0.3184840425531915
abacusai/Smaug-34B-v0.1,0.4491682070240296,0.5335879187641035,0.07175226586102719,0.3296979865771812,0.3968253968253968,0.4542885638297872
abacusai/Smaug-72B-v0.1,0.4602587800369686,0.5950355840999827,0.19108761329305135,0.3238255033557047,0.4470899470899471,0.4623503989361702
abacusai/Smaug-Llama-3-70B-Instruct-32K,0.7356746765249538,0.6484985245617081,0.27492447129909364,0.2961409395973154,0.4193121693121693,0.47647938829787234
abacusai/Smaug-Mixtral-v0.1,0.5101663585951941,0.5137996875542441,0.09516616314199396,0.3011744966442953,0.42857142857142855,0.3351894946808511
abacusai/Smaug-Qwen2-72B-Instruct,0.744916820702403,0.6898107967366777,0.4131419939577039,0.3615771812080537,0.43915343915343913,0.519032579787234
abacusai/bigstral-12b-32k,0.3567467652495379,0.46641208123589656,0.015105740181268883,0.29278523489932884,0.455026455026455,0.26412898936170215
abacusai/bigyi-15b,0.16820702402957485,0.4332581149106058,0.02945619335347432,0.30956375838926176,0.3531746031746032,0.30028257978723405
abhishek/autotrain-0tmgq-5tpbg,0.13493530499075784,0.31018920326332233,0.01283987915407855,0.25922818791946306,0.35714285714285715,0.11436170212765957
abhishek/autotrain-llama3-70b-orpo-v1,0.3585951940850277,0.5988543655615345,0.010574018126888218,0.24412751677852348,0.35714285714285715,0.11220079787234043
abhishek/autotrain-llama3-70b-orpo-v2,0.47689463955637706,0.5887866689810797,0.2107250755287009,0.2936241610738255,0.41005291005291006,0.48179853723404253
abhishek/autotrain-llama3-orpo-v2,0.38632162661737524,0.3126193369206735,0.04682779456193353,0.26677852348993286,0.3783068783068783,0.22182513297872342
abhishek/autotrain-vr4a1-e5mms,0.1478743068391867,0.4985245617080368,0.14123867069486404,0.3196308724832215,0.3888888888888889,0.36668882978723405
abideen/MedPhi-4-14B-v1,0.5767097966728281,0.6877278250303767,0.2930513595166163,0.34395973154362414,0.414021164021164,0.5338264627659575
adamo1139/Yi-34B-200K-AEZAKMI-v2,0.39186691312384475,0.536712376323555,0.05664652567975831,0.33221476510067116,0.38756613756613756,0.4512965425531915
adriszmar/QAIMath-Qwen2.5-7B-TIES,0.11645101663585952,0.30793265058149627,0.0015105740181268882,0.24916107382550334,0.3955026455026455,0.10663231382978723
aevalone/distill_qw_test,0.7024029574861368,0.5231730602325985,0.4780966767371601,0.30033557046979864,0.38492063492063494,0.4091589095744681
agentlans/Gemma2-9B-AdvancedFuse,0.1478743068391867,0.5858357923971532,0.10045317220543806,0.3347315436241611,0.421957671957672,0.4000166223404255
agentlans/Llama-3.2-1B-Instruct-CrashCourse12K,0.48428835489833644,0.35184863738934213,0.07099697885196375,0.2407718120805369,0.3201058201058201,0.1809341755319149
agentlans/Llama3.1-8B-drill,0.7245841035120147,0.5006075334143378,0.1714501510574018,0.2676174496644295,0.3664021164021164,0.37757646276595747
agentlans/Llama3.1-Daredevilish-Instruct,0.7578558225508318,0.5219579934039229,0.17220543806646527,0.3070469798657718,0.39021164021164023,0.3877160904255319
agentlans/Llama3.1-Daredevilish,0.5748613678373382,0.49904530463461205,0.12915407854984895,0.3011744966442953,0.4087301587301587,0.3696808510638298
agentlans/Llama3.1-LexiHermes-SuperStorm,0.7467652495378928,0.5257767748654747,0.16163141993957703,0.32298657718120805,0.3955026455026455,0.3843916223404255
agentlans/Llama3.1-SuperDeepFuse-CrashCourse12K,0.6820702402957486,0.5207429265752473,0.18051359516616314,0.31291946308724833,0.4021164021164021,0.3631150265957447
agentlans/Llama3.1-SuperDeepFuse,0.7393715341959335,0.5042527339003645,0.18277945619335348,0.27432885906040266,0.36904761904761907,0.3774933510638298
agentlans/Qwen2.5-0.5B-Instruct-CrashCourse-dropout,0.23844731977818853,0.3292831105710814,0.04229607250755287,0.2634228187919463,0.3333333333333333,0.16082114361702127
ahmeda335/13_outOf_32_pruned_layers_llama3.1-8b,0.11460258780036968,0.28449921888561014,0.0,0.25922818791946306,0.37962962962962965,0.11286569148936171
ai21labs/Jamba-v0.1,0.14972273567467653,0.35827113348377015,0.015861027190332326,0.2684563758389262,0.3584656084656085,0.24916888297872342
ai4bharat/Airavata,0.051756007393715345,0.360006943239021,0.01812688821752266,0.27432885906040266,0.37566137566137564,0.1634807180851064
aixonlab/Aether-12b,0.1756007393715342,0.515882659260545,0.10649546827794562,0.3162751677852349,0.38227513227513227,0.3410073138297872
aixonlab/Grey-12b,0.32717190388170053,0.56865127582017,0.09818731117824774,0.30033557046979864,0.45105820105820105,0.3779089095744681
aixonlab/Zara-14b-v1.2,0.5656192236598891,0.6380836660302031,0.35347432024169184,0.38171140939597314,0.4669312169312169,0.5263464095744681
akhadangi/Llama3.2.1B.0.01-First,0.053604436229205174,0.31609095643117513,0.01812688821752266,0.2483221476510067,0.3187830687830688,0.1196808510638298
akhadangi/Llama3.2.1B.0.01-Last,0.06099815157116451,0.31314007984724873,0.013595166163141994,0.24328859060402686,0.3201058201058201,0.12267287234042554
akhadangi/Llama3.2.1B.0.1-First,0.06469500924214418,0.309494879361222,0.021148036253776436,0.24496644295302014,0.32936507936507936,0.11693816489361702
akhadangi/Llama3.2.1B.0.1-Last,0.06284658040665435,0.3145287276514494,0.021148036253776436,0.23825503355704697,0.3333333333333333,0.11776928191489362
akhadangi/Llama3.2.1B.BaseFiT,0.05545286506469501,0.3155702135045999,0.02416918429003021,0.2533557046979866,0.32142857142857145,0.1171875
akjindal53244/Llama-3.1-8B-Instruct-FT_01,0.6987060998151571,0.49106057976045825,0.1540785498489426,0.2986577181208054,0.37037037037037035,0.3547207446808511
akjindal53244/Llama-3.1-Storm-8B,0.7707948243992606,0.517792049991321,0.17220543806646524,0.3263422818791946,0.4021164021164021,0.3803191489361702
alcholjung/llama3_medical_tuned,0.005545286506469501,0.4490539836833883,0.04682779456193353,0.2860738255033557,0.4656084656084656,0.29463098404255317
allenai/Llama-3.1-Tulu-3-70B-DPO,0.7966728280961183,0.6113521957993404,0.44939577039274925,0.37583892617449666,0.49074074074074076,0.4632646276595745
allenai/Llama-3.1-Tulu-3-70B-SFT,0.7707948243992606,0.5919111265405311,0.33157099697885195,0.3447986577181208,0.5013227513227513,0.46243351063829785
allenai/Llama-3.1-Tulu-3-70B,0.7985212569316081,0.6129144245790661,0.4501510574018127,0.3733221476510067,0.4933862433862434,0.46451130319148937
allenai/Llama-3.1-Tulu-3-8B-DPO,0.7689463955637708,0.40479083492449225,0.236404833836858,0.2936241610738255,0.41534391534391535,0.2898105053191489
allenai/Llama-3.1-Tulu-3-8B-RM,0.11460258780036968,0.292657524735289,0.0,0.25671140939597314,0.37566137566137564,0.10821143617021277
allenai/Llama-3.1-Tulu-3-8B-SFT,0.7060998151571165,0.3834403749349071,0.11782477341389729,0.27768456375838924,0.42592592592592593,0.28116688829787234
allenai/Llama-3.1-Tulu-3-8B,0.7948243992606284,0.4037493490713418,0.21148036253776434,0.29697986577181207,0.4166666666666667,0.2820811170212766
allenai/OLMo-1.7-7B-hf,0.09796672828096119,0.2987328588786669,0.0022658610271903325,0.2550335570469799,0.34656084656084657,0.11236702127659574
allenai/OLMo-1B-hf,0.1534195933456562,0.30185731643811836,0.017371601208459216,0.26174496644295303,0.4087301587301587,0.11735372340425532
allenai/OLMo-2-1124-7B-Instruct,0.6802218114602587,0.39802117687901406,0.1487915407854985,0.2785234899328859,0.3505291005291005,0.2672041223404255
allenai/OLMo-7B-Instruct-hf,0.27726432532347506,0.3659086964068738,0.013595166163141994,0.2709731543624161,0.37566137566137564,0.17852393617021275
allenai/OLMo-7B-hf,0.2033271719038817,0.3249435861829543,0.012084592145015106,0.2726510067114094,0.3478835978835979,0.11727061170212766
allenai/OLMoE-1B-7B-0125-Instruct,0.6284658040665434,0.38118382225308106,0.08987915407854985,0.2600671140939597,0.36243386243386244,0.19148936170212766
allenai/OLMoE-1B-7B-0924-Instruct,0.4011090573012939,0.38708557542093386,0.027945619335347432,0.2676174496644295,0.3835978835978836,0.18758311170212766
allenai/OLMoE-1B-7B-0924,0.15157116451016636,0.3383093212983857,0.01661631419939577,0.24748322147651006,0.3478835978835979,0.1739527925531915
allknowingroger/Chocolatine-24B,0.13863216266173753,0.616733206040618,0.0007552870090634441,0.32550335570469796,0.4312169312169312,0.4566156914893617
allknowingroger/Gemma2Slerp1-2.6B,0.4713493530499076,0.4322166290574553,0.10649546827794562,0.2835570469798658,0.455026455026455,0.26886635638297873
allknowingroger/Gemma2Slerp1-27B,0.6746765249537893,0.6370421801770526,0.2583081570996979,0.3640939597315436,0.47619047619047616,0.44564494680851063
allknowingroger/Gemma2Slerp2-2.6B,0.5175600739371534,0.42978649540010416,0.09063444108761329,0.3053691275167785,0.44576719576719576,0.26961436170212766
allknowingroger/Gemma2Slerp2-27B,0.7153419593345656,0.6528380489498351,0.27870090634441086,0.3699664429530201,0.46164021164021163,0.46226728723404253
allknowingroger/Gemma2Slerp3-27B,0.6987060998151571,0.6474570387085575,0.27416918429003023,0.3548657718120805,0.47354497354497355,0.4640957446808511
allknowingroger/Gemma2Slerp4-27B,0.7079482439926063,0.6500607533414338,0.2719033232628399,0.36661073825503354,0.4497354497354497,0.46492686170212766
allknowingroger/GemmaSlerp-9B,0.6580406654343808,0.5912168026384308,0.21601208459214502,0.34395973154362414,0.4669312169312169,0.41605718085106386
allknowingroger/GemmaSlerp2-9B,0.6876155268022182,0.5974657177573338,0.2107250755287009,0.3523489932885906,0.47619047619047616,0.42386968085106386
allknowingroger/GemmaSlerp4-10B,0.6894639556377079,0.6016316611699358,0.2243202416918429,0.35318791946308725,0.4537037037037037,0.4250332446808511
allknowingroger/GemmaSlerp5-10B,0.6913123844731978,0.6049296997049124,0.21827794561933533,0.3523489932885906,0.4603174603174603,0.4328457446808511
allknowingroger/GemmaStock1-27B,0.711645101663586,0.6537059538274606,0.263595166163142,0.3640939597315436,0.4523809523809524,0.47298869680851063
allknowingroger/HomerSlerp1-7B,0.39186691312384475,0.5492102065613609,0.2719033232628399,0.3179530201342282,0.4351851851851852,0.4503823138297872
allknowingroger/HomerSlerp2-7B,0.3733826247689464,0.5620551987502169,0.29682779456193353,0.3196308724832215,0.4351851851851852,0.45146276595744683
allknowingroger/HomerSlerp3-7B,0.36414048059149723,0.5566741885089395,0.3021148036253776,0.31711409395973156,0.44576719576719576,0.45345744680851063
allknowingroger/HomerSlerp4-7B,0.36044362292051757,0.5540704738760632,0.3270392749244713,0.3196308724832215,0.44047619047619047,0.44722406914893614
allknowingroger/LimyQstar-7B-slerp,0.2809611829944547,0.5007811143898628,0.06873111782477341,0.2986577181208054,0.414021164021164,0.3103390957446808
allknowingroger/Llama3.1-60B,0.11829944547134935,0.32112480472140253,0.0,0.29446308724832215,0.3584656084656085,0.3310339095744681
allknowingroger/Marco-01-slerp1-7B,0.39186691312384475,0.5521610831452872,0.3157099697885196,0.31711409395973156,0.4444444444444444,0.44830452127659576
allknowingroger/Meme-7B-slerp,0.4584103512014787,0.46432910952959555,0.04380664652567976,0.2860738255033557,0.421957671957672,0.281000664893617
allknowingroger/Ministral-8B-slerp,0.1367837338262477,0.4671064051379969,0.0037764350453172208,0.31208053691275167,0.42857142857142855,0.3119182180851064
allknowingroger/MistralPhi3-11B,0.1367837338262477,0.6217670543308453,0.0,0.33221476510067116,0.42592592592592593,0.46875
allknowingroger/Mistralmash1-7B-s,0.3197781885397412,0.5259503558409998,0.09214501510574018,0.29446308724832215,0.42592592592592593,0.3292885638297872
allknowingroger/Mistralmash2-7B-s,0.3419593345656192,0.5287276514494011,0.07930513595166164,0.2978187919463087,0.4365079365079365,0.3345246010638298
allknowingroger/MixTAO-19B-pass,0.32162661737523107,0.5096337441416421,0.06117824773413897,0.28439597315436244,0.4775132275132275,0.31050531914893614
allknowingroger/MixTaoTruthful-13B-slerp,0.34935304990757854,0.517965630966846,0.06646525679758308,0.28439597315436244,0.42857142857142855,0.3100066489361702
allknowingroger/MultiCalm-7B-slerp,0.33086876155268025,0.5098073251171672,0.061933534743202415,0.2827181208053691,0.4312169312169312,0.3032746010638298
allknowingroger/MultiMash-12B-slerp,0.33086876155268025,0.5118902968234681,0.08081570996978851,0.27684563758389263,0.44312169312169314,0.3067652925531915
allknowingroger/MultiMash10-13B-slerp,0.34935304990757854,0.5162298212115952,0.07175226586102719,0.2860738255033557,0.4312169312169312,0.3116688829787234
allknowingroger/MultiMash11-13B-slerp,0.3585951940850277,0.5172713070647457,0.0702416918429003,0.2827181208053691,0.4365079365079365,0.30851063829787234
allknowingroger/MultiMash2-12B-slerp,0.36414048059149723,0.5111959729213679,0.06419939577039276,0.27936241610738255,0.421957671957672,0.3042719414893617
allknowingroger/MultiMash5-12B-slerp,0.34750462107208874,0.5122374587745183,0.0634441087613293,0.27768456375838924,0.4193121693121693,0.30277593085106386
allknowingroger/MultiMash6-12B-slerp,0.36968576709796674,0.5172713070647457,0.07250755287009064,0.27432885906040266,0.4298941798941799,0.30909242021276595
allknowingroger/MultiMash7-12B-slerp,0.36414048059149723,0.5089394202395418,0.06948640483383686,0.2785234899328859,0.42724867724867727,0.3029421542553192
allknowingroger/MultiMash8-13B-slerp,0.36414048059149723,0.5153619163339698,0.0770392749244713,0.28859060402684567,0.4417989417989418,0.31258311170212766
allknowingroger/MultiMash9-13B-slerp,0.3567467652495379,0.5169241451136956,0.07854984894259819,0.2802013422818792,0.43915343915343913,0.3100066489361702
allknowingroger/MultiMerge-7B-slerp,0.33271719038817005,0.5117167158479431,0.06646525679758308,0.2827181208053691,0.42724867724867727,0.3036901595744681
allknowingroger/Multimash3-12B-slerp,0.3826247689463956,0.5150147543829197,0.06268882175226587,0.2802013422818792,0.43386243386243384,0.3067652925531915
allknowingroger/Multimerge-19B-pass,0.12199630314232902,0.28554070473876064,0.0,0.25922818791946306,0.3425925925925926,0.11685505319148937
allknowingroger/MultiverseEx26-7B-slerp,0.33086876155268025,0.5108488109703176,0.0755287009063444,0.2827181208053691,0.42857142857142855,0.3035239361702128
allknowingroger/NeuralWestSeverus-7B-slerp,0.34750462107208874,0.522131574379448,0.07326283987915408,0.2709731543624161,0.4523809523809524,0.3137466755319149
allknowingroger/Neuralcoven-7B-slerp,0.31608133086876156,0.528554070473876,0.07854984894259819,0.28523489932885904,0.42857142857142855,0.3293716755319149
allknowingroger/Neuralmultiverse-7B-slerp,0.3197781885397412,0.5143204304808193,0.0649546827794562,0.28439597315436244,0.42724867724867727,0.30418882978723405
allknowingroger/Ph3della5-14B,0.4177449168207024,0.6309668460336747,0.17673716012084592,0.3422818791946309,0.43783068783068785,0.4787234042553192
allknowingroger/Ph3merge-14B,0.2033271719038817,0.6363478562749523,0.010574018126888218,0.33808724832214765,0.43253968253968256,0.4611037234042553
allknowingroger/Ph3merge2-14B,0.11460258780036968,0.3567089047040444,0.0,0.2911073825503356,0.39021164021164023,0.1722905585106383
allknowingroger/Ph3merge3-14B,0.10720887245841035,0.3560145808019441,0.0,0.28523489932885904,0.4074074074074074,0.16472739361702127
allknowingroger/Ph3task1-14B,0.4029574861367837,0.6292310362784239,0.16691842900302115,0.35067114093959734,0.4497354497354497,0.4734042553191489
allknowingroger/Ph3task2-14B,0.4066543438077634,0.6077069953133136,0.14652567975830816,0.33053691275167785,0.4523809523809524,0.44597739361702127
allknowingroger/Ph3task3-14B,0.43253234750462105,0.627495226523173,0.17598187311178248,0.3414429530201342,0.4417989417989418,0.47706117021276595
allknowingroger/Ph3unsloth-3B-slerp,0.133086876155268,0.5434820343690332,0.10120845921450151,0.32466442953020136,0.4523809523809524,0.3700964095744681
allknowingroger/Phi3mash1-17B-pass,0.12384473197781885,0.6110050338482902,0.0,0.3196308724832215,0.4444444444444444,0.45894281914893614
allknowingroger/Quen2-65B,0.12014787430683918,0.2720013886478042,0.0,0.23573825503355705,0.3201058201058201,0.11136968085106383
allknowingroger/Qwen2.5-42B-AGI,0.1367837338262477,0.29057455302898805,0.0,0.2600671140939597,0.3611111111111111,0.11677194148936171
allknowingroger/Qwen2.5-7B-task2,0.3826247689463956,0.852,0.3549848942598187,0.3383838383838384,0.54,0.4517121010638298
allknowingroger/Qwen2.5-7B-task3,0.4454713493530499,0.776,0.26057401812688824,0.3333333333333333,0.544,0.45013297872340424
allknowingroger/Qwen2.5-7B-task4,0.4399260628465804,0.5552855407047388,0.311178247734139,0.32046979865771813,0.43915343915343913,0.45611702127659576
allknowingroger/Qwen2.5-7B-task7,0.36044362292051757,0.864,0.0649546827794562,0.3383838383838384,0.552,0.4133144946808511
allknowingroger/Qwen2.5-7B-task8,0.39186691312384475,0.848,0.3527190332326284,0.35858585858585856,0.556,0.44331781914893614
allknowingroger/Qwen2.5-slerp-14B,0.4232902033271719,0.6491928484638083,0.4622356495468278,0.3674496644295302,0.47354497354497355,0.5378989361702128
allknowingroger/QwenSlerp12-7B,0.4491682070240296,0.5533761499739629,0.2945619335347432,0.31543624161073824,0.458994708994709,0.4460605053191489
allknowingroger/QwenSlerp4-14B,0.5748613678373382,0.6464155528554071,0.3693353474320242,0.3724832214765101,0.4642857142857143,0.5435505319148937
allknowingroger/QwenSlerp5-14B,0.66728280961183,0.6340913035931262,0.3564954682779456,0.3649328859060403,0.4669312169312169,0.5390625
allknowingroger/QwenSlerp6-14B,0.6395563770794824,0.6372157611525777,0.3723564954682779,0.3733221476510067,0.46825396825396826,0.5405585106382979
allknowingroger/QwenStock1-14B,0.5009242144177449,0.6511022391945843,0.3768882175226586,0.3766778523489933,0.4722222222222222,0.5418051861702128
allknowingroger/QwenStock2-14B,0.4879852125693161,0.654747439680611,0.38821752265861026,0.37919463087248323,0.4748677248677249,0.5405585106382979
allknowingroger/QwenStock3-14B,0.49353049907578556,0.6545738587050859,0.3776435045317221,0.3783557046979866,0.4748677248677249,0.5428025265957447
allknowingroger/Qwenslerp2-14B,0.43068391866913125,0.6531852109008852,0.44561933534743203,0.36828859060402686,0.4722222222222222,0.5403091755319149
allknowingroger/Qwenslerp2-7B,0.4713493530499076,0.86,0.3421450151057402,0.3383838383838384,0.54,0.4515458776595745
allknowingroger/Qwenslerp3-14B,0.43253234750462105,0.6498871723659086,0.44637462235649544,0.375,0.4669312169312169,0.5394780585106383
allknowingroger/Qwenslerp3-7B,0.44731977818853974,0.5551119597292137,0.3217522658610272,0.32466442953020136,0.45105820105820105,0.45420545212765956
allknowingroger/ROGERphi-7B-slerp,0.3142329020332717,0.515882659260545,0.07326283987915408,0.28859060402684567,0.46825396825396826,0.3052692819148936
allknowingroger/RogerMerge-7B-slerp,0.3345656192236599,0.5137996875542441,0.06873111782477341,0.2802013422818792,0.4312169312169312,0.30302526595744683
allknowingroger/Rombos-LLM-V2.5-Qwen-42b,0.13123844731977818,0.2928311057108141,0.0,0.2625838926174497,0.36243386243386244,0.11677194148936171
allknowingroger/Strangecoven-7B-slerp,0.3068391866913124,0.5349765665683042,0.07628398791540786,0.28942953020134227,0.4193121693121693,0.33643617021276595
allknowingroger/Weirdslerp2-25B,0.11460258780036968,0.28415205693455997,0.0,0.24916107382550334,0.35185185185185186,0.11278257978723404
allknowingroger/WestlakeMaziyar-7B-slerp,0.4195933456561922,0.5214372504773477,0.06646525679758308,0.3036912751677852,0.4470899470899471,0.3077626329787234
allknowingroger/YamMaths-7B-slerp,0.3512014787430684,0.513626106578719,0.08534743202416918,0.2802013422818792,0.43783068783068785,0.3130817819148936
allknowingroger/Yi-1.5-34B,0.10720887245841035,0.2798125325464329,0.0,0.25838926174496646,0.38492063492063494,0.10954122340425532
allknowingroger/Yi-blossom-40B,0.1367837338262477,0.3195625759416768,0.0,0.27432885906040266,0.3835978835978836,0.10804521276595745
allknowingroger/Yibuddy-35B,0.34935304990757854,0.5901753167852803,0.15709969788519637,0.35570469798657717,0.4497354497354497,0.44888630319148937
allknowingroger/Yillama-40B,0.11275415896487985,0.40340218712029163,0.0,0.2827181208053691,0.3492063492063492,0.1981382978723404
allknowingroger/Yislerp-34B,0.3031423290203327,0.6136087484811664,0.21601208459214502,0.35822147651006714,0.45634920634920634,0.4751496010638298
allknowingroger/Yislerp2-34B,0.33826247689463956,0.6228085401839958,0.229607250755287,0.3640939597315436,0.4523809523809524,0.472406914893617
allknowingroger/Yunconglong-13B-slerp,0.3567467652495379,0.5141468495052942,0.054380664652567974,0.28104026845637586,0.41534391534391535,0.30360704787234044
allknowingroger/limyClown-7B-slerp,0.33826247689463956,0.5124110397500434,0.06873111782477341,0.28104026845637586,0.42857142857142855,0.30377327127659576
allknowingroger/llama3-Jallabi-40B-s,0.12754158964879853,0.3219927095990279,0.0,0.23741610738255034,0.37433862433862436,0.10879321808510638
allknowingroger/llama3AnFeng-40B,0.11460258780036968,0.3749349071341781,0.0,0.3062080536912752,0.39285714285714285,0.1979720744680851
allura-org/L3.1-8b-RP-Ink,0.7504621072088724,0.4808193022044784,0.14803625377643503,0.26426174496644295,0.35978835978835977,0.3427526595744681
allura-org/MN-12b-RP-Ink,0.6746765249537893,0.48134004513105366,0.11858006042296072,0.28523489932885904,0.38095238095238093,0.3513962765957447
allura-org/MS-Meadowlark-22B,0.6247689463955638,0.5118902968234681,0.18353474320241692,0.32550335570469796,0.3835978835978836,0.38231382978723405
allura-org/Mistral-Small-24b-Sertraline-0304,0.6321626617375231,0.6512758201701093,0.22280966767371602,0.35151006711409394,0.43915343915343913,0.5105551861702128
allura-org/Mistral-Small-Sisyphus-24b-2503,0.6358595194085028,0.6262801596944975,0.25,0.2625838926174497,0.3968253968253968,0.5127160904255319
allura-org/MoE-Girl-1BA-7BT,0.2088724584103512,0.31192501301857317,0.015105740181268883,0.25838926174496646,0.3425925925925926,0.12175864361702128
allura-org/TQ2.5-14B-Aletheia-v1,0.7134935304990758,0.6559625065092866,0.33987915407854985,0.3624161073825503,0.4444444444444444,0.5241023936170213
allura-org/TQ2.5-14B-Neon-v1,0.6266173752310537,0.6524908869987849,0.36027190332326287,0.3716442953020134,0.4603174603174603,0.5252659574468085
allura-org/Teleut-7b,0.5767097966728281,0.5120638777989932,0.24093655589123866,0.3263422818791946,0.46296296296296297,0.4130651595744681
aloobun/Meta-Llama-3-7B-28Layers,0.13493530499075784,0.4414164207602847,0.027945619335347432,0.29446308724832215,0.3584656084656085,0.3159906914893617
aloobun/d-SmolLM2-360M,0.14602587800369685,0.3174796042353758,0.01283987915407855,0.2533557046979866,0.3968253968253968,0.11693816489361702
alpindale/WizardLM-2-8x22B,0.46210720887245843,0.6353063704218018,0.25,0.38171140939597314,0.43783068783068785,0.45960771276595747
alpindale/magnum-72b-v1,0.722735674676525,0.6967540357576809,0.39803625377643503,0.39093959731543626,0.44841269841269843,0.5467918882978723
altomek/YiSM-34B-0rn,0.3567467652495379,0.6113521957993404,0.2280966767371601,0.3716442953020134,0.4444444444444444,0.4695811170212766
amazon/MegaBeam-Mistral-7B-300k,0.46395563770794823,0.42128102759937514,0.021148036253776436,0.27348993288590606,0.3968253968253968,0.2549035904255319
amd/AMD-Llama-135m,0.133086876155268,0.29335184863738933,0.0075528700906344415,0.25838926174496646,0.3835978835978836,0.11685505319148937
anakin87/gemma-2b-orpo,0.1922365988909427,0.33952438812706126,0.0188821752265861,0.26174496644295303,0.3716931216931217,0.1305684840425532
anthracite-org/magnum-v1-72b,0.722735674676525,0.6967540357576809,0.39803625377643503,0.39093959731543626,0.44841269841269843,0.5486203457446809
anthracite-org/magnum-v2-12b,0.30868761552680224,0.49887172365908694,0.054380664652567974,0.2911073825503356,0.4166666666666667,0.31673869680851063
anthracite-org/magnum-v2-72b,0.7134935304990758,0.6984898455129318,0.3542296072507553,0.3859060402684564,0.4365079365079365,0.5456283244680851
anthracite-org/magnum-v2.5-12b-kto,0.3234750462107209,0.5040791529248394,0.05211480362537765,0.2936241610738255,0.4074074074074074,0.3214760638297872
anthracite-org/magnum-v3-27b-kto,0.5138632162661737,0.5846207255684777,0.18126888217522658,0.35570469798657717,0.38492063492063494,0.42378656914893614
anthracite-org/magnum-v3-34b,0.45471349353049906,0.6047561187293873,0.19486404833836857,0.36073825503355705,0.3862433862433862,0.47523271276595747
anthracite-org/magnum-v3-9b-chatml,0.09426987060998152,0.5405311577851067,0.06948640483383686,0.34563758389261745,0.44312169312169314,0.4242021276595745
anthracite-org/magnum-v3-9b-customgemma2,0.10351201478743069,0.5318521090088526,0.07175226586102719,0.3288590604026846,0.45634920634920634,0.4204621010638298
anthracite-org/magnum-v4-12b,0.28650646950092423,0.515882659260545,0.11782477341389729,0.2961409395973154,0.4087301587301587,0.3603723404255319
anthracite-org/magnum-v4-22b,0.5046210720887245,0.5453914250998091,0.2001510574018127,0.32802013422818793,0.44047619047619047,0.3829787234042553
anthracite-org/magnum-v4-27b,0.2735674676524954,0.583058496788752,0.1797583081570997,0.3699664429530201,0.43783068783068785,0.43758311170212766
anthracite-org/magnum-v4-9b,0.27726432532347506,0.5325464329109529,0.13066465256797583,0.34731543624161076,0.45105820105820105,0.3952792553191489
apple/DCLM-7B,0.15157116451016636,0.4214546085749002,0.03700906344410876,0.31543624161073824,0.3915343915343915,0.3110871010638298
appvoid/arco-2-instruct,0.15711645101663585,0.30932129838569694,0.01283987915407855,0.23825503355704697,0.3492063492063492,0.11128656914893617
appvoid/arco-2,0.14048059149722736,0.30984204131227217,0.013595166163141994,0.23909395973154363,0.3531746031746032,0.1116190159574468
arcee-ai/Arcee-Blitz,0.5175600739371534,0.6604756118729387,0.34818731117824775,0.3850671140939597,0.503968253968254,0.6153590425531915
arcee-ai/Arcee-Maestro-7B-Preview,0.21072088724584104,0.4636347856274952,0.49924471299093653,0.33221476510067116,0.38756613756613756,0.3039394946808511
arcee-ai/Arcee-Nova,0.7541589648798521,0.6931088352716542,0.4380664652567976,0.3850671140939597,0.455026455026455,0.5452127659574468
arcee-ai/Arcee-Spark,0.5138632162661737,0.545217844124284,0.29531722054380666,0.3070469798657718,0.4007936507936508,0.3822307180851064
arcee-ai/Llama-3.1-SuperNova-Lite,0.7689463955637708,0.5113695538968929,0.18277945619335348,0.3062080536912752,0.41534391534391535,0.3877160904255319
arcee-ai/Llama-Spark,0.756007393715342,0.5044263148758896,0.13897280966767372,0.29949664429530204,0.3584656084656085,0.3720910904255319
arcee-ai/SuperNova-Medius,0.6765249537892791,0.6356535323728519,0.4690332326283988,0.33305369127516776,0.421957671957672,0.5034906914893617
arcee-ai/Virtuoso-Lite,0.7781885397412199,0.6066655094601632,0.25302114803625375,0.34395973154362414,0.458994708994709,0.4440658244680851
arcee-ai/Virtuoso-Small-v2,0.7985212569316081,0.6528380489498351,0.466012084592145,0.35318791946308725,0.4298941798941799,0.518783244680851
arcee-ai/Virtuoso-Small,0.7597042513863216,0.6495400104148585,0.4093655589123867,0.33640939597315433,0.43253968253968256,0.5191156914893617
arcee-ai/raspberry-3B,0.24953789279112754,0.4223225134525256,0.10347432024169184,0.27768456375838924,0.4113756613756614,0.285405585106383
argilla-warehouse/Llama-3.1-8B-MagPie-Ultra,0.5194085027726433,0.4601631661169936,0.0770392749244713,0.26677852348993286,0.3531746031746032,0.31441156914893614
argilla/notus-7b-v1,0.45286506469500926,0.4488804027078632,0.03172205438066465,0.28942953020134227,0.335978835978836,0.3003656914893617
argilla/notux-8x7b-v1,0.48613678373382624,0.5332407568130533,0.09969788519637462,0.3087248322147651,0.4166666666666667,0.3660239361702128
arisin/orca-platypus-13B-slerp,0.20702402957486138,0.4601631661169936,0.015861027190332326,0.2986577181208054,0.4246031746031746,0.2592253989361702
arshiaafshani/Arsh-V1,0.55637707948244,0.6721055372331193,0.2620845921450151,0.3733221476510067,0.4894179894179894,0.5256815159574468
asharsha30/LLAMA_Harsha_8_B_ORDP_10k,0.27911275415896486,0.4667592431869467,0.06646525679758308,0.27348993288590606,0.36904761904761907,0.281000664893617
ashercn97/a1-v0.0.1,0.1866913123844732,0.515882659260545,0.21450151057401812,0.311241610738255,0.4113756613756614,0.41647273936170215
ashercn97/a1-v002,0.20517560073937152,0.5233466412081236,0.23413897280966767,0.3187919463087248,0.41534391534391535,0.41747007978723405
assskelad/smollm2-360M-sft_SmallThoughts,0.14602587800369685,0.31227217496962334,0.01661631419939577,0.25922818791946306,0.3386243386243386,0.11818484042553191
athirdpath/Llama-3.1-Instruct_NSFW-pretrained_e1-plus_reddit,0.3826247689463956,0.4922756465891338,0.10196374622356495,0.29194630872483224,0.3862433862433862,0.3564660904255319
automerger/YamshadowExperiment28-7B,0.3512014787430684,0.5129317826766187,0.06117824773413897,0.28691275167785235,0.4298941798941799,0.30601728723404253
avemio/GRAG-NEMO-12B-ORPO-HESSIAN-AI,0.0,0.2579413296302725,0.0,0.25922818791946306,0.3439153439153439,0.10605053191489362
awnr/Mistral-7B-v0.1-signtensors-1-over-2,0.15526802218114602,0.442110744662385,0.033987915407854986,0.3070469798657718,0.3994708994708995,0.2999501329787234
awnr/Mistral-7B-v0.1-signtensors-1-over-4,0.14602587800369685,0.34941850373199096,0.024924471299093656,0.2701342281879195,0.34523809523809523,0.2310505319148936
awnr/Mistral-7B-v0.1-signtensors-3-over-8,0.17190388170055454,0.4289185905224787,0.03323262839879154,0.3036912751677852,0.38095238095238093,0.30011635638297873
awnr/Mistral-7B-v0.1-signtensors-5-over-16,0.1478743068391867,0.41103975004339527,0.02945619335347432,0.28104026845637586,0.36772486772486773,0.29579454787234044
awnr/Mistral-7B-v0.1-signtensors-7-over-16,0.1589648798521257,0.43065440027772955,0.03851963746223565,0.3036912751677852,0.3941798941798942,0.30302526595744683
aws-prototyping/MegaBeam-Mistral-7B-512k,0.5434380776340111,0.3645200486026732,0.028700906344410877,0.2827181208053691,0.39814814814814814,0.25889295212765956
axolotl-ai-co/romulus-mistral-nemo-12b-simpo,0.55637707948244,0.5360180524214546,0.11404833836858005,0.2785234899328859,0.421957671957672,0.3469082446808511
baconnier/Napoleon_24B_V0.0,0.15157116451016636,0.6368685992015275,0.22734138972809667,0.37919463087248323,0.4417989417989418,0.5039893617021277
baconnier/Napoleon_24B_V0.2,0.22365988909426987,0.5906960597118556,0.14350453172205438,0.33808724832214765,0.44576719576719576,0.4356715425531915
baebee/7B-Cetacea,0.4658040665434381,0.4735289012324249,0.04682779456193353,0.2860738255033557,0.4126984126984127,0.2954621010638298
baebee/mergekit-model_stock-nzjnheg,0.4232902033271719,0.5275125846207256,0.16767371601208458,0.2802013422818792,0.3835978835978836,0.3699301861702128
baebee/mergekit-ties-fnjenli,0.13863216266173753,0.2997743447318174,0.002265861027190332,0.24496644295302014,0.4007936507936508,0.11286569148936171
bamec66557/MISCHIEVOUS-12B-Mix_0.1v,0.3123844731977819,0.5413990626627322,0.13293051359516617,0.32802013422818793,0.4126984126984127,0.3673537234042553
bamec66557/MISCHIEVOUS-12B-Mix_0.2v,0.30868761552680224,0.5412254816872071,0.12613293051359517,0.32550335570469796,0.41534391534391535,0.36627327127659576
bamec66557/MISCHIEVOUS-12B-Mix_0.3v,0.33271719038817005,0.541051900711682,0.1336858006042296,0.3196308724832215,0.4126984126984127,0.3663563829787234
bamec66557/MISCHIEVOUS-12B-Mix_0.4v,0.6025878003696857,0.5058149626800903,0.1351963746223565,0.31711409395973156,0.4166666666666667,0.36826795212765956
bamec66557/MISCHIEVOUS-12B-Mix_0.5v,0.3234750462107209,0.5401839958340566,0.13670694864048338,0.32046979865771813,0.4126984126984127,0.36610704787234044
bamec66557/MISCHIEVOUS-12B-Mix_0.6v,0.38632162661737524,0.5426141294914077,0.12537764350453173,0.32802013422818793,0.41798941798941797,0.3661901595744681
bamec66557/MISCHIEVOUS-12B-Mix_III_IV_V,0.34935304990757854,0.5441763582711335,0.12915407854984895,0.32046979865771813,0.4193121693121693,0.3664394946808511
bamec66557/MISCHIEVOUS-12B-Mix_III_ex_V,0.3752310536044362,0.5424405485158826,0.13217522658610273,0.32046979865771813,0.4193121693121693,0.3648603723404255
bamec66557/MISCHIEVOUS-12B-Mix_Neo,0.5748613678373382,0.5040791529248394,0.13293051359516617,0.3162751677852349,0.414021164021164,0.36851728723404253
bamec66557/MISCHIEVOUS-12B,0.33271719038817005,0.5381010241277556,0.12764350453172205,0.32046979865771813,0.414021164021164,0.3671875
bamec66557/Mistral-Nemo-VICIOUS_MESH-12B-2407,0.6229205175600739,0.511543134872418,0.13670694864048338,0.31543624161073824,0.4298941798941799,0.36768617021276595
bamec66557/NameLess-12B-prob,0.6118299445471349,0.5120638777989932,0.12613293051359517,0.3145973154362416,0.43253968253968256,0.3684341755319149
bamec66557/VICIOUS_MESH-12B-0.1v,0.3142329020332717,0.5386217670543308,0.13217522658610273,0.32466442953020136,0.41534391534391535,0.36826795212765956
bamec66557/VICIOUS_MESH-12B-0.X.ver,0.3234750462107209,0.5394896719319563,0.12009063444108761,0.3213087248322148,0.4193121693121693,0.36710438829787234
bamec66557/VICIOUS_MESH-12B-ALPHA,0.5859519408502772,0.5058149626800903,0.13670694864048338,0.313758389261745,0.4193121693121693,0.3696808510638298
bamec66557/VICIOUS_MESH-12B-BETA,0.6247689463955638,0.511543134872418,0.13293051359516617,0.3162751677852349,0.4298941798941799,0.36785239361702127
bamec66557/VICIOUS_MESH-12B-DELTA,0.600739371534196,0.5014754382919632,0.13746223564954682,0.31208053691275167,0.40476190476190477,0.3651097074468085
bamec66557/VICIOUS_MESH-12B-DIGAMMA,0.5951940850277264,0.5023433431695886,0.1336858006042296,0.31291946308724833,0.4087301587301587,0.36585771276595747
bamec66557/VICIOUS_MESH-12B-EPSILON,0.5822550831792976,0.49991320951223744,0.12613293051359517,0.3145973154362416,0.4060846560846561,0.36477726063829785
bamec66557/VICIOUS_MESH-12B-GAMMA,0.5841035120147874,0.5143204304808193,0.13066465256797583,0.313758389261745,0.4351851851851852,0.3666057180851064
bamec66557/VICIOUS_MESH-12B-NEMO,0.3512014787430684,0.5419198055893074,0.1268882175226586,0.3238255033557047,0.4246031746031746,0.37159242021276595
bamec66557/VICIOUS_MESH-12B-OMEGA,0.6229205175600739,0.5127582017010935,0.13444108761329304,0.31543624161073824,0.4312169312169312,0.36768617021276595
bamec66557/VICIOUS_MESH-12B-UNION,0.5914972273567468,0.507377191459816,0.13897280966767372,0.31208053691275167,0.4246031746031746,0.3671875
bamec66557/VICIOUS_MESH-12B,0.3234750462107209,0.5413990626627322,0.13444108761329304,0.32802013422818793,0.41005291005291006,0.36785239361702127
bamec66557/VICIOUS_MESH-12B_Razor,0.32162661737523107,0.5426141294914077,0.1299093655589124,0.32298657718120805,0.4087301587301587,0.36685505319148937
bamec66557/mergekit-model_stock-zdaysvi,0.5933456561922366,0.5023433431695886,0.1351963746223565,0.313758389261745,0.4113756613756614,0.36884973404255317
bamec66557/mergekit-ties-sinbkow,0.5933456561922366,0.50512063877799,0.14501510574018128,0.3196308724832215,0.40343915343915343,0.36028922872340424
bedio/DistMerge_Llama-3.1-8B-Instruct,0.4731977818853974,0.511543134872418,0.16012084592145015,0.30453020134228187,0.4470899470899471,0.39586103723404253
belztjti/dffghgjh,0.5249537892791127,0.35532025689984376,0.023413897280966767,0.2634228187919463,0.34656084656084657,0.3421708776595745
belztjti/dtfgv,0.2828096118299446,0.32563791008505466,0.01812688821752266,0.26929530201342283,0.3783068783068783,0.15043218085106383
benhaotang/phi4-qwq-sky-t1,0.029574861367837338,0.6689810796736677,0.41012084592145015,0.3951342281879195,0.4894179894179894,0.5244348404255319
beomi/gemma-mling-7b,0.13123844731977818,0.40392293004686686,0.054380664652567974,0.25,0.37566137566137564,0.2632978723404255
beowolx/CodeNinja-1.0-OpenChat-7B,0.4898336414048059,0.4433258114910606,0.06722054380664652,0.29446308724832215,0.42328042328042326,0.3015292553191489
berkeley-nest/Starling-LM-7B-alpha,0.4953789279112754,0.44263148758896026,0.08383685800604229,0.29697986577181207,0.4113756613756614,0.3171542553191489
bfuzzy1/Gunny,0.6691312384473198,0.4532199270959903,0.1729607250755287,0.2785234899328859,0.35714285714285715,0.3038563829787234
bfuzzy1/acheron-c,0.1423290203327172,0.2997743447318174,0.0030211480362537764,0.24748322147651006,0.3373015873015873,0.1171875
bfuzzy1/acheron-d,0.14048059149722736,0.309494879361222,0.015105740181268883,0.23657718120805368,0.3492063492063492,0.11344747340425532
bfuzzy1/acheron-m,0.12384473197781885,0.28935948620031243,0.00906344410876133,0.2600671140939597,0.3478835978835979,0.11128656914893617
bfuzzy1/acheron-m1a-llama,0.07024029574861368,0.2916160388821385,0.0075528700906344415,0.2600671140939597,0.36243386243386244,0.11461103723404255
bfuzzy1/acheron,0.14602587800369685,0.3067175837528207,0.01661631419939577,0.23909395973154363,0.3505291005291005,0.10962433510638298
bfuzzy1/llambses-1,0.27911275415896486,0.5019961812185384,0.06873111782477341,0.2978187919463087,0.4523809523809524,0.31399601063829785
bhuvneshsaini/merged_model,0.12754158964879853,0.33292831105710813,0.0,0.25,0.3492063492063492,0.14453125
bigcode/starcoder2-15b,0.21072088724584104,0.4438465544176358,0.05966767371601209,0.27348993288590606,0.3492063492063492,0.23528922872340424
bigcode/starcoder2-3b,0.14602587800369685,0.3490713417809408,0.015105740181268883,0.24412751677852348,0.3425925925925926,0.1636469414893617
bigcode/starcoder2-7b,0.15526802218114602,0.36226349592084706,0.030966767371601207,0.2516778523489933,0.3783068783068783,0.16422872340425532
bigscience/bloom-1b1,0.09242144177449169,0.3081062315570213,0.005287009063444109,0.25922818791946306,0.36904761904761907,0.1107878989361702
bigscience/bloom-1b7,0.07208872458410351,0.3114042700919979,0.005287009063444109,0.25838926174496646,0.38756613756613756,0.10862699468085106
bigscience/bloom-3b,0.08872458410351201,0.3035931261933692,0.008308157099697885,0.23993288590604026,0.3968253968253968,0.11328125
bigscience/bloom-560m,0.04251386321626617,0.29925360180524213,0.0037764350453172208,0.26174496644295303,0.4021164021164021,0.11643949468085106
bigscience/bloom-7b1,0.09057301293900184,0.3086269744835966,0.005287009063444109,0.26426174496644295,0.3478835978835979,0.11045545212765957
bluuwhale/L3-SthenoMaid-8B-V1,0.6931608133086876,0.520048602673147,0.10800604229607251,0.2802013422818792,0.36772486772486773,0.3656083776595745
bond005/meno-tiny-0.1,0.3955637707948244,0.4219753515014754,0.13897280966767372,0.28187919463087246,0.41798941798941797,0.2785904255319149
bosonai/Higgs-Llama-3-70B,0.4898336414048059,0.6228085401839958,0.25226586102719034,0.36661073825503354,0.44576719576719576,0.49019281914893614
braindao/DeepSeek-R1-Distill-Qwen-1.5B-Blunt,0.2033271719038817,0.27443152230515533,0.13821752265861026,0.24748322147651006,0.3584656084656085,0.11835106382978723
braindao/DeepSeek-R1-Distill-Qwen-1.5B-Reflective,0.23844731977818853,0.2872765144940115,0.16314199395770393,0.2609060402684564,0.33465608465608465,0.11303191489361702
braindao/DeepSeek-R1-Distill-Qwen-14B-ABUB-ST,0.3031423290203327,0.49192848463808364,0.5015105740181269,0.3447986577181208,0.42063492063492064,0.42428523936170215
braindao/DeepSeek-R1-Distill-Qwen-14B-Blunt-Uncensored-Blunt-Reflective,0.4953789279112754,0.33067175837528207,0.23716012084592145,0.27768456375838924,0.42328042328042326,0.15043218085106383
braindao/DeepSeek-R1-Distill-Qwen-14B-Blunt-Uncensored-Blunt,0.46395563770794823,0.313660822773824,0.25075528700906347,0.2785234899328859,0.45105820105820105,0.14835438829787234
braindao/DeepSeek-R1-Distill-Qwen-14B-Blunt-Uncensored-Reflective,0.45471349353049906,0.2982121159520916,0.1472809667673716,0.287751677852349,0.4417989417989418,0.12890625
braindao/DeepSeek-R1-Distill-Qwen-14B-Blunt-Uncensored,0.4824399260628466,0.31418156570039923,0.16314199395770393,0.2827181208053691,0.4470899470899471,0.14311835106382978
braindao/DeepSeek-R1-Distill-Qwen-14B-Blunt,0.512014787430684,0.3235549383787537,0.16389728096676737,0.3028523489932886,0.4537037037037037,0.14469747340425532
braindao/DeepSeek-R1-Distill-Qwen-14B-Reflective,0.36044362292051757,0.2982121159520916,0.19184290030211482,0.2726510067114094,0.4537037037037037,0.11294880319148937
braindao/DeepSeek-R1-Distill-Qwen-14B,0.34750462107208874,0.3001215066828676,0.17598187311178248,0.2802013422818792,0.4470899470899471,0.11269946808510638
braindao/DeepSeek-R1-Distill-Qwen-7B-Blunt,0.36044362292051757,0.28658219059191115,0.21450151057401812,0.2709731543624161,0.38756613756613756,0.11693816489361702
braindao/DeepSeek-R1-Distill-Qwen-7B-ORPO-Uncensored,0.2920517560073937,0.29248394375976394,0.17371601208459214,0.2533557046979866,0.3835978835978836,0.11328125
braindao/DeepSeek-R1-Distill-Qwen-7B-Reflective,0.3179297597042514,0.28710293351848637,0.20241691842900303,0.25419463087248323,0.3888888888888889,0.1155252659574468
braindao/DeepSeek-R1-Distill-Qwen-7B,0.32717190388170053,0.28501996181218536,0.19184290030211482,0.26174496644295303,0.37566137566137564,0.1141123670212766
braindao/Qwen2.5-14B-Instruct,0.7855822550831792,0.6389515709078285,0.552870090634441,0.3288590604026846,0.4126984126984127,0.48894614361702127
braindao/Qwen2.5-14B,0.4953789279112754,0.583058496788752,0.29229607250755285,0.3733221476510067,0.4113756613756614,0.48836436170212766
braindao/iq-code-evmind-0.5b,0.26062846580406657,0.31331366082277384,0.02416918429003021,0.24161073825503357,0.32936507936507936,0.11893284574468085
brgx53/3Bgeneral-ECE-PRYMMAL-Martial,0.2513863216266174,0.5443499392466585,0.13141993957703926,0.32466442953020136,0.4365079365079365,0.3933676861702128
brgx53/3Bgeneralv2-ECE-PRYMMAL-Martial,0.5083179297597042,0.5577156743620899,0.3496978851963746,0.311241610738255,0.4351851851851852,0.45054853723404253
brgx53/3Blareneg-ECE-PRYMMAL-Martial,0.23475046210720887,0.5349765665683042,0.12084592145015106,0.3347315436241611,0.4417989417989418,0.4015957446808511
brgx53/3Blarenegv2-ECE-PRYMMAL-Martial,0.5064695009242144,0.5577156743620899,0.3496978851963746,0.311241610738255,0.4351851851851852,0.45054853723404253
brgx53/Barracuda-PRYMMAL-ECE-TW3,0.11460258780036968,0.2966498871723659,0.0022658610271903325,0.2533557046979866,0.35978835978835977,0.10929188829787234
brgx53/LaConfiance-PRYMMAL-ECE-TW3,0.10720887245841035,0.29300468668633917,0.0,0.2516778523489933,0.3835978835978836,0.11461103723404255
bunnycore/Best-Mix-Llama-3.1-8B,0.14602587800369685,0.3417809408088873,0.2054380664652568,0.2651006711409396,0.2923280423280423,0.15649933510638298
bunnycore/Blabbertron-1.0,0.7060998151571165,0.5464329109529595,0.49244712990936557,0.30201342281879195,0.43253968253968256,0.4354222074468085
bunnycore/Blabbertron-1.1,0.6820702402957486,0.5505988543655616,0.48036253776435045,0.3028523489932886,0.44047619047619047,0.44306848404255317
bunnycore/CyberCore-Qwen-2.1-7B,0.5212569316081331,0.5547647977781636,0.35876132930513593,0.30788590604026844,0.414021164021164,0.4444813829787234
bunnycore/DeepQwen-3B-LCoT-SCE,0.3955637707948244,0.44853324075681306,0.24697885196374622,0.2625838926174497,0.3505291005291005,0.3289561170212766
bunnycore/DeepSeek-R1-Distill-Qwen-7B-RRP-Ex,0.3197781885397412,0.3461204651970144,0.16540785498489427,0.2785234899328859,0.36507936507936506,0.2508311170212766
bunnycore/DeepThinker-7B-Sce-v1,0.09611829944547134,0.2990800208297171,0.009818731117824773,0.2516778523489933,0.41798941798941797,0.11228390957446809
bunnycore/DeepThinker-7B-Sce-v2,0.133086876155268,0.3027252213157438,0.011329305135951661,0.25838926174496646,0.4087301587301587,0.11461103723404255
bunnycore/FuseCyberMix-Qwen-2.5-7B-Instruct,0.6580406654343808,0.5488630446103107,0.48413897280966767,0.29697986577181207,0.4007936507936508,0.43367686170212766
bunnycore/FuseQwQen-7B,0.6839186691312384,0.5486894636347857,0.43655589123867067,0.29446308724832215,0.42063492063492064,0.4406582446808511
bunnycore/FwF-Qwen-7B-0.1,0.22920517560073936,0.5006075334143378,0.2764350453172205,0.2709731543624161,0.3941798941798942,0.4060837765957447
bunnycore/FwF-Qwen-7B-0.2,0.3826247689463956,0.5566741885089395,0.4259818731117825,0.2902684563758389,0.42063492063492064,0.4382480053191489
bunnycore/Gemma-2-2B-Smart,0.12384473197781885,0.3938552334664121,0.03323262839879154,0.2827181208053691,0.42328042328042326,0.2426030585106383
bunnycore/Gemma2-9B-TitanFusion,0.1534195933456562,0.5705606665509461,0.0770392749244713,0.33221476510067116,0.4126984126984127,0.39602726063829785
bunnycore/HyperLlama-3.1-8B,0.7504621072088724,0.5089394202395418,0.18277945619335348,0.28691275167785235,0.38227513227513227,0.3783244680851064
bunnycore/Llama-3.1-8B-TitanFusion-Mix,0.4214417744916821,0.5743794480124979,0.1283987915407855,0.2953020134228188,0.4312169312169312,0.3695146276595745
bunnycore/Llama-3.1-8B-TitanFusion-v3,0.41035120147874304,0.5245617080367991,0.1419939577039275,0.3087248322147651,0.4298941798941799,0.38056848404255317
bunnycore/Llama-3.2-3B-All-Mix,0.6802218114602587,0.44940114563443845,0.15030211480362538,0.2625838926174497,0.328042328042328,0.3159906914893617
bunnycore/Llama-3.2-3B-Bespoke-Thought,0.35489833641404805,0.45061621246311406,0.1646525679758308,0.26593959731543626,0.32936507936507936,0.31100398936170215
bunnycore/Llama-3.2-3B-Booval,0.6192236598890942,0.45044263148758895,0.1268882175226586,0.26677852348993286,0.3386243386243386,0.30576795212765956
bunnycore/Llama-3.2-3B-Deep-Test,0.3955637707948244,0.4520048602673147,0.1283987915407855,0.26426174496644295,0.3386243386243386,0.3152426861702128
bunnycore/Llama-3.2-3B-Della,0.28650646950092423,0.36538795348029857,0.030211480362537766,0.276006711409396,0.3888888888888889,0.21284906914893617
bunnycore/Llama-3.2-3B-Long-Think,0.4879852125693161,0.4596424231904183,0.14577039274924472,0.2609060402684564,0.3386243386243386,0.30477061170212766
bunnycore/Llama-3.2-3B-Mix-Skill,0.5878003696857671,0.4566915466064919,0.1472809667673716,0.26174496644295303,0.3386243386243386,0.3120844414893617
bunnycore/Llama-3.2-3B-ProdigyPlus,0.3438077634011091,0.43863912515188336,0.11555891238670694,0.2684563758389262,0.35714285714285715,0.28174867021276595
bunnycore/Llama-3.2-3B-ProdigyPlusPlus,0.10720887245841035,0.3655615344558236,0.045317220543806644,0.2533557046979866,0.3531746031746032,0.15001662234042554
bunnycore/Llama-3.2-3B-RP-DeepThink,0.6709796672828097,0.4542614129491408,0.1608761329305136,0.26593959731543626,0.32936507936507936,0.32421875
bunnycore/Llama-3.2-3B-RRStock,0.6192236598890942,0.45460857490019096,0.16993957703927492,0.26593959731543626,0.3306878306878307,0.32355385638297873
bunnycore/Llama-3.2-3B-ToxicKod,0.5804066543438078,0.4507897934386391,0.16993957703927492,0.26593959731543626,0.34656084656084657,0.28798204787234044
bunnycore/Llama-3.2-3b-RP-Toxic-Fuse,0.6377079482439926,0.4636347856274952,0.24018126888217523,0.27768456375838924,0.3941798941798942,0.31058843085106386
bunnycore/Maestro-S1k-7B-Sce,0.19038817005545286,0.3070647457038709,0.027945619335347432,0.2609060402684564,0.37566137566137564,0.11702127659574468
bunnycore/Phi-3.5-mini-TitanFusion-0.1,0.4676524953789279,0.5348029855927791,0.11858006042296072,0.3313758389261745,0.4444444444444444,0.3806515957446808
bunnycore/Phi-4-Model-Stock-v2,0.5951940850277264,0.6800902621072731,0.37537764350453173,0.348993288590604,0.4656084656084656,0.5330784574468085
bunnycore/Phi-4-Model-Stock-v3,0.5360443622920518,0.671584794306544,0.4901812688821752,0.28942953020134227,0.41534391534391535,0.5381482712765957
bunnycore/Phi-4-Model-Stock-v4,0.6654343807763401,0.6901579586877278,0.38293051359516617,0.3691275167785235,0.4603174603174603,0.5393949468085106
bunnycore/Phi-4-Model-Stock,0.6395563770794824,0.6868599201527512,0.4297583081570997,0.3548657718120805,0.44312169312169314,0.5368184840425532
bunnycore/Phi-4-RP-v0,0.634011090573013,0.6832147196667245,0.33157099697885195,0.3523489932885906,0.4126984126984127,0.5364029255319149
bunnycore/Phi-4-RR-Shoup,0.6062846580406654,0.692588092345079,0.49924471299093653,0.337248322147651,0.44312169312169314,0.5428856382978723
bunnycore/Phi-4-RStock-v0.1,0.6543438077634011,0.690505120638778,0.3950151057401813,0.3649328859060403,0.4576719576719577,0.5400598404255319
bunnycore/Phi-4-ReasoningRP,0.6266173752310537,0.6899843777122028,0.4569486404833837,0.34395973154362414,0.44841269841269843,0.5420545212765957
bunnycore/Phi-4-Sce-exp-v0.1,0.6044362292051756,0.6922409303940288,0.5030211480362538,0.33557046979865773,0.44312169312169314,0.5423038563829787
bunnycore/Phi-4-Stock-Ex,0.6062846580406654,0.68408262454435,0.4086102719033233,0.35067114093959734,0.46164021164021163,0.5374833776595744
bunnycore/Phi-4-Stock-RP,0.5951940850277264,0.6839090435688249,0.3413897280966767,0.35822147651006714,0.4708994708994709,0.5316655585106383
bunnycore/Phi-4-Trim-Exp1,0.08317929759704251,0.28311057108140947,0.005287009063444109,0.2550335570469799,0.4166666666666667,0.1146941489361702
bunnycore/Phi-Seek-4-Sce-V1,0.22365988909426987,0.6443325811491061,0.21450151057401812,0.276006711409396,0.3968253968253968,0.5123005319148937
bunnycore/Qandora-2.5-7B-Creative,0.634011090573013,0.5519875021697622,0.30589123867069484,0.3104026845637584,0.42063492063492064,0.4479720744680851
bunnycore/QandoraExp-7B-Persona,0.5767097966728281,0.5535497309494879,0.3104229607250755,0.3145973154362416,0.4365079365079365,0.44074135638297873
bunnycore/QandoraExp-7B-v2,0.49907578558225507,0.5426141294914077,0.47129909365558914,0.3028523489932886,0.40343915343915343,0.390874335106383
bunnycore/QandoraExp-7B,0.711645101663586,0.5446971011977088,0.4743202416918429,0.3104026845637584,0.4298941798941799,0.4409906914893617
bunnycore/QwQen-3B-LCoT-R1,0.4879852125693161,0.47769484464502693,0.33534743202416917,0.26174496644295303,0.4126984126984127,0.3723404255319149
bunnycore/QwQen-3B-LCoT,0.55637707948244,0.4867210553723312,0.36178247734138974,0.26677852348993286,0.4166666666666667,0.3699301861702128
bunnycore/Qwen-2.5-7B-Deep-Sky-T1,0.3512014787430684,0.4112133310189203,0.05513595166163142,0.28104026845637586,0.4007936507936508,0.2103557180851064
bunnycore/Qwen-2.5-7B-Deep-Stock-v1,0.5083179297597042,0.5341086616906787,0.26435045317220546,0.27768456375838924,0.41005291005291006,0.40658244680851063
bunnycore/Qwen-2.5-7B-Deep-Stock-v4,0.7412199630314233,0.5422669675403575,0.48942598187311176,0.30033557046979864,0.4113756613756614,0.4341755319148936
bunnycore/Qwen-2.5-7B-Deep-Stock-v5,0.3826247689463956,0.46450269050512066,0.1472809667673716,0.2701342281879195,0.3637566137566138,0.28316156914893614
bunnycore/Qwen-2.5-7B-Exp-Sce,0.7245841035120147,0.5471272348550599,0.3255287009063444,0.2986577181208054,0.4417989417989418,0.42586436170212766
bunnycore/Qwen-2.5-7B-R1-Stock,0.7208872458410351,0.5370595382746051,0.5007552870090635,0.29949664429530204,0.39814814814814814,0.429438164893617
bunnycore/Qwen-2.5-7B-Stock-Deep-Bespoke,0.46210720887245843,0.49019267488283286,0.18882175226586104,0.28104026845637586,0.4060846560846561,0.3579621010638298
bunnycore/Qwen-2.5-7b-S1k,0.6746765249537893,0.5535497309494879,0.4780966767371601,0.28439597315436244,0.4060846560846561,0.4382480053191489
bunnycore/Qwen2.5-1.5B-Model-Stock,0.11645101663585952,0.28415205693455997,0.0,0.25922818791946306,0.3664021164021164,0.11003989361702128
bunnycore/Qwen2.5-3B-Model-Stock-v2,0.6025878003696857,0.4639819475785454,0.3867069486404834,0.28691275167785235,0.39021164021164023,0.3269614361702128
bunnycore/Qwen2.5-3B-Model-Stock-v3.1,0.600739371534196,0.4700572817219233,0.38972809667673713,0.28439597315436244,0.3955026455026455,0.3289561170212766
bunnycore/Qwen2.5-3B-Model-Stock-v3.2,0.5859519408502772,0.4688422148932477,0.37537764350453173,0.2835570469798658,0.3915343915343915,0.3293716755319149
bunnycore/Qwen2.5-3B-Model-Stock-v4.1,0.5914972273567468,0.4783891685471272,0.3768882175226586,0.27936241610738255,0.39285714285714285,0.3386801861702128
bunnycore/Qwen2.5-3B-Model-Stock,0.5914972273567468,0.46727998611352195,0.37990936555891236,0.28859060402684567,0.39285714285714285,0.3249667553191489
bunnycore/Qwen2.5-3B-RP-Mix,0.5194085027726433,0.4868946363478563,0.21525679758308158,0.27348993288590606,0.42724867724867727,0.37275598404255317
bunnycore/Qwen2.5-3B-RP-Thinker-V2,0.5933456561922366,0.4639819475785454,0.38293051359516617,0.28523489932885904,0.3968253968253968,0.3271276595744681
bunnycore/Qwen2.5-3B-RP-Thinker,0.5397412199630314,0.412601978823121,0.33534743202416917,0.26426174496644295,0.328042328042328,0.3149933510638298
bunnycore/Qwen2.5-7B-CyberRombos,0.7134935304990758,0.5434820343690332,0.4962235649546828,0.30453020134228187,0.4113756613756614,0.4390791223404255
bunnycore/Qwen2.5-7B-Fuse-Exp,0.4953789279112754,0.507377191459816,0.31419939577039274,0.276006711409396,0.45634920634920634,0.3308676861702128
bunnycore/Qwen2.5-7B-Instruct-Fusion,0.6561922365988909,0.856,0.3406344410876133,0.3282828282828283,0.552,0.4467253989361702
bunnycore/Qwen2.5-7B-Instruct-Merge-Stock-v0.1,0.711645101663586,0.5502516924145113,0.48942598187311176,0.3036912751677852,0.421957671957672,0.4383311170212766
bunnycore/Qwen2.5-7B-MixStock-Sce-V0.3,0.1589648798521257,0.3466412081235897,0.25755287009063443,0.2575503355704698,0.37037037037037035,0.17794215425531915
bunnycore/Qwen2.5-7B-MixStock-V0.1,0.7301293900184843,0.5445235202221836,0.31722054380664655,0.30033557046979864,0.44047619047619047,0.4256150265957447
bunnycore/Qwen2.5-7B-R1-Bespoke-Stock,0.2920517560073937,0.48029855927790316,0.20468277945619334,0.2785234899328859,0.3915343915343915,0.34715757978723405
bunnycore/Qwen2.5-7B-R1-Bespoke-Task,0.31608133086876156,0.41225481687207083,0.1782477341389728,0.2533557046979866,0.3558201058201058,0.2687832446808511
bunnycore/Qwen2.5-7B-RRP-1M-Thinker,0.17744916820702403,0.34681478909911473,0.2719033232628399,0.2575503355704698,0.37566137566137564,0.1768617021276596
bunnycore/Qwen2.5-7B-RRP-1M,0.7060998151571165,0.5412254816872071,0.324773413897281,0.3028523489932886,0.4470899470899471,0.4266123670212766
bunnycore/Qwen2.5-7B-RRP-ID,0.7079482439926063,0.5448706821732339,0.486404833836858,0.2827181208053691,0.4166666666666667,0.4387466755319149
bunnycore/Qwen2.5-7B-Sky-R1-Mini,0.1756007393715342,0.34750911300121506,0.02945619335347432,0.28942953020134227,0.3439153439153439,0.12533244680851063
bunnycore/QwenMosaic-7B,0.5175600739371534,0.5533761499739629,0.44410876132930516,0.2609060402684564,0.41534391534391535,0.43101728723404253
bunnycore/Smol-Llama-3.2-3B,0.6210720887245841,0.4528727651449401,0.13821752265861026,0.27684563758389263,0.34523809523809523,0.3228058510638298
bunnycore/SmolLM2-1.7-Persona,0.49353049907578556,0.35827113348377015,0.05664652567975831,0.2634228187919463,0.3333333333333333,0.1973902925531915
bunnycore/SmolLM2-1.7B-roleplay-lora,0.47689463955637706,0.35688248567956954,0.052870090634441085,0.2751677852348993,0.3386243386243386,0.19664228723404256
bunnycore/Tulu-3.1-8B-SuperNova,0.7874306839186691,0.5231730602325985,0.24622356495468278,0.30201342281879195,0.39285714285714285,0.3813996010638298
byroneverson/Mistral-Small-Instruct-2409-abliterated,0.6543438077634011,0.5170977260892207,0.24773413897280966,0.33305369127516776,0.36904761904761907,0.39228723404255317
byroneverson/Yi-1.5-9B-Chat-16K-abliterated,0.4953789279112754,0.5259503558409998,0.14123867069486404,0.31291946308724833,0.4722222222222222,0.38231382978723405
byroneverson/Yi-1.5-9B-Chat-abliterated,0.5175600739371534,0.5370595382746051,0.1661631419939577,0.29194630872483224,0.43783068783068785,0.3715093085106383
c10x/Q-Pluse,0.07948243992606285,0.2838048949835098,0.0,0.24664429530201343,0.39285714285714285,0.11353058510638298
c10x/longthinker,0.28650646950092423,0.4903662558583579,0.23187311178247735,0.26426174496644295,0.39021164021164023,0.3527260638297872
carsenk/flippa-v6,0.2754158964879852,0.5021697621940635,0.1404833836858006,0.29278523489932884,0.4087301587301587,0.3667719414893617
carsenk/phi3.5_mini_exp_825_uncensored,0.09057301293900184,0.2928311057108141,0.010574018126888218,0.24916107382550334,0.3637566137566138,0.11751994680851063
cat-searcher/gemma-2-9b-it-sppo-iter-1-evol-1,0.2754158964879852,0.5924318694671064,0.08534743202416918,0.34060402684563756,0.3915343915343915,0.37998670212765956
cat-searcher/gemma-2-9b-it-sppo-iter-1,0.2828096118299446,0.595903488977608,0.08308157099697885,0.3447986577181208,0.3915343915343915,0.38538896276595747
cckm/tinymistral_950m,0.17929759704251386,0.29474049644159,0.005287009063444109,0.2600671140939597,0.3544973544973545,0.10962433510638298
cgato/TheSalt-L3-8b-v0.3.2,0.2088724584103512,0.29335184863738933,0.04758308157099698,0.26593959731543626,0.3888888888888889,0.11394614361702128
chargoddard/prometheus-2-llama-3-8b,0.47504621072088726,0.490539836833883,0.0823262839879154,0.2726510067114094,0.3386243386243386,0.30867686170212766
chujiezheng/Llama-3-Instruct-8B-SimPO-ExPO,0.5841035120147874,0.4749175490366256,0.0702416918429003,0.28691275167785235,0.3915343915343915,0.340093085106383
chujiezheng/Mistral7B-PairRM-SPPO-ExPO,0.29944547134935307,0.38621767054330847,0.01812688821752266,0.27684563758389263,0.40476190476190477,0.2551529255319149
cjvt/GaMS-1B,0.10166358595194085,0.3055025169241451,0.013595166163141994,0.25838926174496646,0.36772486772486773,0.11486037234042554
cloudyu/Llama-3-70Bx2-MOE,0.5101663585951941,0.6620378406526645,0.2175226586102719,0.3934563758389262,0.4801587301587302,0.5142121010638298
cloudyu/Llama-3.2-3Bx4,0.4417744916820702,0.43169588613088006,0.10725075528700906,0.27768456375838924,0.3492063492063492,0.29853723404255317
cloudyu/Mixtral_11Bx2_MoE_19B,0.32532347504621073,0.5195278597465718,0.06722054380664652,0.2902684563758389,0.42857142857142855,0.33111702127659576
cloudyu/Mixtral_34Bx2_MoE_60B,0.3955637707948244,0.5835792397153272,0.0770392749244713,0.33808724832214765,0.46164021164021163,0.47664561170212766
cloudyu/Mixtral_7Bx2_MoE,0.3900184842883549,0.5132789446276688,0.06873111782477341,0.3053691275167785,0.4470899470899471,0.30435505319148937
cloudyu/S1-Llama-3.2-3Bx4-MoE,0.46210720887245843,0.4349939246658566,0.12009063444108761,0.2936241610738255,0.34523809523809523,0.30435505319148937
cloudyu/Yi-34Bx2-MoE-60B-DPO,0.47504621072088726,0.5160562402360701,0.0702416918429003,0.3221476510067114,0.4365079365079365,0.46766954787234044
cluebbers/Llama-3.1-8B-paraphrase-type-generation-apty-ipo,0.07948243992606285,0.3804894983509807,0.024924471299093656,0.2634228187919463,0.43253968253968256,0.2590591755319149
cluebbers/Llama-3.1-8B-paraphrase-type-generation-apty-sigmoid,0.08502772643253234,0.37962159347335533,0.026435045317220542,0.2684563758389262,0.4298941798941799,0.2562333776595745
cluebbers/Llama-3.1-8B-paraphrase-type-generation-etpc,0.07024029574861368,0.37858010762020483,0.019637462235649546,0.2651006711409396,0.4312169312169312,0.25556848404255317
cognitivecomputations/Dolphin3.0-Llama3.1-8B,0.7208872458410351,0.49019267488283286,0.12311178247734139,0.2827181208053691,0.36507936507936506,0.2992021276595745
cognitivecomputations/Dolphin3.0-Llama3.2-1B,0.4824399260628466,0.309494879361222,0.027945619335347432,0.22986577181208054,0.32407407407407407,0.13754986702127658
cognitivecomputations/Dolphin3.0-Qwen2.5-0.5B,0.4214417744916821,0.3107099461898976,0.0513595166163142,0.2348993288590604,0.3544973544973545,0.14128989361702127
cognitivecomputations/Dolphin3.0-R1-Mistral-24B,0.3364140480591497,0.5344558236417288,0.3119335347432024,0.29446308724832215,0.3941798941798942,0.300531914893617
cognitivecomputations/dolphin-2.9-llama3-8b,0.32162661737523107,0.49401145634438465,0.05740181268882175,0.28691275167785235,0.4365079365079365,0.277094414893617
cognitivecomputations/dolphin-2.9.1-llama-3-70b,0.2975970425138632,0.5174448880402708,0.18202416918429004,0.3087248322147651,0.49603174603174605,0.41298204787234044
cognitivecomputations/dolphin-2.9.1-yi-1.5-34b,0.31608133086876156,0.6047561187293873,0.1865558912386707,0.34312080536912754,0.458994708994709,0.4518783244680851
cognitivecomputations/dolphin-2.9.1-yi-1.5-9b,0.39186691312384475,0.5466064919284847,0.15181268882175228,0.33808724832214765,0.43386243386243384,0.3966921542553192
cognitivecomputations/dolphin-2.9.2-Phi-3-Medium-abliterated,0.34750462107208874,0.6366950182260024,0.18202416918429004,0.3288590604026846,0.43386243386243384,0.45246010638297873
cognitivecomputations/dolphin-2.9.2-Phi-3-Medium,0.3567467652495379,0.6431175143204305,0.18277945619335348,0.3271812080536913,0.41798941798941797,0.45553523936170215
cognitivecomputations/dolphin-2.9.2-qwen2-72b,0.5841035120147874,0.6283631314007985,0.2802114803625378,0.3699664429530201,0.45105820105820105,0.547124335106383
cognitivecomputations/dolphin-2.9.2-qwen2-7b,0.2920517560073937,0.48620031244575596,0.13444108761329304,0.2902684563758389,0.41798941798941797,0.4050864361702128
cognitivecomputations/dolphin-2.9.3-Yi-1.5-34B-32k,0.2902033271719039,0.6016316611699358,0.16691842900302115,0.34312080536912754,0.4298941798941799,0.4630152925531915
cognitivecomputations/dolphin-2.9.3-mistral-7B-32k,0.3456561922365989,0.4783891685471272,0.05060422960725076,0.28523489932885904,0.46296296296296297,0.2820811170212766
cognitivecomputations/dolphin-2.9.3-mistral-nemo-12b,0.49907578558225507,0.5455650060753341,0.07401812688821752,0.31543624161073824,0.4417989417989418,0.3376828457446808
cognitivecomputations/dolphin-2.9.4-gemma2-2b,0.08317929759704251,0.40496441590001736,0.04909365558912387,0.28439597315436244,0.4166666666666667,0.2105219414893617
cognitivecomputations/dolphin-2.9.4-llama3.1-8b,0.21811460258780038,0.3497656656830411,0.012084592145015106,0.2634228187919463,0.32275132275132273,0.12367021276595745
collaiborateorg/Collaiborator-MEDLLM-Llama-3-8B-v2,0.32532347504621073,0.46432910952959555,0.05664652567975831,0.33305369127516776,0.3425925925925926,0.3480718085106383
cpayne1303/cp2024-instruct,0.11460258780036968,0.2912688769310883,0.0,0.2600671140939597,0.36772486772486773,0.11668882978723404
cpayne1303/cp2024,0.11460258780036968,0.2966498871723659,0.005287009063444109,0.2558724832214765,0.3373015873015873,0.11012300531914894
cpayne1303/llama-43m-beta,0.1367837338262477,0.29300468668633917,0.004531722054380665,0.2684563758389262,0.38756613756613756,0.11112034574468085
cpayne1303/smallcp2024,0.10536044362292052,0.2987328588786669,0.005287009063444109,0.23070469798657717,0.3412698412698413,0.11136968085106383
crestf411/MN-Slush,0.3585951940850277,0.5313313660822774,0.1268882175226586,0.3238255033557047,0.39285714285714285,0.3508144946808511
cstr/llama3.1-8b-spaetzle-v90,0.6894639556377079,0.5290748134004513,0.14954682779456194,0.2827181208053691,0.4126984126984127,0.37308843085106386
cyberagent/calm3-22b-chat,0.45471349353049906,0.49592084707516054,0.06948640483383686,0.27684563758389263,0.455026455026455,0.29496343085106386
darkc0de/BuddyGlassNeverSleeps,0.3585951940850277,0.4954001041485853,0.06268882175226587,0.29446308724832215,0.39814814814814814,0.34524601063829785
darkc0de/BuddyGlassUncensored2025.2,0.7356746765249538,0.6077069953133136,0.24018126888217523,0.32802013422818793,0.4060846560846561,0.43359375
darkc0de/BuddyGlass_v0.3_Xortron7MethedUpSwitchedUp,0.35489833641404805,0.5226523173060232,0.1283987915407855,0.2986577181208054,0.414021164021164,0.36727061170212766
databricks/dbrx-base,0.06,0.5195833333333333,0.1,0.32666666666666666,0.4066666666666667,0.35
databricks/dbrx-instruct,0.4824399260628466,0.5412254816872071,0.06873111782477341,0.3414429530201342,0.42592592592592593,0.36826795212765956
databricks/dolly-v1-6b,0.15711645101663585,0.31574379448012496,0.0188821752265861,0.26426174496644295,0.3994708994708995,0.12657912234042554
databricks/dolly-v2-12b,0.17005545286506468,0.33101892032633223,0.013595166163141994,0.2407718120805369,0.373015873015873,0.11286569148936171
databricks/dolly-v2-3b,0.17005545286506468,0.3055025169241451,0.015105740181268883,0.2609060402684564,0.3333333333333333,0.11452792553191489
databricks/dolly-v2-7b,0.14417744916820702,0.3150494705780246,0.014350453172205438,0.2684563758389262,0.3544973544973545,0.1149434840425532
davidkim205/Rhea-72b-v0.5,0.011090573012939002,0.30324596424231903,0.17371601208459214,0.2525167785234899,0.42328042328042326,0.11660571808510638
davidkim205/nox-solar-10.7b-v4,0.3142329020332717,0.4789099114737025,0.008308157099697885,0.3070469798657718,0.42857142857142855,0.3332779255319149
deepseek-ai/DeepSeek-R1-Distill-Llama-70B,0.3659889094269871,0.562228779725742,0.3074018126888218,0.2651006711409396,0.43253968253968256,0.4748171542553192
deepseek-ai/DeepSeek-R1-Distill-Llama-8B,0.3068391866913124,0.32112480472140253,0.21978851963746224,0.2550335570469799,0.32407407407407407,0.20894281914893617
deepseek-ai/DeepSeek-R1-Distill-Qwen-1.5B,0.2754158964879852,0.3212983856969276,0.1691842900302115,0.2558724832214765,0.36243386243386244,0.11868351063829788
deepseek-ai/DeepSeek-R1-Distill-Qwen-14B,0.37153419593345655,0.5912168026384308,0.5702416918429003,0.3875838926174497,0.5357142857142857,0.4666722074468085
deepseek-ai/DeepSeek-R1-Distill-Qwen-32B,0.3456561922365989,0.4176358271133484,0.17069486404833836,0.28439597315436244,0.45105820105820105,0.46866688829787234
deepseek-ai/DeepSeek-R1-Distill-Qwen-7B,0.33271719038817005,0.34108661690678704,0.19561933534743203,0.27936241610738255,0.36507936507936506,0.2321309840425532
deepseek-ai/deepseek-llm-67b-chat,0.5083179297597042,0.5219579934039229,0.09290030211480363,0.3162751677852349,0.5052910052910053,0.3943650265957447
deepseek-ai/deepseek-llm-7b-base,0.15157116451016636,0.34889776080541574,0.019637462235649546,0.27348993288590606,0.373015873015873,0.18060172872340424
deepseek-ai/deepseek-llm-7b-chat,0.36414048059149723,0.36139559104322166,0.02039274924471299,0.26593959731543626,0.4656084656084656,0.21334773936170212
deepseek-ai/deepseek-moe-16b-base,0.18299445471349354,0.3402187120291616,0.02416918429003021,0.25419463087248323,0.36507936507936506,0.1505152925531915
deepseek-ai/deepseek-moe-16b-chat,0.31053604436229204,0.32407568130532893,0.0256797583081571,0.22483221476510068,0.37962962962962965,0.1963929521276596
dfurman/CalmeRys-78B-Orpo-v0.1,0.7837338262476895,0.724179829890644,0.40634441087613293,0.4001677852348993,0.5886243386243386,0.7012134308510638
dfurman/Llama-3-70B-Orpo-v0.1,0.14602587800369685,0.4618989758722444,0.1578549848942598,0.2575503355704698,0.4523809523809524,0.38929521276595747
dfurman/Llama-3-8B-Orpo-v0.1,0.21811460258780038,0.3804894983509807,0.05211480362537765,0.2609060402684564,0.3558201058201058,0.22980385638297873
dfurman/Qwen2-72B-Orpo-v0.1,0.7486136783733827,0.6957125499045305,0.40558912386706947,0.38422818791946306,0.4775132275132275,0.5454621010638298
dicta-il/dictalm2.0-instruct,0.3752310536044362,0.4233639993056761,0.022658610271903322,0.3028523489932886,0.3941798941798942,0.2604720744680851
dicta-il/dictalm2.0,0.17929759704251386,0.39993056760978996,0.01812688821752266,0.29194630872483224,0.38095238095238093,0.2604720744680851
distilbert/distilgpt2,0.04066543438077634,0.3015101544870682,0.006042296072507553,0.25922818791946306,0.4193121693121693,0.11868351063829788
divyanshukunwar/SASTRI_1_9B,0.3678373382624769,0.4660649192848464,0.11555891238670694,0.3213087248322148,0.38227513227513227,0.3187333776595745
djuna-test-lab/TEST-L3.2-ReWish-3B-ties-w-base,0.5822550831792976,0.44801249783023783,0.13670694864048338,0.2835570469798658,0.376984126984127,0.31258311170212766
djuna-test-lab/TEST-L3.2-ReWish-3B,0.5841035120147874,0.44801249783023783,0.13670694864048338,0.2835570469798658,0.376984126984127,0.31258311170212766
djuna/G2-BigGSHT-27B-2,0.7615526802218114,0.6391251518833536,0.2348942598187311,0.36325503355704697,0.4060846560846561,0.45279255319148937
djuna/G2-GSHT,0.5157116451016636,0.5247352890123242,0.19259818731117825,0.32550335570469796,0.3994708994708995,0.3070146276595745
djuna/Gemma-2-gemmama-9b,0.7301293900184843,0.5401839958340566,0.19259818731117825,0.33557046979865773,0.4021164021164021,0.3109208776595745
djuna/L3.1-ForStHS,0.744916820702403,0.5184863738934212,0.15030211480362538,0.2911073825503356,0.4021164021164021,0.37350398936170215
djuna/L3.1-Promissum_Mane-8B-Della-1.5-calc,0.6820702402957486,0.5417462246137823,0.16389728096676737,0.3145973154362416,0.4246031746031746,0.390375664893617
djuna/L3.1-Promissum_Mane-8B-Della-calc,0.4731977818853974,0.5467800729040098,0.18429003021148035,0.29949664429530204,0.421957671957672,0.3801529255319149
djuna/L3.1-Purosani-2-8B,0.4232902033271719,0.5165769831626453,0.11706948640483383,0.3011744966442953,0.38095238095238093,0.3751662234042553
djuna/L3.1-Suze-Vume-calc,0.6931608133086876,0.5155354973094949,0.11404833836858005,0.28187919463087246,0.3835978835978836,0.35147938829787234
djuna/MN-Chinofun-12B-2,0.5674676524953789,0.5002603714632876,0.13066465256797583,0.3053691275167785,0.42592592592592593,0.3615359042553192
djuna/MN-Chinofun-12B-3,0.2532347504621072,0.5311577851067523,0.10045317220543806,0.26593959731543626,0.4193121693121693,0.3026097074468085
djuna/MN-Chinofun-12B-4,0.48613678373382624,0.5315049470578025,0.11178247734138973,0.2953020134228188,0.4298941798941799,0.3497340425531915
djuna/MN-Chinofun,0.5637707948243993,0.4924492275646589,0.13066465256797583,0.2961409395973154,0.4074074074074074,0.36028922872340424
djuna/Q2.5-Partron-7B,0.6968576709796673,0.5382746051032807,0.4826283987915408,0.2978187919463087,0.41534391534391535,0.4282746010638298
djuna/Q2.5-Veltha-14B-0.5,0.7486136783733827,0.650581496268009,0.43731117824773413,0.36828859060402686,0.43253968253968256,0.5295046542553191
djuna/Q2.5-Veltha-14B,0.8022181146025879,0.6464155528554071,0.4788519637462236,0.35906040268456374,0.41798941798941797,0.5298371010638298
dnhkng/RYS-Huge-bnb-4bit,0.5341959334565619,0.6917201874674536,0.3429003021148036,0.38422818791946306,0.4947089947089947,0.5392287234042553
dnhkng/RYS-Llama-3-8B-Instruct,0.6469500924214417,0.4787363304981774,0.06873111782477341,0.2575503355704698,0.3373015873015873,0.355718085106383
dnhkng/RYS-Llama-3-Huge-Instruct,0.7338262476894639,0.6464155528554071,0.22885196374622357,0.2609060402684564,0.4193121693121693,0.510970744680851
dnhkng/RYS-Llama-3-Large-Instruct,0.7707948243992606,0.650581496268009,0.23036253776435045,0.28942953020134227,0.4166666666666667,0.5137134308510638
dnhkng/RYS-Llama-3.1-8B-Instruct,0.7264325323475046,0.5150147543829197,0.13293051359516617,0.2676174496644295,0.36772486772486773,0.36394614361702127
dnhkng/RYS-Llama3.1-Large,0.8207024029574861,0.6899843777122028,0.3504531722054381,0.37416107382550334,0.4537037037037037,0.5248503989361702
dnhkng/RYS-Medium,0.3752310536044362,0.6259329977434474,0.10800604229607251,0.32802013422818793,0.4060846560846561,0.4325964095744681
dnhkng/RYS-Phi-3-medium-4k-instruct,0.37707948243992606,0.6198576636000694,0.1608761329305136,0.3548657718120805,0.4246031746031746,0.484624335106383
dnhkng/RYS-XLarge-base,0.7523105360443623,0.7040444367297344,0.37915407854984895,0.37919463087248323,0.4894179894179894,0.5430518617021277
dnhkng/RYS-XLarge,0.7634011090573013,0.7042180177052595,0.425226586102719,0.38422818791946306,0.49603174603174605,0.5428025265957447
dnhkng/RYS-XLarge2,0.4288354898336414,0.6570039923624371,0.27492447129909364,0.37416107382550334,0.4497354497354497,0.5378158244680851
dreamgen/WizardLM-2-7B,0.3974121996303142,0.3442110744662385,0.03323262839879154,0.28691275167785235,0.39285714285714285,0.2660405585106383
dustinwloring1988/Reflexis-8b-chat-v1,0.29390018484288355,0.46537059538274606,0.11555891238670694,0.25419463087248323,0.37433862433862436,0.3384308510638298
dustinwloring1988/Reflexis-8b-chat-v2,0.3123844731977819,0.47214025342822424,0.1163141993957704,0.2701342281879195,0.35185185185185186,0.3377659574468085
dustinwloring1988/Reflexis-8b-chat-v3,0.4787430683918669,0.4646762714806457,0.12235649546827794,0.2424496644295302,0.3505291005291005,0.35480385638297873
dustinwloring1988/Reflexis-8b-chat-v4,0.4048059149722736,0.4667592431869467,0.1027190332326284,0.23406040268456377,0.3386243386243386,0.3390126329787234
dustinwloring1988/Reflexis-8b-chat-v5,0.34750462107208874,0.4780420065960771,0.1216012084592145,0.2709731543624161,0.33465608465608465,0.3217253989361702
dustinwloring1988/Reflexis-8b-chat-v6,0.43622920517560076,0.479951397326853,0.1299093655589124,0.2625838926174497,0.37433862433862436,0.347905585106383
dustinwloring1988/Reflexis-8b-chat-v7,0.33086876155268025,0.47925707342475266,0.16314199395770393,0.26174496644295303,0.32142857142857145,0.3642785904255319
duyhv1411/Llama-3.2-1B-en-vi,0.40850277264325324,0.3249435861829543,0.028700906344410877,0.27684563758389263,0.3187830687830688,0.13414228723404256
duyhv1411/Llama-3.2-3B-en-vi,0.41404805914972276,0.3235549383787537,0.022658610271903322,0.2751677852348993,0.3201058201058201,0.13588763297872342
dwikitheduck/gemma-2-2b-id-inst,0.33086876155268025,0.3933344905398368,0.045317220543806644,0.29949664429530204,0.414021164021164,0.21733710106382978
dwikitheduck/gemma-2-2b-id-instruct,0.33086876155268025,0.3933344905398368,0.045317220543806644,0.29949664429530204,0.414021164021164,0.21733710106382978
dwikitheduck/gemma-2-2b-id,0.33086876155268025,0.3933344905398368,0.045317220543806644,0.29949664429530204,0.414021164021164,0.21733710106382978
dwikitheduck/gen-inst-1,0.7430683918669131,0.6405137996875543,0.4554380664652568,0.3716442953020134,0.4193121693121693,0.5088929521276596
dwikitheduck/gen-try1-notemp,0.2088724584103512,0.6236764450616212,0.31797583081570996,0.3540268456375839,0.4708994708994709,0.5210272606382979
dwikitheduck/gen-try1,0.7190388170055453,0.6332233987155008,0.41012084592145015,0.3414429530201342,0.44047619047619047,0.5110538563829787
dzakwan/dzakwan-MoE-4x7b-Beta,0.3789279112754159,0.5111959729213679,0.07779456193353475,0.2860738255033557,0.42592592592592593,0.3107546542553192
ehristoforu/Falcon3-8B-Franken-Basestruct,0.11275415896487985,0.5436556153445582,0.0,0.34060402684563756,0.3544973544973545,0.3946974734042553
ehristoforu/Falcon3-MoE-2x7B-Insruct,0.7264325323475046,0.5610137128970665,0.4123867069486405,0.31208053691275167,0.4828042328042328,0.40949135638297873
ehristoforu/Gemma2-9B-it-psy10k-mental_health,0.5286506469500925,0.5542440548515882,0.16314199395770393,0.337248322147651,0.4074074074074074,0.38289561170212766
ehristoforu/Gemma2-9b-it-train6,0.6580406654343808,0.5891338309321298,0.19108761329305135,0.3288590604026846,0.4074074074074074,0.39419880319148937
ehristoforu/HappyLlama1,0.6931608133086876,0.4983509807325117,0.14274924471299094,0.2835570469798658,0.42857142857142855,0.35455452127659576
ehristoforu/QwenQwen2.5-7B-IT-Dare,0.711645101663586,0.5375802812011804,0.5090634441087614,0.3036912751677852,0.4021164021164021,0.4289394946808511
ehristoforu/QwenQwen2.5-7B-IT,0.7134935304990758,0.5375802812011804,0.5090634441087614,0.3036912751677852,0.4021164021164021,0.4289394946808511
ehristoforu/RQwen-v0.1,0.7264325323475046,0.6415552855407047,0.4645015105740181,0.32550335570469796,0.4126984126984127,0.5201961436170213
ehristoforu/RQwen-v0.2,0.7153419593345656,0.6405137996875543,0.3270392749244713,0.337248322147651,0.4193121693121693,0.515874335106383
ehristoforu/SoRu-0009,0.20702402957486138,0.3110571081409477,0.021148036253776436,0.2609060402684564,0.335978835978836,0.12391954787234043
ehristoforu/coolqwen-3b-it,0.6062846580406654,0.4816872070821038,0.36706948640483383,0.2827181208053691,0.4113756613756614,0.3601230053191489
ehristoforu/della-70b-test-v1,0.4417744916820702,0.3001215066828676,0.009818731117824773,0.2525167785234899,0.4537037037037037,0.1574966755319149
ehristoforu/falcon3-ultraset,0.6728280961182994,0.5538968929005381,0.2122356495468278,0.33221476510067116,0.48412698412698413,0.398188164893617
ehristoforu/fd-lora-merged-16x32,0.27171903881700554,0.32772088179135567,0.17069486404833836,0.2533557046979866,0.3505291005291005,0.12051196808510638
ehristoforu/fd-lora-merged-64x128,0.25693160813308685,0.33171324422843257,0.18731117824773413,0.2550335570469799,0.335978835978836,0.15367353723404256
ehristoforu/fp4-14b-it-v1,0.19038817005545286,0.572643638257247,0.04078549848942598,0.2953020134228188,0.3584656084656085,0.4204621010638298
ehristoforu/fp4-14b-v1-fix,0.6229205175600739,0.679916681131748,0.4206948640483384,0.3540268456375839,0.4523809523809524,0.5353224734042553
ehristoforu/fq2.5-7b-it-normalize_false,0.6968576709796673,0.549383787536886,0.4622356495468278,0.30201342281879195,0.4603174603174603,0.44132313829787234
ehristoforu/fq2.5-7b-it-normalize_true,0.6968576709796673,0.549383787536886,0.4622356495468278,0.30201342281879195,0.4603174603174603,0.44132313829787234
ehristoforu/frqwen2.5-from7b-duable4layers-it,0.7412199630314233,0.5228258982815484,0.4509063444108761,0.2953020134228188,0.41534391534391535,0.4126496010638298
ehristoforu/frqwen2.5-from7b-it,0.6025878003696857,0.5111959729213679,0.29229607250755285,0.2902684563758389,0.4074074074074074,0.3976894946808511
ehristoforu/mllama-3.1-8b-instruct,0.27911275415896486,0.4710987675750738,0.3776435045317221,0.2701342281879195,0.3373015873015873,0.2533244680851064
ehristoforu/mllama-3.1-8b-it,0.31053604436229204,0.4858531504947058,0.37990936555891236,0.27684563758389263,0.33465608465608465,0.26221742021276595
ehristoforu/moremerge-upscaled,0.1367837338262477,0.26557889255337613,0.0,0.24664429530201343,0.3584656084656085,0.10413896276595745
ehristoforu/moremerge,0.14602587800369685,0.28311057108140947,0.0,0.2600671140939597,0.3558201058201058,0.10654920212765957
ehristoforu/phi-4-25b,0.5988909426987061,0.6887693108835272,0.452416918429003,0.3187919463087248,0.4193121693121693,0.5350731382978723
ehristoforu/qwen2.5-test-32b-it,0.7541589648798521,0.7043915986807846,0.5974320241691843,0.3640939597315436,0.45634920634920634,0.5765458776595744
ehristoforu/qwen2.5-with-lora-think-3b-it,0.4787430683918669,0.46537059538274606,0.236404833836858,0.2802013422818792,0.4298941798941799,0.3402593085106383
ehristoforu/rmoe-v1,0.20147874306839186,0.2886651622982121,0.0015105740181268882,0.25838926174496646,0.36507936507936506,0.1124501329787234
ehristoforu/rufalcon3-3b-it,0.5397412199630314,0.4124283978475959,0.1782477341389728,0.2726510067114094,0.3888888888888889,0.2347905585106383
ehristoforu/ruphi-4b,0.12014787430683918,0.2881444193716369,0.0,0.23993288590604026,0.3505291005291005,0.11261635638297872
ehristoforu/testq-32b,0.12939001848428835,0.284325637910085,0.0030211480362537764,0.25419463087248323,0.37037037037037035,0.11660571808510638
ehristoforu/tmoe-v2,0.12754158964879853,0.28640860961638603,0.0022658610271903325,0.2634228187919463,0.414021164021164,0.11003989361702128
ehristoforu/tmoe,0.08872458410351201,0.3025516403402187,0.0075528700906344415,0.2231543624161074,0.36904761904761907,0.11909906914893617
ehristoforu/trd-7b-it,0.15157116451016636,0.29595556327026556,0.03172205438066465,0.2701342281879195,0.3783068783068783,0.11785239361702128
ehristoforu/ud-14b,0.35304990757855825,0.3289359486200312,0.1903323262839879,0.23741610738255034,0.43783068783068785,0.24152260638297873
elinas/Chronos-Gold-12B-1.0,0.24584103512014788,0.5479951397326853,0.06948640483383686,0.3179530201342282,0.47354497354497355,0.351811835106383
ell44ot/gemma-2b-def,0.2088724584103512,0.31331366082277384,0.02416918429003021,0.27348993288590606,0.3664021164021164,0.15724734042553193
euclaise/ReMask-3B,0.17929759704251386,0.3492449227564659,0.019637462235649546,0.26677852348993286,0.3333333333333333,0.13572140957446807
eworojoshua/vas-01,0.722735674676525,0.5394896719319563,0.4735649546827795,0.30956375838926176,0.4417989417989418,0.4347573138297872
ewre324/Thinker-Llama-3.2-3B-Instruct-Reasoning,0.3733826247689464,0.42666203784065265,0.08459214501510574,0.27684563758389263,0.36507936507936506,0.2886469414893617
ewre324/Thinker-Qwen2.5-0.5B-Instruct-Reasoning,0.18114602587800369,0.3278944627668807,0.028700906344410877,0.28523489932885904,0.3373015873015873,0.16472739361702127
ewre324/Thinker-SmolLM2-135M-Instruct-Reasoning,0.1977818853974122,0.30428745009546954,0.00906344410876133,0.2525167785234899,0.36507936507936506,0.109375
ewre324/ewre324-R1-SmolLM2-135M-Distill,0.11275415896487985,0.30029508765839263,0.01283987915407855,0.26174496644295303,0.33994708994708994,0.11336436170212766
experiment-llm/exp-3-q-r,0.5452865064695009,0.5374067002256553,0.27870090634441086,0.2936241610738255,0.4312169312169312,0.43159906914893614
facebook/opt-1.3b,0.17929759704251386,0.3075854886304461,0.00906344410876133,0.2424496644295302,0.3412698412698413,0.11070478723404255
facebook/opt-30b,0.18484288354898337,0.30480819302204476,0.010574018126888218,0.26929530201342283,0.35978835978835977,0.1163563829787234
failspy/Llama-3-8B-Instruct-MopeyMule,0.6210720887245841,0.38014233639993056,0.019637462235649546,0.23909395973154363,0.3505291005291005,0.17644614361702127
failspy/Llama-3-8B-Instruct-abliterated,0.5378927911275416,0.43308453393508073,0.03851963746223565,0.276006711409396,0.41005291005291006,0.2741855053191489
failspy/Meta-Llama-3-70B-Instruct-abliterated-v3.5,0.7412199630314233,0.572470057281722,0.1283987915407855,0.29697986577181207,0.3968253968253968,0.44522938829787234
failspy/Meta-Llama-3-8B-Instruct-abliterated-v3,0.6839186691312384,0.4903662558583579,0.09592145015105741,0.26426174496644295,0.3611111111111111,0.3653590425531915
failspy/Phi-3-medium-4k-instruct-abliterated-v3,0.5804066543438078,0.6283631314007985,0.1593655589123867,0.31711409395973156,0.458994708994709,0.4399933510638298
failspy/llama-3-70B-Instruct-abliterated,0.7689463955637708,0.644159000173581,0.243202416918429,0.28942953020134227,0.4113756613756614,0.5145445478723404
fblgit/TheBeagle-v2beta-32B-MGS,0.4510166358595194,0.7002256552681826,0.4947129909365559,0.3825503355704698,0.5,0.5915059840425532
fblgit/UNA-SimpleSmaug-34b-v1beta,0.39926062846580407,0.5269918416941504,0.07175226586102719,0.31711409395973156,0.4246031746031746,0.4539561170212766
fblgit/UNA-TheBeagle-7b-v1,0.30129390018484287,0.5007811143898628,0.0770392749244713,0.28439597315436244,0.45634920634920634,0.3019448138297872
fblgit/UNA-ThePitbull-21.4B-v2,0.32162661737523107,0.6339177226176012,0.1216012084592145,0.30201342281879195,0.3915343915343915,0.3515625
fblgit/cybertron-v4-qw7B-MGS,0.5693160813308688,0.5566741885089395,0.34894259818731116,0.3104026845637584,0.4365079365079365,0.44730718085106386
fblgit/cybertron-v4-qw7B-UNAMGS,0.5489833641404805,0.5618816177746919,0.3731117824773414,0.3313758389261745,0.43386243386243384,0.4500498670212766
fblgit/juanako-7b-UNA,0.41589648798521256,0.5049470578024648,0.033987915407854986,0.2961409395973154,0.4642857142857143,0.277094414893617
fblgit/miniclaus-qw1.5B-UNAMGS-GRPO,0.2828096118299446,0.42023954174622463,0.11027190332326284,0.2978187919463087,0.4246031746031746,0.2945478723404255
fblgit/miniclaus-qw1.5B-UNAMGS,0.2643253234750462,0.836,0.10876132930513595,0.2828282828282828,0.536,0.2937167553191489
fblgit/pancho-v1-qw25-3B-UNAMGS,0.4787430683918669,0.488456865127582,0.15709969788519637,0.29697986577181207,0.4021164021164021,0.3765791223404255
fblgit/una-cybertron-7b-v2-bf16,0.4066543438077634,0.39507030029508766,0.04078549848942598,0.2978187919463087,0.4470899470899471,0.2442652925531915
fhai50032/RolePlayLake-7B,0.4417744916820702,0.5217844124283978,0.07250755287009064,0.3036912751677852,0.44576719576719576,0.3159906914893617
fhai50032/Unaligned-Thinker-PHI-4,0.036968576709796676,0.6615170977260892,0.33534743202416917,0.3808724832214765,0.4669312169312169,0.5147107712765957
flammenai/Llama3.1-Flammades-70B,0.6598890942698706,0.6639472313834404,0.20921450151057402,0.3540268456375839,0.48544973544973546,0.47523271276595747
flammenai/Mahou-1.2a-llama3-8B,0.4417744916820702,0.5085922582884915,0.08383685800604229,0.28859060402684567,0.3835978835978836,0.38173204787234044
flammenai/Mahou-1.2a-mistral-7B,0.3900184842883549,0.5092865821905919,0.06873111782477341,0.27181208053691275,0.3888888888888889,0.31632313829787234
flammenai/Mahou-1.5-llama3.1-70B,0.6691312384473198,0.6629057455302899,0.20996978851963746,0.3540268456375839,0.4933862433862434,0.47490026595744683
flammenai/Mahou-1.5-mistral-nemo-12B,0.6284658040665434,0.5481687207082104,0.08685800604229607,0.276006711409396,0.45105820105820105,0.3602061170212766
flammenai/flammen15-gutenberg-DPO-v1-7B,0.41404805914972276,0.517965630966846,0.07628398791540786,0.28439597315436244,0.42857142857142855,0.3185671542553192
fluently-lm/FluentlyLM-Prinum,0.7763401109057301,0.7109876757507377,0.5400302114803626,0.38674496644295303,0.44576719576719576,0.5807845744680851
fluently-lm/Llama-TI-8B-Instruct,0.7375231053604436,0.5249088699878494,0.23036253776435045,0.2953020134228188,0.38095238095238093,0.37258976063829785
fluently-lm/Llama-TI-8B,0.2199630314232902,0.5186599548689463,0.19637462235649547,0.2961409395973154,0.41005291005291006,0.343999335106383
fluently-sets/FalconThink3-10B-IT,0.6894639556377079,0.6174275299427183,0.24471299093655588,0.3347315436241611,0.4470899470899471,0.4434840425531915
fluently-sets/reasoning-1-1k-demo,0.7171903881700554,0.6375629231036278,0.4282477341389728,0.33557046979865773,0.40476190476190477,0.4773936170212766
formulae/mita-elite-sce-gen1.1-v1-7b-2-26-2025-exp,0.12014787430683918,0.2945669154660649,0.0015105740181268882,0.2533557046979866,0.42063492063492064,0.11735372340425532
formulae/mita-elite-v1.1-7b-2-25-2025,0.08687615526802218,0.2822426662037841,0.0,0.2483221476510067,0.3478835978835979,0.10979055851063829
formulae/mita-elite-v1.1-gen2-7b-2-25-2025,0.10351201478743069,0.28762367644506165,0.0,0.2525167785234899,0.3531746031746032,0.11012300531914894
formulae/mita-elite-v1.2-7b-2-26-2025,0.10536044362292052,0.2897066481513626,0.0022658610271903325,0.27432885906040266,0.42724867724867727,0.1186003989361702
formulae/mita-gen3-7b-2-26-2025,0.13863216266173753,0.2909217149800382,0.0022658610271903325,0.2651006711409396,0.39021164021164023,0.11236702127659574
formulae/mita-gen3-v1.2-7b-2-26-2025,0.14972273567467653,0.30237805936469364,0.0022658610271903325,0.25922818791946306,0.3888888888888889,0.11278257978723404
formulae/mita-math-v2.3-2-25-2025,0.09242144177449169,0.2917896198576636,0.0,0.25083892617449666,0.36904761904761907,0.11178523936170212
formulae/mita-v1-7b,0.133086876155268,0.29751779204999135,0.002265861027190332,0.25,0.414021164021164,0.1146941489361702
formulae/mita-v1.1-7b-2-24-2025,0.2735674676524954,0.541051900711682,0.4350453172205438,0.3145973154362416,0.455026455026455,0.4523769946808511
formulae/mita-v1.2-7b-2-24-2025,0.1866913123844732,0.4903662558583579,0.4879154078549849,0.3062080536912752,0.43386243386243384,0.33585438829787234
frameai/Loxa-4B,0.4121996303142329,0.4204131227217497,0.1095166163141994,0.2835570469798658,0.3373015873015873,0.28016954787234044
freewheelin/free-evo-qwen72b-v0.8-re,0.47504621072088726,0.608401319215414,0.18051359516616314,0.3565436241610738,0.48677248677248675,0.4870345744680851
freewheelin/free-solar-evo-v0.1,0.1534195933456562,0.44662385002603716,0.008308157099697885,0.2911073825503356,0.4933862433862434,0.3414228723404255
freewheelin/free-solar-evo-v0.11,0.15711645101663585,0.45148411734073945,0.008308157099697885,0.28523489932885904,0.503968253968254,0.34674202127659576
freewheelin/free-solar-evo-v0.13,0.18114602587800369,0.4520048602673147,0.012084592145015106,0.28859060402684567,0.503968253968254,0.34699135638297873
fulim/FineLlama-3.1-8B,0.08872458410351201,0.4551293178267662,0.04758308157099698,0.29278523489932884,0.3862433862433862,0.31673869680851063
gabrielmbmb/SmolLM-1.7B-Instruct-IFEval,0.18299445471349354,0.31088352716542267,0.010574018126888218,0.2533557046979866,0.33201058201058203,0.11560837765957446
gaverfraxz/Meta-Llama-3.1-8B-Instruct-HalfAbliterated-DELLA,0.3234750462107209,0.39906266273216456,0.019637462235649546,0.28439597315436244,0.3637566137566138,0.16539228723404256
gaverfraxz/Meta-Llama-3.1-8B-Instruct-HalfAbliterated-TIES,0.3789279112754159,0.5032112480472141,0.1299093655589124,0.26677852348993286,0.373015873015873,0.36785239361702127
gbueno86/Brinebreath-Llama-3.1-70B,0.48428835489833644,0.6859920152751259,0.297583081570997,0.3464765100671141,0.4523809523809524,0.5196143617021277
gbueno86/Meta-LLama-3-Cat-Smaug-LLama-70b,0.7726432532347505,0.6670716889428918,0.2938066465256798,0.3271812080536913,0.4351851851851852,0.5074800531914894
ghost-x/ghost-8b-beta-1608,0.36414048059149723,0.4521784412428398,0.06948640483383686,0.25838926174496646,0.3505291005291005,0.2839926861702128
glaiveai/Reflection-Llama-3.1-70B,0.5434380776340111,0.5676097899670196,0.2756797583081571,0.3145973154362416,0.4365079365079365,0.6341422872340425
gmonsoon/SahabatAI-Llama-11B-Test,0.2698706099815157,0.47214025342822424,0.030966767371601207,0.28187919463087246,0.3994708994708995,0.3182347074468085
gmonsoon/SahabatAI-MediChatIndo-8B-v1,0.34935304990757854,0.4490539836833883,0.061933534743202415,0.2827181208053691,0.37433862433862436,0.3107546542553192
gmonsoon/SahabatAI-Rebase-8B-Test,0.44731977818853974,0.5214372504773477,0.1148036253776435,0.287751677852349,0.4126984126984127,0.3663563829787234
gmonsoon/StockSeaLLMs-7B-v1,0.4066543438077634,0.5238673841346988,0.19637462235649547,0.3028523489932886,0.42063492063492064,0.39519614361702127
gmonsoon/gemma2-9b-sahabatai-v1-instruct-BaseTIES,0.6950092421441775,0.6075334143377886,0.19939577039274925,0.32046979865771813,0.4775132275132275,0.43467420212765956
godlikehhd/alpaca_data_full_2,0.24953789279112754,0.41798298906439857,0.09290030211480363,0.2978187919463087,0.40476190476190477,0.285405585106383
godlikehhd/alpaca_data_full_3B,0.30868761552680224,0.4658913383093213,0.1336858006042296,0.27768456375838924,0.4947089947089947,0.335688164893617
godlikehhd/alpaca_data_ifd_max_2600,0.24399260628465805,0.3992362437076896,0.09894259818731117,0.3028523489932886,0.3505291005291005,0.29163896276595747
godlikehhd/alpaca_data_ifd_max_2600_3B,0.2365988909426987,0.4606839090435688,0.1593655589123867,0.2726510067114094,0.43386243386243384,0.32878989361702127
godlikehhd/alpaca_data_ifd_me_max_5200,0.3049907578558225,0.4120812358965457,0.09743202416918428,0.2911073825503356,0.3478835978835979,0.29820478723404253
godlikehhd/alpaca_data_ifd_min_2600,0.30868761552680224,0.41885089394202396,0.09667673716012085,0.29194630872483224,0.36507936507936506,0.289311835106383
godlikehhd/alpaca_data_ins_ans_max_5200,0.27726432532347506,0.4067002256552682,0.1027190332326284,0.2911073825503356,0.35978835978835977,0.2900598404255319
godlikehhd/alpaca_data_ins_max_5200,0.25693160813308685,0.41190765492102066,0.09969788519637462,0.2961409395973154,0.3611111111111111,0.2915558510638298
godlikehhd/alpaca_data_ins_min_2600,0.2643253234750462,0.4153792744315223,0.11102719033232629,0.2978187919463087,0.38492063492063494,0.28798204787234044
godlikehhd/alpaca_data_ins_min_5200,0.2643253234750462,0.425273390036452,0.10347432024169184,0.28691275167785235,0.39021164021164023,0.29488031914893614
godlikehhd/alpaca_data_sampled_ifd_5200,0.23105360443622922,0.3995834056587398,0.12537764350453173,0.3087248322147651,0.35185185185185186,0.2896442819148936
godlikehhd/alpaca_data_sampled_ifd_new_5200,0.2902033271719039,0.4141642076028467,0.09441087613293052,0.2936241610738255,0.3611111111111111,0.29247007978723405
godlikehhd/alpaca_data_score_max_0.1_2600,0.26062846580406657,0.4214546085749002,0.09894259818731117,0.2911073825503356,0.37037037037037035,0.29230385638297873
godlikehhd/alpaca_data_score_max_0.3_2600,0.266173752310536,0.41190765492102066,0.10347432024169184,0.28942953020134227,0.37566137566137564,0.29130651595744683
godlikehhd/alpaca_data_score_max_0.7_2600,0.29390018484288355,0.4153792744315223,0.10725075528700906,0.3036912751677852,0.34656084656084657,0.2982878989361702
godlikehhd/alpaca_data_score_max_2500,0.2846580406654344,0.414684950529422,0.09516616314199396,0.2953020134228188,0.36243386243386244,0.2939660904255319
godlikehhd/alpaca_data_score_max_2600_3B,0.2698706099815157,0.46936295781982296,0.15483383685800603,0.2651006711409396,0.4470899470899471,0.3341921542553192
godlikehhd/alpaca_data_score_max_5200,0.2754158964879852,0.42076028467279986,0.09743202416918428,0.2978187919463087,0.38756613756613756,0.29446476063829785
godlikehhd/ifd_2500_qwen,0.27726432532347506,0.4259677139385523,0.09818731117824774,0.2953020134228188,0.3611111111111111,0.2921376329787234
godlikehhd/ifd_new_correct_all_sample_2500_qwen,0.2698706099815157,0.397847595903489,0.09592145015105741,0.2902684563758389,0.3558201058201058,0.2888962765957447
godlikehhd/ifd_new_correct_sample_2500_qwen,0.2754158964879852,0.40739454955736853,0.1042296072507553,0.3078859060402685,0.36243386243386244,0.293218085106383
godlikehhd/ifd_new_qwen_2500,0.26062846580406657,0.4124283978475959,0.11178247734138973,0.30033557046979864,0.3584656084656085,0.29105718085106386
godlikehhd/qwen-2.5-1.5b-cherry,0.22735674676524953,0.39993056760978996,0.10196374622356495,0.30033557046979864,0.34523809523809523,0.29230385638297873
godlikehhd/qwen_2.5-1.5b-cherry_new,0.24399260628465805,0.41103975004339527,0.09667673716012085,0.2978187919463087,0.3492063492063492,0.28939494680851063
godlikehhd/qwen_full_data_alpaca,0.24953789279112754,0.4193716368685992,0.09214501510574018,0.29278523489932884,0.40476190476190477,0.28507313829787234
godlikehhd/qwen_ins_ans_2500,0.20147874306839186,0.4037493490713418,0.11404833836858005,0.29194630872483224,0.3584656084656085,0.28091755319148937
google/codegemma-1.1-2b,0.1589648798521257,0.3318868252039576,0.01283987915407855,0.2651006711409396,0.3862433862433862,0.1278257978723404
google/flan-t5-base,0.12754158964879853,0.35236938031591736,0.010574018126888218,0.23825503355704697,0.3664021164021164,0.13572140957446807
google/flan-t5-large,0.16081330868761554,0.4120812358965457,0.014350453172205438,0.25083892617449666,0.4074074074074074,0.17087765957446807
google/flan-t5-small,0.09981515711645102,0.32615865301162994,0.0075528700906344415,0.2609060402684564,0.4113756613756614,0.1233377659574468
google/flan-t5-xl,0.1645101663585952,0.45061621246311406,0.0075528700906344415,0.2525167785234899,0.4166666666666667,0.21467752659574468
google/flan-t5-xxl,0.15711645101663585,0.5039055719493144,0.010574018126888218,0.2701342281879195,0.42063492063492064,0.23429188829787234
google/flan-ul2,0.18114602587800369,0.5026905051206387,0.00906344410876133,0.287751677852349,0.3835978835978836,0.24933510638297873
google/gemma-1.1-2b-it,0.2513863216266174,0.3155702135045999,0.01812688821752266,0.26929530201342283,0.3386243386243386,0.14835438829787234
google/gemma-1.1-7b-it,0.4454713493530499,0.3903836139559104,0.04909365558912387,0.2936241610738255,0.421957671957672,0.2583942819148936
google/gemma-2-27b-it,0.7634011090573013,0.6422496094428051,0.23867069486404835,0.375,0.4021164021164021,0.4451462765957447
google/gemma-2-27b,0.19408502772643252,0.562228779725742,0.1661631419939577,0.35067114093959734,0.43915343915343913,0.4370844414893617
google/gemma-2-2b-it,0.5101663585951941,0.41624717930914773,0.0007552870090634441,0.27432885906040266,0.3915343915343915,0.25498670212765956
google/gemma-2-2b-jpn-it,0.4713493530499076,0.41433778857837184,0.04758308157099698,0.2751677852348993,0.3716931216931217,0.2466755319148936
google/gemma-2-2b,0.13493530499075784,0.36764450616212463,0.030211480362537766,0.2625838926174497,0.42063492063492064,0.22165890957446807
google/gemma-2-9b-it,0.7005545286506469,0.597986460683909,0.19486404833836857,0.36073825503355705,0.4060846560846561,0.3875498670212766
google/gemma-2-9b,0.14417744916820702,0.5374067002256553,0.13444108761329304,0.3288590604026846,0.44576719576719576,0.4103224734042553
google/gemma-2b-it,0.21072088724584104,0.31227217496962334,0.02039274924471299,0.2785234899328859,0.3333333333333333,0.13530585106382978
google/gemma-2b,,0.3337962159347336,0.030211480362537766,,,
google/gemma-7b-it,,0.362089914945322,0.02945619335347432,,,
google/gemma-7b,0.2033271719038817,0.4339524388127061,0.07401812688821752,0.28691275167785235,0.4060846560846561,0.2947972074468085
google/mt5-base,0.10720887245841035,0.284325637910085,0.00906344410876133,0.23909395973154363,0.3664021164021164,0.10696476063829788
google/mt5-small,0.11460258780036968,0.2730428745009547,0.0,0.2424496644295302,0.38492063492063494,0.11228390957446809
google/mt5-xl,0.14972273567467653,0.30133657351154314,0.0,0.26426174496644295,0.3783068783068783,0.11195146276595745
google/mt5-xxl,0.18853974121996303,0.2928311057108141,0.0,0.24161073825503357,0.36772486772486773,0.10887632978723404
google/recurrentgemma-2b-it,0.24214417744916822,0.33206040617948274,0.019637462235649546,0.2533557046979866,0.3333333333333333,0.1402094414893617
google/recurrentgemma-2b,0.23290203327171904,0.31730602325985074,0.02039274924471299,0.24580536912751677,0.3439153439153439,0.11760305851063829
google/recurrentgemma-9b-it,0.43253234750462105,0.4342996007637563,0.06646525679758308,0.2701342281879195,0.4365079365079365,0.2843251329787234
google/recurrentgemma-9b,0.25508317929759705,0.3928137476132616,0.06646525679758308,0.28523489932885904,0.37962962962962965,0.2604720744680851
google/switch-base-8,0.10720887245841035,0.28258982815483424,0.0,0.25,0.3505291005291005,0.10979055851063829
google/umt5-base,0.12384473197781885,0.2759937510848811,0.004531722054380665,0.25419463087248323,0.3373015873015873,0.10779587765957446
goulue5/merging_LLM,0.2532347504621072,0.41867731296649885,0.09667673716012085,0.2911073825503356,0.43253968253968256,0.29579454787234044
gpt2,0.13863216266173753,0.30029508765839263,0.0030211480362537764,0.2600671140939597,0.4312169312169312,0.1149434840425532
gradientai/Gradient-Llama-3.1-8B-Instruct-1048k,0.49168207024029575,0.45460857490019096,0.1283987915407855,0.28187919463087246,0.4312169312169312,0.3271276595744681
gradientai/Llama-3-8B-Instruct-Gradient-1048k,0.38632162661737524,0.4334316958861309,0.05362537764350453,0.27768456375838924,0.42857142857142855,0.29404920212765956
grimjim/DeepSauerHuatuoSkywork-R1-o1-Llama-3.1-8B,0.4066543438077634,0.5245617080367991,0.22205438066465258,0.33808724832214765,0.44047619047619047,0.3956948138297872
grimjim/Gigantes-v1-gemma2-9b-it,0.6451016635859519,0.5965978128797084,0.21450151057401812,0.35318791946308725,0.455026455026455,0.42253989361702127
grimjim/Gigantes-v2-gemma2-9b-it,0.6931608133086876,0.5978128797083839,0.20166163141993956,0.35151006711409394,0.458994708994709,0.4259474734042553
grimjim/Gigantes-v3-gemma2-9b-it,0.6506469500924215,0.5974657177573338,0.20996978851963746,0.3565436241610738,0.4603174603174603,0.4226230053191489
grimjim/HuatuoSkywork-o1-Llama-3.1-8B,0.3234750462107209,0.48828328415205696,0.38821752265861026,0.29278523489932884,0.3835978835978836,0.30950797872340424
grimjim/Llama-3-Instruct-8B-SPPO-Iter3-SimPO-merge,0.35304990757855825,0.49418503731990976,0.09969788519637462,0.2902684563758389,0.40343915343915343,0.3625332446808511
grimjim/Llama-3-Instruct-8B-SimPO-SPPO-Iter3-merge,0.6321626617375231,0.5011282763409131,0.0891238670694864,0.2625838926174497,0.38756613756613756,0.3684341755319149
grimjim/Llama-3.1-8B-Instruct-abliterated_via_adapter,0.41035120147874304,0.5099809060926922,0.13972809667673716,0.313758389261745,0.4007936507936508,0.3651097074468085
grimjim/Llama-3.1-Bonsaikraft-8B-Instruct,0.3512014787430684,0.5261239368165249,0.13141993957703926,0.3036912751677852,0.42328042328042326,0.3764128989361702
grimjim/Llama-Nephilim-Metamorphosis-v2-8B,0.3789279112754159,0.49991320951223744,0.13972809667673716,0.32298657718120805,0.4087301587301587,0.38090093085106386
grimjim/Llama3.1-SuperNovaLite-HuatuoSkywork-o1-8B,0.3659889094269871,0.5275125846207256,0.30060422960725075,0.311241610738255,0.3994708994708995,0.3683510638297872
grimjim/Magnolia-v1-Gemma2-8k-9B,0.28650646950092423,0.5577156743620899,0.16842900302114805,0.33640939597315433,0.4642857142857143,0.4242021276595745
grimjim/Magnolia-v2-12B,0.3031423290203327,0.5266446797431001,0.12915407854984895,0.3187919463087248,0.4166666666666667,0.3601230053191489
grimjim/Magnolia-v2-Gemma2-8k-9B,0.6987060998151571,0.6011109182433605,0.2280966767371601,0.3573825503355705,0.44841269841269843,0.4331781914893617
grimjim/Magnolia-v3-12B,0.34935304990757854,0.5308106231557022,0.1351963746223565,0.32550335570469796,0.41798941798941797,0.3615359042553192
grimjim/Magnolia-v3-Gemma2-8k-9B,0.6987060998151571,0.6009373372678355,0.23187311178247735,0.3565436241610738,0.44841269841269843,0.43367686170212766
grimjim/Magnolia-v4-12B,0.29390018484288355,0.540878319736157,0.13141993957703926,0.32802013422818793,0.42063492063492064,0.3671875
grimjim/Magnolia-v5a-12B,0.36229205175600737,0.5294219753515015,0.13746223564954682,0.3221476510067114,0.414021164021164,0.3601230053191489
grimjim/Magot-v1-Gemma2-8k-9B,0.2828096118299446,0.6011109182433605,0.09894259818731117,0.3464765100671141,0.44841269841269843,0.43367686170212766
grimjim/Magot-v2-Gemma2-8k-9B,0.6913123844731978,0.5889602499566048,0.20166163141993956,0.3540268456375839,0.43386243386243384,0.4222905585106383
grimjim/SauerHuatuoSkywork-o1-Llama-3.1-8B,0.4491682070240296,0.5195278597465718,0.1729607250755287,0.3213087248322148,0.4523809523809524,0.39910239361702127
grimjim/llama-3-Nephilim-v1-8B,0.35304990757855825,0.5124110397500434,0.09063444108761329,0.30201342281879195,0.4126984126984127,0.37957114361702127
grimjim/llama-3-Nephilim-v2-8B,0.32162661737523107,0.5033848290227391,0.10649546827794562,0.29949664429530204,0.3888888888888889,0.3641123670212766
grimjim/llama-3-Nephilim-v2.1-8B,0.3197781885397412,0.5082450963374414,0.09969788519637462,0.29949664429530204,0.39285714285714285,0.3644448138297872
grimjim/llama-3-Nephilim-v3-8B,0.3419593345656192,0.4995660475611873,0.09516616314199396,0.2953020134228188,0.39814814814814814,0.3612034574468085
gupta-tanish/llama-7b-dpo-baseline,0.2088724584103512,0.3886478042006596,0.019637462235649546,0.2625838926174497,0.4444444444444444,0.20279255319148937
gz987/qwen2.5-7b-cabs-v0.1,0.7097966728280961,0.5450442631487589,0.479607250755287,0.313758389261745,0.4365079365079365,0.4405751329787234
gz987/qwen2.5-7b-cabs-v0.2,0.7005545286506469,0.5485158826592605,0.4901812688821752,0.3070469798657718,0.4417989417989418,0.43974401595744683
gz987/qwen2.5-7b-cabs-v0.3,0.7153419593345656,0.5464329109529595,0.493202416918429,0.3070469798657718,0.4417989417989418,0.4401595744680851
gz987/qwen2.5-7b-cabs-v0.4,0.722735674676525,0.549557368512411,0.48489425981873113,0.30788590604026844,0.4417989417989418,0.4395777925531915
h2oai/h2o-danube-1.8b-chat,0.16635859519408502,0.31869467106405136,0.013595166163141994,0.25419463087248323,0.39814814814814814,0.13139960106382978
h2oai/h2o-danube3-4b-base,0.17744916820702403,0.3567089047040444,0.022658610271903322,0.2911073825503356,0.376984126984127,0.2109375
h2oai/h2o-danube3-4b-chat,0.30129390018484287,0.34264884568651277,0.04078549848942598,0.2600671140939597,0.376984126984127,0.22282247340425532
h2oai/h2o-danube3-500m-chat,0.16820702402957485,0.3008158305849679,0.01661631419939577,0.23070469798657717,0.3425925925925926,0.11436170212765957
h2oai/h2o-danube3.1-4b-chat,0.4454713493530499,0.35827113348377015,0.03323262839879154,0.28523489932885904,0.4087301587301587,0.2718583776595745
haoranxu/ALMA-13B-R,0.0018484288354898336,0.34351675056413816,0.017371601208459216,0.2575503355704698,0.35185185185185186,0.18168218085106383
haoranxu/Llama-3-Instruct-8B-CPO-SimPO,0.6598890942698706,0.5028640860961638,0.1027190332326284,0.29278523489932884,0.3558201058201058,0.3686003989361702
haoranxu/Llama-3-Instruct-8B-SimPO,0.6913123844731978,0.4966151709772609,0.08761329305135952,0.2902684563758389,0.3558201058201058,0.37333776595744683
hatemmahmoud/qwen2.5-1.5b-sft-raft-grpo-hra-doc,0.37153419593345655,0.42284325637910086,0.2175226586102719,0.2676174496644295,0.35978835978835977,0.277593085106383
hon9kon9ize/CantoneseLLMChat-v0.5,0.26247689463955637,0.4304808193022045,0.04154078549848943,0.27768456375838924,0.4695767195767196,0.2504155585106383
hon9kon9ize/CantoneseLLMChat-v1.0-7B,0.4029574861367837,0.4856795695191807,0.2107250755287009,0.3221476510067114,0.38756613756613756,0.3784906914893617
hongbai12/li-0.4-pre,0.4584103512014787,0.6276688074986981,0.49244712990936557,0.32298657718120805,0.4497354497354497,0.5014960106382979
hotmailuser/Deepseek-qwen-modelstock-2B,0.15157116451016636,0.35445235202221836,0.33987915407854985,0.2802013422818792,0.34656084656084657,0.19107380319148937
hotmailuser/Falcon3Slerp1-10B,0.5009242144177449,0.6141294914077418,0.2598187311178248,0.34395973154362414,0.4312169312169312,0.4401595744680851
hotmailuser/Falcon3Slerp2-10B,0.5545286506469501,0.6143030723832668,0.23187311178247735,0.33808724832214765,0.4087301587301587,0.4369182180851064
hotmailuser/Falcon3Slerp4-10B,0.5489833641404805,0.6096163860440895,0.22885196374622357,0.3288590604026846,0.4007936507936508,0.4387466755319149
hotmailuser/FalconSlerp-3B,0.5046210720887245,0.45929526123936815,0.17598187311178248,0.287751677852349,0.39814814814814814,0.29679188829787234
hotmailuser/FalconSlerp1-7B,0.4805914972273567,0.5302898802291269,0.23791540785498488,0.3196308724832215,0.4444444444444444,0.4128989361702128
hotmailuser/FalconSlerp2-7B,0.5582255083179297,0.5492102065613609,0.2983383685800604,0.3196308724832215,0.4470899470899471,0.4140625
hotmailuser/FalconSlerp3-10B,0.5360443622920518,0.6047561187293873,0.22734138972809667,0.33557046979865773,0.4021164021164021,0.4323470744680851
hotmailuser/FalconSlerp3-7B,0.5489833641404805,0.5486894636347857,0.3157099697885196,0.3187919463087248,0.4497354497354497,0.41273271276595747
hotmailuser/FalconSlerp4-7B,0.5674676524953789,0.5479951397326853,0.2212990936555891,0.33221476510067116,0.4576719576719577,0.4031748670212766
hotmailuser/FalconSlerp6-7B,0.5434380776340111,0.5330671758375282,0.20468277945619334,0.3179530201342282,0.44841269841269843,0.39951795212765956
hotmailuser/Gemma2Crono-27B,0.6654343807763401,0.6481513626106579,0.24244712990936557,0.37080536912751677,0.45634920634920634,0.4632646276595745
hotmailuser/Gemma2SimPO-27B,0.6746765249537893,0.6389515709078285,0.28172205438066467,0.35822147651006714,0.4444444444444444,0.46417885638297873
hotmailuser/Gemma2atlas-27B,0.6765249537892791,0.6521437250477348,0.21450151057401812,0.35570469798657717,0.4444444444444444,0.4749833776595745
hotmailuser/Gemma2magnum-27b,0.4417744916820702,0.6176011109182433,0.22054380664652568,0.3850671140939597,0.4722222222222222,0.45960771276595747
hotmailuser/Llama-Hermes-slerp-8B,0.2680221811460259,0.5295955563270266,0.08006042296072508,0.2936241610738255,0.4074074074074074,0.33311170212765956
hotmailuser/Llama-Hermes-slerp2-8B,0.3068391866913124,0.5254296129144246,0.09743202416918428,0.2961409395973154,0.4246031746031746,0.33793218085106386
hotmailuser/LlamaStock-8B,0.34750462107208874,0.5313313660822774,0.16993957703927492,0.3271812080536913,0.4126984126984127,0.3806515957446808
hotmailuser/Mistral-modelstock-24B,0.2735674676524954,0.6443325811491061,0.13066465256797583,0.41023489932885904,0.458994708994709,0.5069813829787234
hotmailuser/Mistral-modelstock2-24B,0.36968576709796674,0.6668981079673668,0.24018126888217523,0.3926174496644295,0.46164021164021163,0.5318317819148937
hotmailuser/Phi4-Slerp4-14B,0.04436229205175601,0.6719319562575942,0.3474320241691843,0.39681208053691275,0.5092592592592593,0.5277593085106383
hotmailuser/Qwen2.5-HomerSlerp-7B,0.3807763401109057,0.5611872938725916,0.33157099697885195,0.313758389261745,0.43783068783068785,0.4548703457446808
hotmailuser/QwenModelStock-1.8B,0.25693160813308685,0.4160735983336226,0.09894259818731117,0.28691275167785235,0.4351851851851852,0.2958776595744681
hotmailuser/QwenSlerp-14B,0.6543438077634011,0.6479777816351328,0.38368580060422963,0.3875838926174497,0.46296296296296297,0.5399767287234043
hotmailuser/QwenSlerp-3B,0.37153419593345655,0.4865474743968061,0.27492447129909364,0.29446308724832215,0.4312169312169312,0.3693484042553192
hotmailuser/QwenSlerp-7B,0.3974121996303142,0.5615344558236417,0.34441087613293053,0.3179530201342282,0.44047619047619047,0.45088098404255317
hotmailuser/QwenSlerp2-14B,0.6543438077634011,0.6476306196840826,0.39652567975830816,0.3808724832214765,0.4801587301587302,0.5378989361702128
hotmailuser/QwenSlerp2-3B,0.35489833641404805,0.4764797778163513,0.26057401812688824,0.29697986577181207,0.4246031746031746,0.3741688829787234
hotmailuser/QwenSlerp3-14B,0.6118299445471349,0.6245443499392467,0.43051359516616317,0.36661073825503354,0.4801587301587302,0.5262632978723404
hotmailuser/QwenSparse-7B,0.07208872458410351,0.28554070473876064,0.010574018126888218,0.2600671140939597,0.3558201058201058,0.11220079787234043
hotmailuser/QwenStock-0.5B,0.14602587800369685,0.28762367644506165,0.0,0.2600671140939597,0.35714285714285715,0.11668882978723404
hotmailuser/QwenStock-1.7B,0.24953789279112754,0.4160735983336226,0.09969788519637462,0.287751677852349,0.44047619047619047,0.2954621010638298
hotmailuser/QwenStock1-14B,0.6192236598890942,0.6490192674882833,0.37009063444108764,0.3859060402684564,0.4775132275132275,0.5416389627659575
hotmailuser/RombosBeagle-v2beta-MGS-32B,0.4510166358595194,0.7003992362437077,0.49924471299093653,0.3800335570469799,0.5013227513227513,0.5907579787234043
huggyllama/llama-13b,0.18114602587800369,0.39802117687901406,0.02039274924471299,0.2550335570469799,0.34523809523809523,0.19522938829787234
huggyllama/llama-65b,0.1922365988909427,0.4686686339177226,0.030966767371601207,0.276006711409396,0.3584656084656085,0.3077626329787234
huggyllama/llama-7b,0.18484288354898337,0.32407568130532893,0.008308157099697885,0.2525167785234899,0.33465608465608465,0.13131648936170212
huihui-ai/DeepSeek-R1-Distill-Qwen-14B-abliterated-v2,0.35304990757855825,0.3462940461725395,0.22054380664652568,0.276006711409396,0.46825396825396826,0.19148936170212766
huihui-ai/QwQ-32B-Coder-Fusion-7030,0.3197781885397412,0.6144766533587919,0.2794561933534743,0.28439597315436244,0.3915343915343915,0.4367519946808511
huihui-ai/QwQ-32B-Coder-Fusion-8020,0.5434380776340111,0.6625585835792397,0.459214501510574,0.3548657718120805,0.42857142857142855,0.5367353723404256
huihui-ai/QwQ-32B-Coder-Fusion-9010,0.5249537892791127,0.6701961465023434,0.5317220543806647,0.3615771812080537,0.4669312169312169,0.5600066489361702
huihui-ai/Qwen2.5-14B-Instruct-abliterated-v2,0.8022181146025879,0.6302725221315744,0.5302114803625377,0.3338926174496644,0.42063492063492064,0.49617686170212766
huihui-ai/Qwen2.5-72B-Instruct-abliterated,0.833641404805915,0.7165422669675403,0.6012084592145015,0.3951342281879195,0.421957671957672,0.5536901595744681
huihui-ai/Qwen2.5-7B-Instruct-abliterated-v2,0.722735674676525,0.534629404617254,0.4637462235649547,0.3087248322147651,0.3968253968253968,0.42079454787234044
huihui-ai/Qwen2.5-7B-Instruct-abliterated,0.7190388170055453,0.5240409651102239,0.45770392749244715,0.31543624161073824,0.3955026455026455,0.41796875
huu-ontocord/wide_3b_orpo_stage1.1-ss1-orpo3,0.09242144177449169,0.2931782676618643,0.009818731117824773,0.25838926174496646,0.3611111111111111,0.11643949468085106
iFaz/llama31_8B_en_emo_v4,0.24399260628465805,0.4903662558583579,0.08836858006042296,0.29697986577181207,0.3637566137566138,0.3048537234042553
iFaz/llama32_1B_en_emo_v1,0.36968576709796674,0.33466412081235897,0.0377643504531722,0.25,0.3478835978835979,0.17611369680851063
iFaz/llama32_3B_en_emo_1000_stp,0.6820702402957486,0.44940114563443845,0.14652567975830816,0.27768456375838924,0.3611111111111111,0.3123337765957447
iFaz/llama32_3B_en_emo_2000_stp,0.6931608133086876,0.45061621246311406,0.15332326283987915,0.2835570469798658,0.35185185185185186,0.3097573138297872
iFaz/llama32_3B_en_emo_300_stp,0.6765249537892791,0.44801249783023783,0.16012084592145015,0.27432885906040266,0.3611111111111111,0.3148271276595745
iFaz/llama32_3B_en_emo_5000_stp,0.6598890942698706,0.45460857490019096,0.12915407854984895,0.27936241610738255,0.3439153439153439,0.30668218085106386
iFaz/llama32_3B_en_emo_v2,0.47689463955637706,0.42718278076722793,0.10876132930513595,0.2676174496644295,0.3478835978835979,0.3003656914893617
iFaz/llama32_3B_en_emo_v3,0.5175600739371534,0.4283978475959035,0.06797583081570997,0.2676174496644295,0.3544973544973545,0.27102726063829785
iRyanBell/ARC1-II,0.10905730129390019,0.33657351154313486,0.02190332326283988,0.27181208053691275,0.49074074074074076,0.1685505319148936
iRyanBell/ARC1,0.3678373382624769,0.4888040270786322,0.06873111782477341,0.29446308724832215,0.39814814814814814,0.3371010638297872
ibivibiv/colossus_120b,0.3659889094269871,0.6042353758028121,0.05664652567975831,0.3087248322147651,0.4722222222222222,0.3961103723404255
ibivibiv/multimaster-7b-v6,0.3826247689463956,0.5165769831626453,0.055891238670694864,0.3036912751677852,0.43915343915343913,0.30950797872340424
ibm-granite/granite-3.0-1b-a400m-base,0.17744916820702403,0.319909737892727,0.026435045317220542,0.24748322147651006,0.335978835978836,0.11519281914893617
ibm-granite/granite-3.0-1b-a400m-instruct,0.2754158964879852,0.3206040617948273,0.027945619335347432,0.2609060402684564,0.3611111111111111,0.12441821808510638
ibm-granite/granite-3.0-2b-base,0.3179297597042514,0.4035757680958167,0.054380664652567974,0.28020134228187926,0.3425925925925926,0.23811502659574468
ibm-granite/granite-3.0-2b-instruct,0.4584103512014787,0.4389862871029335,0.09214501510574018,0.29949664429530204,0.3505291005291005,0.2814162234042553
ibm-granite/granite-3.0-3b-a800m-base,0.21072088724584104,0.36521437250477345,0.04833836858006042,0.2516778523489933,0.3412698412698413,0.18907912234042554
ibm-granite/granite-3.0-3b-a800m-instruct,0.3752310536044362,0.3740670022565527,0.0702416918429003,0.28104026845637586,0.3478835978835979,0.21517619680851063
ibm-granite/granite-3.0-8b-base,0.4011090573012939,0.4922756465891338,0.10120845921450151,0.32550335570469796,0.4074074074074074,0.3312832446808511
ibm-granite/granite-3.0-8b-instruct,0.4731977818853974,0.5174448880402708,0.1419939577039275,0.33221476510067116,0.3888888888888889,0.34566156914893614
ibm-granite/granite-3.1-1b-a400m-base,0.18853974121996303,0.3268529769137303,0.027190332326283987,0.2516778523489933,0.3492063492063492,0.11394614361702128
ibm-granite/granite-3.1-1b-a400m-instruct,0.40850277264325324,0.3252907481340045,0.045317220543806644,0.23993288590604026,0.32936507936507936,0.12167553191489362
ibm-granite/granite-3.1-2b-base,0.2846580406654344,0.40392293004686686,0.05664652567975831,0.27768456375838924,0.3478835978835979,0.22506648936170212
ibm-granite/granite-3.1-2b-instruct,0.5748613678373382,0.43863912515188336,0.15256797583081572,0.28942953020134227,0.35978835978835977,0.28191489361702127
ibm-granite/granite-3.1-3b-a800m-base,0.23475046210720887,0.3601805242145461,0.045317220543806644,0.27768456375838924,0.32671957671957674,0.1792719414893617
ibm-granite/granite-3.1-3b-a800m-instruct,0.4953789279112754,0.3962853671237632,0.11404833836858005,0.28859060402684567,0.3478835978835979,0.21476063829787234
ibm-granite/granite-3.1-8b-base,0.3585951940850277,0.4740496441590002,0.09441087613293052,0.3213087248322148,0.3915343915343915,0.3232214095744681
ibm-granite/granite-3.1-8b-instruct,0.6765249537892791,0.5335879187641035,0.21978851963746224,0.31208053691275167,0.4695767195767196,0.3537234042553192
ibm-granite/granite-3.2-2b-instruct,0.5600739371534196,0.4363825724700573,0.14425981873111782,0.2902684563758389,0.3637566137566138,0.2783410904255319
ibm-granite/granite-3.2-8b-instruct,0.6839186691312384,0.5368859572990801,0.23791540785498488,0.31543624161073824,0.455026455026455,0.35123005319148937
ibm-granite/granite-7b-base,0.1866913123844732,0.345252560319389,0.015861027190332326,0.24580536912751677,0.3544973544973545,0.18342752659574468
ibm-granite/granite-7b-instruct,0.23475046210720887,0.3690331539663253,0.02039274924471299,0.28523489932885904,0.4007936507936508,0.2286402925531915
ibm/PowerLM-3b,0.266173752310536,0.3645200486026732,0.03625377643504532,0.2751677852348993,0.3558201058201058,0.20162898936170212
ibm/merlinite-7b,0.19038817005545286,0.49817739975698666,0.02416918429003021,0.29697986577181207,0.44047619047619047,0.3068484042553192
icefog72/Ice0.15-02.10-RP,0.4787430683918669,0.4954001041485853,0.05740181268882175,0.27768456375838924,0.4312169312169312,0.30659906914893614
icefog72/Ice0.16-02.10-RP,0.4454713493530499,0.4924492275646589,0.05891238670694864,0.27936241610738255,0.43253968253968256,0.3067652925531915
icefog72/Ice0.17-03.10-RP,0.4491682070240296,0.4986981426835619,0.06117824773413897,0.28187919463087246,0.43253968253968256,0.30851063829787234
icefog72/Ice0.27-06.11-RP,0.43807763401109057,0.5096337441416421,0.05664652567975831,0.31208053691275167,0.43253968253968256,0.3154089095744681
icefog72/Ice0.29-06.11-RP,0.43253234750462105,0.5068564485332407,0.05664652567975831,0.3028523489932886,0.44576719576719576,0.30925864361702127
icefog72/Ice0.31-08.11-RP,0.4584103512014787,0.5014754382919632,0.06117824773413897,0.30788590604026844,0.42724867724867727,0.3130817819148936
icefog72/Ice0.32-10.11-RP,0.4399260628465804,0.503037667071689,0.0513595166163142,0.31208053691275167,0.43783068783068785,0.3100066489361702
icefog72/Ice0.34b-14.11-RP,0.41404805914972276,0.5054678007290401,0.0649546827794562,0.30956375838926176,0.4417989417989418,0.3125
icefog72/Ice0.34n-14.11-RP,0.4177449168207024,0.5078979343863913,0.07250755287009064,0.313758389261745,0.43783068783068785,0.31241688829787234
icefog72/Ice0.37-18.11-RP,0.43807763401109057,0.507203610484291,0.06419939577039276,0.31208053691275167,0.43386243386243384,0.3143284574468085
icefog72/Ice0.38-19.11-RP,0.37707948243992606,0.5082450963374414,0.05513595166163142,0.30453020134228187,0.4365079365079365,0.31399601063829785
icefog72/Ice0.39-19.11-RP,0.4177449168207024,0.5077243534108662,0.04984894259818731,0.3104026845637584,0.43386243386243384,0.3126662234042553
icefog72/Ice0.40-20.11-RP,0.4177449168207024,0.5075507724353411,0.06419939577039276,0.3070469798657718,0.4444444444444444,0.30992353723404253
icefog72/Ice0.41-22.11-RP,0.40850277264325324,0.4705780246484985,0.030966767371601207,0.28691275167785235,0.455026455026455,0.26180186170212766
icefog72/Ice0.50-16.01-RP,0.3733826247689464,0.4962680090262107,0.04682779456193353,0.29949664429530204,0.43783068783068785,0.30693151595744683
icefog72/Ice0.50.1-16.01-RP,0.4214417744916821,0.509460163166117,0.06117824773413897,0.30956375838926176,0.43253968253968256,0.3132480053191489
icefog72/Ice0.51-16.01-RP,0.3789279112754159,0.5025169241451137,0.0513595166163142,0.30453020134228187,0.44312169312169314,0.30601728723404253
icefog72/Ice0.51.1-16.01-RP,0.39186691312384475,0.5105016490192675,0.06419939577039276,0.3062080536912752,0.43915343915343913,0.3104222074468085
icefog72/Ice0.52-16.01-RP,0.3826247689463956,0.5025169241451137,0.05060422960725076,0.3087248322147651,0.43915343915343913,0.3080119680851064
icefog72/Ice0.52.1-16.01-RP,0.39186691312384475,0.5089394202395418,0.06268882175226587,0.3036912751677852,0.43915343915343913,0.31050531914893614
icefog72/Ice0.53-16.01-RP,0.41589648798521256,0.5085922582884915,0.0634441087613293,0.3087248322147651,0.43253968253968256,0.31299867021276595
icefog72/Ice0.54-17.01-RP,0.3733826247689464,0.4829022739107794,0.04078549848942598,0.30956375838926176,0.48677248677248675,0.23262965425531915
icefog72/Ice0.55-17.01-RP,0.4417744916820702,0.5054678007290401,0.06042296072507553,0.28691275167785235,0.4722222222222222,0.2657912234042553
icefog72/Ice0.57-17.01-RP,0.4584103512014787,0.5044263148758896,0.0513595166163142,0.29697986577181207,0.46825396825396826,0.26512632978723405
icefog72/Ice0.60-18.01-RP,0.48613678373382624,0.5077243534108662,0.05362537764350453,0.30453020134228187,0.4669312169312169,0.28366023936170215
icefog72/Ice0.60.1-18.01-RP,0.4584103512014787,0.5099809060926922,0.04607250755287009,0.30201342281879195,0.4497354497354497,0.2913896276595745
icefog72/Ice0.61-18.01-RP,0.49353049907578556,0.5080715153619163,0.04682779456193353,0.2986577181208054,0.4695767195767196,0.27086103723404253
icefog72/Ice0.62-18.01-RP,0.4787430683918669,0.5084186773129665,0.05740181268882175,0.2978187919463087,0.4537037037037037,0.28773271276595747
icefog72/Ice0.62.1-24.01-RP,0.4584103512014787,0.5091130012150669,0.055891238670694864,0.30033557046979864,0.455026455026455,0.28706781914893614
icefog72/Ice0.64-24.01-RP,0.4898336414048059,0.5040791529248394,0.06268882175226587,0.3036912751677852,0.46164021164021163,0.29330119680851063
icefog72/Ice0.64.1-24.01-RP,0.4898336414048059,0.5040791529248394,0.06268882175226587,0.3036912751677852,0.46164021164021163,0.29330119680851063
icefog72/Ice0.65-25.01-RP,0.4399260628465804,0.5075507724353411,0.0649546827794562,0.30453020134228187,0.43386243386243384,0.29970079787234044
icefog72/Ice0.66-25.01-RP,0.47504621072088726,0.5111959729213679,0.06042296072507553,0.3070469798657718,0.44312169312169314,0.3039394946808511
icefog72/Ice0.67-25.01-RP,0.4787430683918669,0.509460163166117,0.07477341389728097,0.28523489932885904,0.42724867724867727,0.30967420212765956
icefog72/Ice0.68-25.01-RP,0.49722735674676527,0.5111959729213679,0.07250755287009064,0.3104026845637584,0.4444444444444444,0.3011968085106383
icefog72/Ice0.69-25.01-RP,0.4879852125693161,0.5080715153619163,0.05664652567975831,0.31291946308724833,0.44841269841269843,0.29654255319148937
icefog72/Ice0.7-29.09-RP,0.4584103512014787,0.5032112480472141,0.06646525679758308,0.287751677852349,0.42328042328042326,0.3126662234042553
icefog72/Ice0.70-25.01-RP,0.49168207024029575,0.5118902968234681,0.05966767371601209,0.30788590604026844,0.45105820105820105,0.2996176861702128
icefog72/Ice0.70.1-01.02-RP,0.4491682070240296,0.5042527339003645,0.033987915407854986,0.2978187919463087,0.458994708994709,0.2748503989361702
icefog72/Ice0.73-01.02-RP,0.4731977818853974,0.5084186773129665,0.03851963746223565,0.2911073825503356,0.4656084656084656,0.27019614361702127
icefog72/Ice0.74-02.02-RP,0.22735674676524953,0.46311404270092,0.0015105740181268882,0.2961409395973154,0.42724867724867727,0.21434507978723405
icefog72/Ice0.76-02.02-RP,0.3974121996303142,0.5061621246311404,0.014350453172205438,0.28691275167785235,0.4351851851851852,0.2652094414893617
icefog72/Ice0.77-02.02-RP,0.4731977818853974,0.5091130012150669,0.03927492447129909,0.28523489932885904,0.47619047619047616,0.29986702127659576
icefog72/Ice0.78-02.02-RP,0.3345656192236599,0.4978302378059365,0.04380664652567976,0.2936241610738255,0.46825396825396826,0.2954621010638298
icefog72/Ice0.80-03.02-RP,0.4953789279112754,0.5077243534108662,0.055891238670694864,0.2785234899328859,0.49206349206349204,0.2912234042553192
icefog72/IceCocoaRP-7b,0.43253234750462105,0.49192848463808364,0.05740181268882175,0.2953020134228188,0.4193121693121693,0.3098404255319149
icefog72/IceCoffeeRP-7b,0.43068391866913125,0.4867210553723312,0.054380664652567974,0.28523489932885904,0.41534391534391535,0.2974567819148936
icefog72/IceDrinkByFrankensteinV3RP,0.43622920517560076,0.4816872070821038,0.05060422960725076,0.26174496644295303,0.4246031746031746,0.292719414893617
icefog72/IceDrinkNameGoesHereRP-7b-Model_Stock,0.43253234750462105,0.46311404270092,0.04078549848942598,0.2684563758389262,0.4060846560846561,0.2816655585106383
icefog72/IceDrinkNameNotFoundRP-7b-Model_Stock,0.45286506469500926,0.5007811143898628,0.06042296072507553,0.27768456375838924,0.4365079365079365,0.3064328457446808
icefog72/IceDrunkCherryRP-7b,0.4232902033271719,0.4829022739107794,0.06117824773413897,0.27684563758389263,0.42857142857142855,0.3009474734042553
icefog72/IceDrunkenCherryRP-7b,0.4177449168207024,0.5075507724353411,0.06419939577039276,0.3070469798657718,0.4444444444444444,0.30992353723404253
icefog72/IceEspressoRPv2-7b,0.43068391866913125,0.5039055719493144,0.061933534743202415,0.28942953020134227,0.43253968253968256,0.3061003989361702
icefog72/IceLemonTeaRP-32k-7b,0.46210720887245843,0.4983509807325117,0.054380664652567974,0.2902684563758389,0.42857142857142855,0.3067652925531915
icefog72/IceMartiniRP-7b,0.4417744916820702,0.4952265231730602,0.06646525679758308,0.27936241610738255,0.43386243386243384,0.3073470744680851
icefog72/IceNalyvkaRP-7b,0.49168207024029575,0.5118902968234681,0.05966767371601209,0.30788590604026844,0.45105820105820105,0.2996176861702128
icefog72/IceSakeRP-7b,0.4676524953789279,0.5101544870682173,0.0634441087613293,0.28523489932885904,0.4126984126984127,0.3176529255319149
icefog72/IceSakeV4RP-7b,0.39926062846580407,0.4907134178094081,0.055891238670694864,0.29446308724832215,0.4074074074074074,0.31025598404255317
icefog72/IceSakeV6RP-7b,0.4417744916820702,0.4955736851241104,0.061933534743202415,0.2911073825503356,0.4193121693121693,0.3093417553191489
icefog72/IceSakeV8RP-7b,0.5600739371534196,0.486373893421281,0.05966767371601209,0.276006711409396,0.39814814814814814,0.301030585106383
icefog72/IceTea21EnergyDrinkRPV13-DPOv3.5,0.4214417744916821,0.43759763929873285,0.03625377643504532,0.28439597315436244,0.3955026455026455,0.24983377659574468
icefog72/IceTea21EnergyDrinkRPV13-DPOv3,0.46395563770794823,0.5000867904877625,0.0581570996978852,0.2835570469798658,0.4365079365079365,0.30560172872340424
ifable/gemma-2-Ifable-9B,0.27911275415896486,0.5863565353237286,0.13972809667673716,0.3414429530201342,0.40476190476190477,0.4226230053191489
ilsp/Llama-Krikri-8B-Instruct,0.5526802218114603,0.5037319909737893,0.11782477341389729,0.3028523489932886,0.4074074074074074,0.3312832446808511
inflatebot/MN-12B-Mag-Mell-R1,0.3974121996303142,0.5276861655962507,0.1299093655589124,0.3162751677852349,0.3994708994708995,0.34383311170212766
informatiker/Qwen2-7B-Instruct-abliterated,0.5360443622920518,0.5500781114389863,0.263595166163142,0.3011744966442953,0.38756613756613756,0.3873005319148936
insightfactory/Llama-3.2-3B-Instruct-unsloth-bnb-4bitlora_model,0.39371534195933455,0.41294914077417116,0.10498489425981873,0.27181208053691275,0.3492063492063492,0.2960438829787234
instruction-pretrain/InstructLM-500M,0.06284658040665435,0.2912688769310883,0.0,0.25671140939597314,0.35185185185185186,0.1141123670212766
internlm/internlm2-1_8b,0.1589648798521257,0.3877798993230342,0.021148036253776436,0.2483221476510067,0.38095238095238093,0.15882646276595744
internlm/internlm2-7b,0.18,0.5825,0.08571428571428572,0.33666666666666667,0.44,0.19
internlm/internlm2-chat-1_8b,0.18114602587800369,0.44454087831973615,0.0324773413897281,0.26593959731543626,0.36243386243386244,0.18392619680851063
internlm/internlm2_5-1_8b-chat,0.3345656192236599,0.4488804027078632,0.15861027190332327,0.2902684563758389,0.3584656084656085,0.12990359042553193
internlm/internlm2_5-20b-chat,0.6561922365988909,0.7465717757333796,0.4078549848942598,0.3213087248322148,0.455026455026455,0.39976728723404253
internlm/internlm2_5-7b-chat,0.5046210720887245,0.7089047040444367,0.25302114803625375,0.34731543624161076,0.458994708994709,0.3776595744680851
intervitens/mini-magnum-12b-v1.1,0.46395563770794823,0.50512063877799,0.061933534743202415,0.28859060402684567,0.3994708994708995,0.3291223404255319
inumulaisk/eval_model,0.14048059149722736,0.34889776080541574,0.297583081570997,0.27936241610738255,0.35714285714285715,0.16638962765957446
invalid-coder/Sakura-SOLAR-Instruct-CarbonVillain-en-10.7B-v2-slerp,0.38817005545286504,0.5139732685297691,0.04909365558912387,0.3053691275167785,0.39814814814814814,0.3145777925531915
invisietch/EtherealRainbow-v0.2-8B,0.3142329020332717,0.507377191459816,0.0823262839879154,0.3028523489932886,0.38227513227513227,0.36527593085106386
invisietch/EtherealRainbow-v0.3-8B,0.2975970425138632,0.507203610484291,0.07628398791540786,0.30453020134228187,0.39021164021164023,0.36261635638297873
invisietch/MiS-Firefly-v0.2-22B,0.48428835489833644,0.5492102065613609,0.16540785498489427,0.30453020134228187,0.46825396825396826,0.3620345744680851
invisietch/Nimbus-Miqu-v0.1-70B,0.4029574861367837,0.6011109182433605,0.06042296072507553,0.3389261744966443,0.4126984126984127,0.3853058510638298
irahulpandey/mistralai-7B-slerp-v0.1,0.43807763401109057,0.5000867904877625,0.0513595166163142,0.3036912751677852,0.455026455026455,0.2951296542553192
jaredjoss/pythia-410m-roberta-lr_8e7-kl_01-steps_12000-rlhf-model,0.09981515711645102,0.28258982815483424,0.0,0.25922818791946306,0.35978835978835977,0.11685505319148937
jaspionjader/Auro-Kosmos-EVAA-v2-8B,0.39926062846580407,0.5436556153445582,0.14123867069486404,0.31543624161073824,0.4246031746031746,0.38580452127659576
jaspionjader/Auro-Kosmos-EVAA-v2.1-8B,0.3900184842883549,0.543134872417983,0.14577039274924472,0.3087248322147651,0.4312169312169312,0.382563164893617
jaspionjader/Auro-Kosmos-EVAA-v2.2-8B,0.3512014787430684,0.5415726436382573,0.14123867069486404,0.3104026845637584,0.4246031746031746,0.37982047872340424
jaspionjader/Auro-Kosmos-EVAA-v2.3-8B,0.35304990757855825,0.5427877104669329,0.13444108761329304,0.31208053691275167,0.42724867724867727,0.37840757978723405
jaspionjader/Kosmos-Aurora_faustus-8B,0.36968576709796674,0.5240409651102239,0.11253776435045318,0.2953020134228188,0.4113756613756614,0.38131648936170215
jaspionjader/Kosmos-EVAA-8B,0.36414048059149723,0.5294219753515015,0.11782477341389729,0.29949664429530204,0.42328042328042326,0.3818151595744681
jaspionjader/Kosmos-EVAA-Franken-Immersive-v39-8B,0.3659889094269871,0.5174448880402708,0.12915407854984895,0.31543624161073824,0.42328042328042326,0.3900432180851064
jaspionjader/Kosmos-EVAA-Franken-v38-8B,0.3567467652495379,0.5214372504773477,0.12915407854984895,0.3087248322147651,0.42063492063492064,0.3890458776595745
jaspionjader/Kosmos-EVAA-Fusion-8B,0.36414048059149723,0.5403575768095816,0.12915407854984895,0.3087248322147651,0.42724867724867727,0.38538896276595747
jaspionjader/Kosmos-EVAA-PRP-8B,0.266173752310536,0.5167505641381704,0.08836858006042296,0.31291946308724833,0.4298941798941799,0.3646941489361702
jaspionjader/Kosmos-EVAA-PRP-light-8B,0.3031423290203327,0.5250824509633745,0.11027190332326284,0.31208053691275167,0.4246031746031746,0.3781582446808511
jaspionjader/Kosmos-EVAA-PRP-v23-8B,0.3345656192236599,0.5271654226696754,0.11555891238670694,0.3087248322147651,0.4365079365079365,0.37059507978723405
jaspionjader/Kosmos-EVAA-PRP-v24-8B,0.34935304990757854,0.5256031938899497,0.11027190332326284,0.3104026845637584,0.42857142857142855,0.3779089095744681
jaspionjader/Kosmos-EVAA-PRP-v25-8B,0.3733826247689464,0.5275125846207256,0.11858006042296072,0.3179530201342282,0.4298941798941799,0.37159242021276595
jaspionjader/Kosmos-EVAA-PRP-v26-8B,0.3659889094269871,0.5252560319388995,0.11329305135951662,0.30453020134228187,0.42592592592592593,0.3793218085106383
jaspionjader/Kosmos-EVAA-PRP-v27-8B,0.36968576709796674,0.5273390036452005,0.11933534743202417,0.3087248322147651,0.43386243386243384,0.37549867021276595
jaspionjader/Kosmos-EVAA-PRP-v28-8B,0.3659889094269871,0.5276861655962507,0.11706948640483383,0.3070469798657718,0.43253968253968256,0.375
jaspionjader/Kosmos-EVAA-PRP-v29-8B,0.37707948243992606,0.5259503558409998,0.12009063444108761,0.3104026845637584,0.42328042328042326,0.37649601063829785
jaspionjader/Kosmos-EVAA-PRP-v30-8B,0.34935304990757854,0.5313313660822774,0.11782477341389729,0.30453020134228187,0.42592592592592593,0.3937832446808511
jaspionjader/Kosmos-EVAA-PRP-v31-8B,0.36414048059149723,0.5299427182780767,0.11329305135951662,0.313758389261745,0.4246031746031746,0.39345079787234044
jaspionjader/Kosmos-EVAA-PRP-v32-8B,0.37707948243992606,0.5276861655962507,0.1148036253776435,0.3162751677852349,0.42063492063492064,0.3776595744680851
jaspionjader/Kosmos-EVAA-PRP-v33-8B,0.3567467652495379,0.530637042180177,0.11782477341389729,0.31291946308724833,0.41798941798941797,0.390874335106383
jaspionjader/Kosmos-EVAA-PRP-v34-8B,0.3789279112754159,0.5316785280333276,0.11253776435045318,0.311241610738255,0.42328042328042326,0.3927027925531915
jaspionjader/Kosmos-EVAA-TSN-8B,0.4011090573012939,0.5150147543829197,0.13444108761329304,0.3028523489932886,0.43253968253968256,0.3816489361702128
jaspionjader/Kosmos-EVAA-TSN-light-8B,0.3974121996303142,0.5212636695018226,0.1216012084592145,0.30453020134228187,0.42857142857142855,0.38056848404255317
jaspionjader/Kosmos-EVAA-TSN-v19-8B,0.38632162661737524,0.5299427182780767,0.11555891238670694,0.3053691275167785,0.42724867724867727,0.37898936170212766
jaspionjader/Kosmos-EVAA-TSN-v20-8B,0.3678373382624769,0.5229994792570735,0.12462235649546828,0.313758389261745,0.42063492063492064,0.39361702127659576
jaspionjader/Kosmos-EVAA-TSN-v21-8B,0.39926062846580407,0.5229994792570735,0.11933534743202417,0.31208053691275167,0.43386243386243384,0.3816489361702128
jaspionjader/Kosmos-EVAA-TSN-v22-8B,0.4011090573012939,0.5228258982815484,0.11329305135951662,0.3070469798657718,0.4298941798941799,0.38115026595744683
jaspionjader/Kosmos-EVAA-gamma-8B,0.3844731977818854,0.5308106231557022,0.10498489425981873,0.3187919463087248,0.4298941798941799,0.39012632978723405
jaspionjader/Kosmos-EVAA-gamma-alt-8B,0.3844731977818854,0.528380489498351,0.1095166163141994,0.32466442953020136,0.42857142857142855,0.3896276595744681
jaspionjader/Kosmos-EVAA-gamma-light-8B,0.3826247689463956,0.5361916333969797,0.11027190332326284,0.3162751677852349,0.42857142857142855,0.394281914893617
jaspionjader/Kosmos-EVAA-gamma-light-alt-8B,0.37153419593345655,0.5313313660822774,0.11329305135951662,0.313758389261745,0.4298941798941799,0.39228723404255317
jaspionjader/Kosmos-EVAA-gamma-ultra-light-8B,0.3826247689463956,0.5302898802291269,0.11782477341389729,0.3162751677852349,0.4193121693121693,0.3914561170212766
jaspionjader/Kosmos-EVAA-gamma-v13-8B,0.36414048059149723,0.534629404617254,0.11178247734138973,0.313758389261745,0.42724867724867727,0.3929521276595745
jaspionjader/Kosmos-EVAA-gamma-v14-8B,0.36044362292051757,0.5348029855927791,0.11027190332326284,0.31291946308724833,0.42724867724867727,0.3931183510638298
jaspionjader/Kosmos-EVAA-gamma-v15-8B,0.39371534195933455,0.5328935948620032,0.11102719033232629,0.311241610738255,0.42724867724867727,0.3941156914893617
jaspionjader/Kosmos-EVAA-gamma-v16-8B,0.3789279112754159,0.5330671758375282,0.11706948640483383,0.31543624161073824,0.42592592592592593,0.39170545212765956
jaspionjader/Kosmos-EVAA-gamma-v17-8B,0.36968576709796674,0.5332407568130533,0.11102719033232629,0.311241610738255,0.42857142857142855,0.39228723404255317
jaspionjader/Kosmos-EVAA-gamma-v18-8B,0.3585951940850277,0.532720013886478,0.11102719033232629,0.311241610738255,0.4312169312169312,0.3904587765957447
jaspionjader/Kosmos-EVAA-immersive-sof-v44-8B,0.3659889094269871,0.5197014407220969,0.11858006042296072,0.30956375838926176,0.414021164021164,0.3887965425531915
jaspionjader/Kosmos-EVAA-v10-8B,0.34750462107208874,0.5354973094948794,0.12462235649546828,0.29949664429530204,0.421957671957672,0.38314494680851063
jaspionjader/Kosmos-EVAA-v11-8B,0.36968576709796674,0.5337614997396285,0.13217522658610273,0.31543624161073824,0.41798941798941797,0.3835605053191489
jaspionjader/Kosmos-EVAA-v12-8B,0.3659889094269871,0.532720013886478,0.13670694864048338,0.30956375838926176,0.42063492063492064,0.3835605053191489
jaspionjader/Kosmos-EVAA-v2-8B,0.3659889094269871,0.5321992709599028,0.13217522658610273,0.2978187919463087,0.42063492063492064,0.3826462765957447
jaspionjader/Kosmos-EVAA-v3-8B,0.36414048059149723,0.5308106231557022,0.13293051359516617,0.3053691275167785,0.421957671957672,0.38214760638297873
jaspionjader/Kosmos-EVAA-v4-8B,0.35304990757855825,0.5316785280333276,0.12537764350453173,0.30033557046979864,0.4193121693121693,0.38173204787234044
jaspionjader/Kosmos-EVAA-v5-8B,0.37153419593345655,0.5325464329109529,0.12613293051359517,0.3036912751677852,0.421957671957672,0.3820644946808511
jaspionjader/Kosmos-EVAA-v6-8B,0.3659889094269871,0.5358444714459295,0.12915407854984895,0.30201342281879195,0.41798941798941797,0.3820644946808511
jaspionjader/Kosmos-EVAA-v7-8B,0.34935304990757854,0.5311577851067523,0.1336858006042296,0.3053691275167785,0.4166666666666667,0.3835605053191489
jaspionjader/Kosmos-EVAA-v8-8B,0.36229205175600737,0.5337614997396285,0.13066465256797583,0.3036912751677852,0.42063492063492064,0.38272938829787234
jaspionjader/Kosmos-EVAA-v9-8B,0.36414048059149723,0.5341086616906787,0.12764350453172205,0.3062080536912752,0.41798941798941797,0.3819813829787234
jaspionjader/Kosmos-EVAA-v9-TitanFusion-Mix-8B,0.3567467652495379,0.5525082450963374,0.1148036253776435,0.287751677852349,0.4351851851851852,0.3836436170212766
jaspionjader/Kosmos-Elusive-8b,0.34935304990757854,0.5320256899843777,0.12613293051359517,0.30788590604026844,0.4074074074074074,0.3759973404255319
jaspionjader/Kosmos-Elusive-VENN-8B,0.35489833641404805,0.5337614997396285,0.12462235649546828,0.29949664429530204,0.41534391534391535,0.3797373670212766
jaspionjader/Kosmos-Elusive-VENN-Asymmetric-8B,0.3807763401109057,0.5289012324249263,0.13444108761329304,0.29446308724832215,0.4246031746031746,0.3842253989361702
jaspionjader/Kosmos-Elusive-VENN-Aurora_faustus-8B,0.36229205175600737,0.528380489498351,0.11253776435045318,0.2953020134228188,0.4166666666666667,0.3794880319148936
jaspionjader/Kosmos-VENN-8B,0.36044362292051757,0.5297691373025516,0.14123867069486404,0.29278523489932884,0.42063492063492064,0.3800698138297872
jaspionjader/PRP-Kosmos-EVAA-8B,0.28650646950092423,0.5203957646241972,0.09592145015105741,0.30956375838926176,0.4246031746031746,0.3765791223404255
jaspionjader/PRP-Kosmos-EVAA-light-8B,0.3678373382624769,0.5256031938899497,0.11027190332326284,0.3221476510067114,0.42328042328042326,0.3631150265957447
jaspionjader/TSN-Kosmos-EVAA-8B,0.41589648798521256,0.5328935948620032,0.14501510574018128,0.32046979865771813,0.4166666666666667,0.383061835106383
jaspionjader/TSN-Kosmos-EVAA-v2-8B,0.3974121996303142,0.5320256899843777,0.10800604229607251,0.3221476510067114,0.41798941798941797,0.3762466755319149
jaspionjader/bbb-1,0.41404805914972276,0.5353237285193543,0.13670694864048338,0.313758389261745,0.4166666666666667,0.38971077127659576
jaspionjader/bbb-2,0.33826247689463956,0.5044263148758896,0.11253776435045318,0.30201342281879195,0.414021164021164,0.363530585106383
jaspionjader/bbb-3,0.3456561922365989,0.5137996875542441,0.1404833836858006,0.311241610738255,0.42592592592592593,0.38563829787234044
jaspionjader/bbb-4,0.41035120147874304,0.5191806977955216,0.12764350453172205,0.2978187919463087,0.4087301587301587,0.3773271276595745
jaspionjader/bbb-5,0.3974121996303142,0.5190071168199966,0.13972809667673716,0.30453020134228187,0.3994708994708995,0.3833942819148936
jaspionjader/bbb-6,0.4195933456561922,0.5195278597465718,0.13897280966767372,0.3104026845637584,0.40476190476190477,0.3871343085106383
jaspionjader/bbb-7,0.41404805914972276,0.5190071168199966,0.13670694864048338,0.3104026845637584,0.40343915343915343,0.3859707446808511
jaspionjader/bh-1,0.36044362292051757,0.5879187641034542,0.05362537764350453,0.29446308724832215,0.44312169312169314,0.3449135638297872
jaspionjader/bh-10,0.39371534195933455,0.585141468495053,0.11027190332326284,0.30033557046979864,0.4193121693121693,0.37076130319148937
jaspionjader/bh-11,0.38632162661737524,0.5844471445929527,0.11782477341389729,0.3070469798657718,0.414021164021164,0.3738364361702128
jaspionjader/bh-12,0.4048059149722736,0.5790661343516751,0.11858006042296072,0.30033557046979864,0.414021164021164,0.37367021276595747
jaspionjader/bh-13,0.4048059149722736,0.576809581669849,0.11253776435045318,0.3070469798657718,0.41534391534391535,0.37300531914893614
jaspionjader/bh-15,0.4011090573012939,0.5808019441069259,0.12462235649546828,0.2986577181208054,0.41005291005291006,0.37666223404255317
jaspionjader/bh-16,0.4029574861367837,0.5773303245964242,0.11933534743202417,0.3028523489932886,0.41534391534391535,0.37757646276595747
jaspionjader/bh-17,0.4048059149722736,0.5764624197187989,0.11329305135951662,0.2978187919463087,0.41534391534391535,0.37566489361702127
jaspionjader/bh-18,0.4029574861367837,0.5811491060579761,0.11858006042296072,0.30033557046979864,0.41798941798941797,0.37566489361702127
jaspionjader/bh-19,0.3844731977818854,0.5752473528901233,0.11933534743202417,0.29697986577181207,0.4166666666666667,0.3774933510638298
jaspionjader/bh-2,0.39186691312384475,0.5932997743447318,0.1027190332326284,0.3011744966442953,0.41798941798941797,0.3695146276595745
jaspionjader/bh-20,0.4011090573012939,0.5735115431348724,0.12009063444108761,0.287751677852349,0.41005291005291006,0.3768284574468085
jaspionjader/bh-21,0.39926062846580407,0.572470057281722,0.1216012084592145,0.2978187919463087,0.41534391534391535,0.37757646276595747
jaspionjader/bh-22,0.3900184842883549,0.5781982294740496,0.11858006042296072,0.2961409395973154,0.4166666666666667,0.3764128989361702
jaspionjader/bh-23,0.3955637707948244,0.568477694844645,0.12009063444108761,0.29446308724832215,0.4193121693121693,0.37957114361702127
jaspionjader/bh-24,0.4011090573012939,0.570387085575421,0.1268882175226586,0.2961409395973154,0.41534391534391535,0.38090093085106386
jaspionjader/bh-25,0.4048059149722736,0.5691720187467454,0.11329305135951662,0.2911073825503356,0.4113756613756614,0.37824135638297873
jaspionjader/bh-26,0.3974121996303142,0.5719493143551466,0.1163141993957704,0.29949664429530204,0.42724867724867727,0.3771609042553192
jaspionjader/bh-27,0.4121996303142329,0.5698663426488457,0.12764350453172205,0.2961409395973154,0.4087301587301587,0.3799035904255319
jaspionjader/bh-28,0.4066543438077634,0.56865127582017,0.12311178247734139,0.2986577181208054,0.4126984126984127,0.3812333776595745
jaspionjader/bh-29,0.39926062846580407,0.5657003992362437,0.12084592145015106,0.2953020134228188,0.42328042328042326,0.38189827127659576
jaspionjader/bh-3,0.3955637707948244,0.5886130880055546,0.1148036253776435,0.30201342281879195,0.4166666666666667,0.37017952127659576
jaspionjader/bh-30,0.39371534195933455,0.5689984377712203,0.12311178247734139,0.29278523489932884,0.414021164021164,0.3781582446808511
jaspionjader/bh-31,0.4011090573012939,0.5650060753341434,0.1283987915407855,0.2936241610738255,0.41005291005291006,0.3819813829787234
jaspionjader/bh-32,0.3900184842883549,0.5644853324075682,0.12462235649546828,0.29697986577181207,0.41534391534391535,0.3812333776595745
jaspionjader/bh-33,0.4011090573012939,0.5637910085054678,0.11782477341389729,0.2961409395973154,0.41534391534391535,0.38081781914893614
jaspionjader/bh-34,0.3900184842883549,0.5667418850893942,0.12084592145015106,0.29194630872483224,0.41798941798941797,0.38040226063829785
jaspionjader/bh-35,0.4011090573012939,0.5625759416767923,0.12462235649546828,0.2953020134228188,0.41798941798941797,0.3829787234042553
jaspionjader/bh-36,0.3900184842883549,0.5646589133830933,0.12386706948640483,0.30201342281879195,0.4193121693121693,0.383061835106383
jaspionjader/bh-37,0.4195933456561922,0.5613608748481167,0.1216012084592145,0.29446308724832215,0.41534391534391535,0.3828125
jaspionjader/bh-38,0.3900184842883549,0.564311751432043,0.12386706948640483,0.2978187919463087,0.4113756613756614,0.3810671542553192
jaspionjader/bh-39,0.3900184842883549,0.5620551987502169,0.12537764350453173,0.30033557046979864,0.42592592592592593,0.38314494680851063
jaspionjader/bh-4,0.3974121996303142,0.5891338309321298,0.1095166163141994,0.2961409395973154,0.4166666666666667,0.3705119680851064
jaspionjader/bh-40,0.3807763401109057,0.562228779725742,0.12462235649546828,0.2986577181208054,0.42328042328042326,0.38347739361702127
jaspionjader/bh-41,0.4048059149722736,0.5597986460683909,0.12537764350453173,0.29278523489932884,0.41798941798941797,0.38248005319148937
jaspionjader/bh-42,0.39371534195933455,0.5634438465544176,0.1268882175226586,0.2961409395973154,0.42063492063492064,0.3812333776595745
jaspionjader/bh-43,0.3900184842883549,0.562228779725742,0.12386706948640483,0.29446308724832215,0.41534391534391535,0.3819813829787234
jaspionjader/bh-44,0.39926062846580407,0.5627495226523173,0.1216012084592145,0.2961409395973154,0.4246031746031746,0.3833942819148936
jaspionjader/bh-46,0.4011090573012939,0.5618816177746919,0.12764350453172205,0.2961409395973154,0.42592592592592593,0.3822307180851064
jaspionjader/bh-47,0.3955637707948244,0.5532025689984378,0.12764350453172205,0.29446308724832215,0.41534391534391535,0.3854720744680851
jaspionjader/bh-48,0.39926062846580407,0.5528554070473876,0.12537764350453173,0.29446308724832215,0.42063492063492064,0.3859707446808511
jaspionjader/bh-49,0.4029574861367837,0.5525082450963374,0.12009063444108761,0.29446308724832215,0.4126984126984127,0.38081781914893614
jaspionjader/bh-5,0.3955637707948244,0.5879187641034542,0.10574018126888217,0.29949664429530204,0.41798941798941797,0.37017952127659576
jaspionjader/bh-50,0.4029574861367837,0.553723311925013,0.12084592145015106,0.2936241610738255,0.4166666666666667,0.3842253989361702
jaspionjader/bh-51,0.39371534195933455,0.5538968929005381,0.12386706948640483,0.29278523489932884,0.4166666666666667,0.38314494680851063
jaspionjader/bh-52,0.3844731977818854,0.543134872417983,0.12009063444108761,0.29194630872483224,0.4166666666666667,0.38430851063829785
jaspionjader/bh-53,0.41035120147874304,0.5479951397326853,0.1268882175226586,0.29865771812080544,0.4193121693121693,0.38580452127659576
jaspionjader/bh-54,0.4177449168207024,0.5532025689984378,0.12915407854984895,0.29446308724832215,0.41534391534391535,0.38248005319148937
jaspionjader/bh-55,0.4011090573012939,0.553723311925013,0.1283987915407855,0.3062080536912752,0.421957671957672,0.3846409574468085
jaspionjader/bh-56,0.3900184842883549,0.5427877104669329,0.12311178247734139,0.30033557046979864,0.4113756613756614,0.3843916223404255
jaspionjader/bh-57,0.3678373382624769,0.540878319736157,0.12613293051359517,0.3036912751677852,0.42063492063492064,0.3896276595744681
jaspionjader/bh-58,0.39371534195933455,0.5429612914424579,0.13217522658610273,0.3062080536912752,0.41798941798941797,0.3896276595744681
jaspionjader/bh-59,0.36229205175600737,0.5497309494879361,0.1540785498489426,0.31543624161073824,0.4166666666666667,0.3838098404255319
jaspionjader/bh-6,0.38817005545286504,0.5886130880055546,0.10876132930513595,0.29949664429530204,0.4193121693121693,0.36976396276595747
jaspionjader/bh-60,0.3438077634011091,0.5354973094948794,0.1578549848942598,0.32550335570469796,0.42857142857142855,0.3689328457446808
jaspionjader/bh-61,0.34935304990757854,0.5261239368165249,0.17069486404833836,0.3187919463087248,0.4351851851851852,0.3679355053191489
jaspionjader/bh-62,0.3419593345656192,0.5370595382746051,0.1623867069486405,0.32046979865771813,0.42857142857142855,0.3719248670212766
jaspionjader/bh-63,0.3567467652495379,0.49123416073598336,0.11102719033232629,0.3028523489932886,0.4312169312169312,0.3248005319148936
jaspionjader/bh-64,0.3364140480591497,0.5351501475438292,0.15483383685800603,0.3213087248322148,0.4351851851851852,0.3692652925531915
jaspionjader/bh-7,0.3900184842883549,0.5854886304461031,0.11404833836858005,0.3036912751677852,0.4113756613756614,0.3715093085106383
jaspionjader/bh-8,0.38817005545286504,0.58948099288318,0.11782477341389729,0.3011744966442953,0.42592592592592593,0.37200797872340424
jaspionjader/bh-9,0.3789279112754159,0.5844471445929527,0.11555891238670694,0.30201342281879195,0.414021164021164,0.3702626329787234
jaspionjader/dp-6-8b,0.4048059149722736,0.5282069085228259,0.13293051359516617,0.30788590604026844,0.44312169312169314,0.38971077127659576
jaspionjader/dp-7-8b,0.36968576709796674,0.5273390036452005,0.12613293051359517,0.3062080536912752,0.44047619047619047,0.3933676861702128
jaspionjader/ek-6,0.39371534195933455,0.520048602673147,0.13217522658610273,0.3087248322147651,0.414021164021164,0.3861369680851064
jaspionjader/ek-7,0.4066543438077634,0.5176184690157959,0.13293051359516617,0.3162751677852349,0.4166666666666667,0.38871343085106386
jaspionjader/f-1-8b,0.4269870609981516,0.5113695538968929,0.1283987915407855,0.3087248322147651,0.4523809523809524,0.39070811170212766
jaspionjader/f-2-8b,0.4048059149722736,0.5278597465717757,0.11706948640483383,0.29949664429530204,0.4497354497354497,0.39619348404255317
jaspionjader/f-3-8b,0.4066543438077634,0.5256031938899497,0.1216012084592145,0.313758389261745,0.4417989417989418,0.39544547872340424
jaspionjader/f-4-8b,0.4066543438077634,0.5271654226696754,0.1148036253776435,0.3087248322147651,0.45105820105820105,0.39561170212765956
jaspionjader/f-5-8b,0.4343807763401109,0.5294219753515015,0.12386706948640483,0.3087248322147651,0.44576719576719576,0.39486369680851063
jaspionjader/f-6-8b,0.41404805914972276,0.522131574379448,0.11933534743202417,0.30788590604026844,0.4470899470899471,0.3939494680851064
jaspionjader/f-7-8b,0.36968576709796674,0.5257767748654747,0.12386706948640483,0.31291946308724833,0.4312169312169312,0.39361702127659576
jaspionjader/f-8-8b,0.4011090573012939,0.524214546085749,0.12235649546827794,0.30956375838926176,0.4351851851851852,0.39403257978723405
jaspionjader/f-9-8b,0.3807763401109057,0.5271654226696754,0.1299093655589124,0.3062080536912752,0.44576719576719576,0.3943650265957447
jaspionjader/fct-14-8b,0.34011090573012936,0.5190071168199966,0.12009063444108761,0.3162751677852349,0.41798941798941797,0.3875498670212766
jaspionjader/fct-9-8b,0.3659889094269871,0.5193542787710467,0.11933534743202417,0.30788590604026844,0.42857142857142855,0.39320146276595747
jaspionjader/fr-1-8b,0.34935304990757854,0.5129317826766187,0.11178247734138973,0.3053691275167785,0.42724867724867727,0.36103723404255317
jaspionjader/fr-10-8b,0.3659889094269871,0.5191806977955216,0.12235649546827794,0.31711409395973156,0.4113756613756614,0.3863031914893617
jaspionjader/fr-3-8b,0.3567467652495379,0.5236938031591738,0.11329305135951662,0.3053691275167785,0.4193121693121693,0.3863031914893617
jaspionjader/gamma-Kosmos-EVAA-8B,0.3512014787430684,0.5235202221836487,0.08987915407854985,0.313758389261745,0.44047619047619047,0.37757646276595747
jaspionjader/gamma-Kosmos-EVAA-v2-8B,0.35489833641404805,0.5247352890123242,0.10574018126888217,0.32046979865771813,0.43386243386243384,0.3755817819148936
jaspionjader/gamma-Kosmos-EVAA-v3-8B,0.36414048059149723,0.5257767748654747,0.11102719033232629,0.31291946308724833,0.42592592592592593,0.3897938829787234
jaspionjader/knf-2-8b,0.3512014787430684,0.5181392119423711,0.12009063444108761,0.3104026845637584,0.41798941798941797,0.3874667553191489
jaspionjader/knfp-2-8b,0.46950092421441775,0.528380489498351,0.14274924471299094,0.29278523489932884,0.41798941798941797,0.37258976063829785
jaspionjader/knfp-3-8b,0.4195933456561922,0.517965630966846,0.12235649546827794,0.3070469798657718,0.4166666666666667,0.3881316489361702
jaspionjader/kstc-1-8b,0.3974121996303142,0.5193542787710467,0.11706948640483383,0.31711409395973156,0.41534391534391535,0.3892121010638298
jaspionjader/kstc-11-8b,0.4011090573012939,0.5169241451136956,0.12009063444108761,0.3028523489932886,0.4113756613756614,0.3878823138297872
jaspionjader/kstc-4-8b,0.4048059149722736,0.5193542787710467,0.12386706948640483,0.3036912751677852,0.4113756613756614,0.3868849734042553
jaspionjader/kstc-5-8b,0.3974121996303142,0.5193542787710467,0.1299093655589124,0.31543624161073824,0.421957671957672,0.3892121010638298
jaspionjader/kstc-6-8b,0.4288354898336414,0.5210900885262976,0.12462235649546828,0.29949664429530204,0.41005291005291006,0.3857214095744681
jaspionjader/kstc-8-8b,0.4195933456561922,0.5219579934039229,0.13066465256797583,0.3053691275167785,0.42063492063492064,0.3888796542553192
jaspionjader/kstc-9-8b,0.4121996303142329,0.5217844124283978,0.13595166163141995,0.3011744966442953,0.4113756613756614,0.38721742021276595
jaspionjader/slu-10,0.3659889094269871,0.5075507724353411,0.09743202416918428,0.313758389261745,0.3915343915343915,0.3663563829787234
jaspionjader/slu-11,0.3049907578558225,0.4858531504947058,0.055891238670694864,0.3036912751677852,0.3915343915343915,0.33818151595744683
jaspionjader/slu-13,0.36968576709796674,0.5075507724353411,0.08081570996978851,0.30788590604026844,0.38095238095238093,0.35804521276595747
jaspionjader/slu-14,0.3345656192236599,0.5065092865821906,0.09743202416918428,0.30788590604026844,0.3955026455026455,0.3626994680851064
jaspionjader/slu-17,0.34935304990757854,0.5042527339003645,0.08534743202416918,0.3087248322147651,0.37566137566137564,0.3618683510638298
jaspionjader/slu-2,0.32717190388170053,0.4985245617080368,0.0634441087613293,0.2986577181208054,0.3955026455026455,0.35064827127659576
jaspionjader/slu-20,0.3678373382624769,0.5039055719493144,0.08685800604229606,0.3087248322147651,0.39285714285714285,0.36652260638297873
jaspionjader/slu-22,0.3678373382624769,0.5058149626800903,0.07930513595166164,0.3162751677852349,0.3888888888888889,0.3650265957446808
jaspionjader/slu-23,0.3752310536044362,0.5106752299947925,0.09441087613293052,0.30453020134228187,0.4087301587301587,0.3725066489361702
jaspionjader/slu-25,0.3844731977818854,0.5068564485332407,0.08383685800604229,0.3087248322147651,0.3941798941798942,0.3684341755319149
jaspionjader/slu-29,0.3789279112754159,0.507203610484291,0.08685800604229606,0.3070469798657718,0.39285714285714285,0.366938164893617
jaspionjader/slu-32,0.38632162661737524,0.5143204304808193,0.10725075528700906,0.30201342281879195,0.40343915343915343,0.3765791223404255
jaspionjader/slu-33,0.37707948243992606,0.5059885436556153,0.09969788519637462,0.31208053691275167,0.3862433862433862,0.3679355053191489
jaspionjader/slu-34,0.36414048059149723,0.505294219753515,0.09969788519637462,0.30788590604026844,0.38756613756613756,0.37200797872340424
jaspionjader/slu-35,0.3567467652495379,0.5075507724353411,0.10120845921450151,0.31208053691275167,0.3941798941798942,0.3676030585106383
jaspionjader/slu-36,0.3844731977818854,0.5063357056066655,0.09063444108761329,0.31208053691275167,0.39285714285714285,0.37109375
jaspionjader/slu-37,0.38632162661737524,0.5075507724353411,0.09743202416918428,0.3070469798657718,0.3941798941798942,0.3695146276595745
jaspionjader/slu-6,0.34011090573012936,0.5084186773129665,0.09441087613293052,0.3028523489932886,0.4060846560846561,0.3611203457446808
jaspionjader/slu-mix-1,0.3826247689463956,0.5223051553549731,0.11178247734138973,0.30033557046979864,0.42724867724867727,0.39303523936170215
jaspionjader/sof-1,0.3567467652495379,0.49817739975698666,0.11404833836858005,0.3028523489932886,0.4074074074074074,0.367436835106383
jaspionjader/sof-10,0.39371534195933455,0.517792049991321,0.12386706948640483,0.3062080536912752,0.4087301587301587,0.38738364361702127
jaspionjader/sof-3,0.3974121996303142,0.5186599548689463,0.12764350453172205,0.29697986577181207,0.4126984126984127,0.3812333776595745
jaspionjader/sof-6,0.3659889094269871,0.5191806977955216,0.1299093655589124,0.29949664429530204,0.4166666666666667,0.3843916223404255
jaspionjader/test-10,0.3844731977818854,0.5301162992536018,0.11404833836858005,0.3196308724832215,0.4246031746031746,0.39361702127659576
jaspionjader/test-11,0.37707948243992606,0.5335879187641035,0.12009063444108761,0.3238255033557047,0.42857142857142855,0.3939494680851064
jaspionjader/test-12,0.36044362292051757,0.5335879187641035,0.10800604229607251,0.3187919463087248,0.4246031746031746,0.3935339095744681
jaspionjader/test-13,0.3826247689463956,0.5308106231557022,0.10574018126888217,0.3162751677852349,0.42592592592592593,0.3935339095744681
jaspionjader/test-14,0.3659889094269871,0.5308106231557022,0.11027190332326284,0.3145973154362416,0.4312169312169312,0.3929521276595745
jaspionjader/test-15,0.3585951940850277,0.5313313660822774,0.11178247734138973,0.31208053691275167,0.42592592592592593,0.3929521276595745
jaspionjader/test-16,0.38632162661737524,0.5315049470578025,0.1095166163141994,0.313758389261745,0.421957671957672,0.39303523936170215
jaspionjader/test-17,0.34750462107208874,0.5315049470578025,0.11027190332326284,0.31291946308724833,0.42857142857142855,0.39286901595744683
jaspionjader/test-18,0.3567467652495379,0.5301162992536018,0.1148036253776435,0.31208053691275167,0.4246031746031746,0.39303523936170215
jaspionjader/test-19,0.3585951940850277,0.5304634612046519,0.1095166163141994,0.30956375838926176,0.42592592592592593,0.39286901595744683
jaspionjader/test-20,0.37707948243992606,0.5311577851067523,0.11178247734138973,0.313758389261745,0.4246031746031746,0.39195478723404253
jayasuryajsk/Qwen2.5-3B-reasoner,0.34750462107208874,0.4625932997743447,0.2084592145015106,0.30201342281879195,0.4113756613756614,0.3482380319148936
jeanmichela/o-distil-qwen,0.3844731977818854,0.5905224787363305,0.5649546827794562,0.3934563758389262,0.533068783068783,0.46575797872340424
jebcarter/psyonic-cetacean-20B,0.21256931608133087,0.4903662558583579,0.01812688821752266,0.27348993288590606,0.4656084656084656,0.28856382978723405
jebish7/Llama-3-Nanda-10B-Chat,0.22365988909426987,0.4938378753688596,0.055891238670694864,0.3011744966442953,0.4351851851851852,0.3156582446808511
jebish7/Llama-3.1-8B-Instruct,0.43253234750462105,0.5084186773129665,0.15483383685800603,0.3213087248322148,0.3994708994708995,0.3777426861702128
jebish7/Nemotron-4-Mini-Hindi-4B-Base,0.16081330868761554,0.3896892900538101,0.027190332326283987,0.2835570469798658,0.4246031746031746,0.25033244680851063
jebish7/Nemotron-4-Mini-Hindi-4B-Instruct,0.266173752310536,0.40114563443846557,0.028700906344410877,0.3087248322147651,0.41534391534391535,0.25947473404255317
jebish7/Nemotron-Mini-4B-Instruct,0.3197781885397412,0.42180177052595036,0.0324773413897281,0.276006711409396,0.4722222222222222,0.27825797872340424
jebish7/aya-expanse-8b,0.3049907578558225,0.4957472660996355,0.08157099697885196,0.2835570469798658,0.3862433862433862,0.31025598404255317
jebish7/gemma-2-2b-it,0.11645101663585952,0.43811838222530813,0.033987915407854986,0.29697986577181207,0.42328042328042326,0.27152593085106386
jebish7/gemma-2-9b-it,0.14602587800369685,0.5932997743447318,0.08459214501510574,0.34731543624161076,0.455026455026455,0.414311835106383
jebish7/qwen2.5-0.5B-IHA-Hin,0.09981515711645102,0.29630272522131573,0.0,0.2525167785234899,0.34656084656084657,0.109375
jeffmeloy/Qwen-7B-nerd-uncensored-v1.0,0.5545286506469501,0.796,0.28700906344410876,0.3686868686868687,0.532,0.4362533244680851
jeffmeloy/Qwen2.5-7B-minperplexity-2,0.45471349353049906,0.549383787536886,0.3013595166163142,0.311241610738255,0.46164021164021163,0.4345910904255319
jeffmeloy/Qwen2.5-7B-nerd-uncensored-v0.9,0.5489833641404805,0.5455650060753341,0.2945619335347432,0.32298657718120805,0.48148148148148145,0.4363364361702128
jeffmeloy/Qwen2.5-7B-nerd-uncensored-v1.0,0.7356746765249538,0.5393160909564312,0.47129909365558914,0.2902684563758389,0.4537037037037037,0.4253656914893617
jeffmeloy/Qwen2.5-7B-nerd-uncensored-v1.1,0.6118299445471349,0.4839437597639299,0.13293051359516617,0.28691275167785235,0.3835978835978836,0.3849734042553192
jeffmeloy/Qwen2.5-7B-nerd-uncensored-v1.2,0.4269870609981516,0.49123416073598336,0.12084592145015106,0.3036912751677852,0.4166666666666667,0.3968583776595745
jeffmeloy/Qwen2.5-7B-nerd-uncensored-v1.3,0.43068391866913125,0.4997396285367124,0.12311178247734139,0.31291946308724833,0.41798941798941797,0.4015957446808511
jeffmeloy/Qwen2.5-7B-nerd-uncensored-v1.4,0.5526802218114603,0.5450442631487589,0.2809667673716012,0.3238255033557047,0.4708994708994709,0.44190492021276595
jeffmeloy/Qwen2.5-7B-nerd-uncensored-v1.5,0.5101663585951941,0.5499045304634612,0.2756797583081571,0.3271812080536913,0.4973544973544973,0.44481382978723405
jeffmeloy/Qwen2.5-7B-nerd-uncensored-v1.7,0.34750462107208874,0.5363652143725047,0.29154078549848944,0.3238255033557047,0.48412698412698413,0.42802526595744683
jeffmeloy/Qwen2.5-7B-nerd-uncensored-v1.8,0.5748613678373382,0.5429612914424579,0.270392749244713,0.3238255033557047,0.47619047619047616,0.4343417553191489
jeffmeloy/Qwen2.5-7B-olm-v1.0,0.4787430683918669,0.5648324943586183,0.2862537764350453,0.32046979865771813,0.42724867724867727,0.4566156914893617
jeffmeloy/Qwen2.5-7B-olm-v1.1,0.36229205175600737,0.5455650060753341,0.38293051359516617,0.3087248322147651,0.4801587301587302,0.4354222074468085
jeffmeloy/Qwen2.5-7B-olm-v1.2,0.35489833641404805,0.5509460163166117,0.2847432024169184,0.31711409395973156,0.46825396825396826,0.4387466755319149
jeffmeloy/Qwen2.5-7B-olm-v1.3,0.34011090573012936,0.5505988543655616,0.3104229607250755,0.3213087248322148,0.4695767195767196,0.44697473404255317
jeffmeloy/Qwen2.5-7B-olm-v1.4,0.3826247689463956,0.555806283631314,0.29229607250755285,0.31208053691275167,0.46164021164021163,0.4457280585106383
jeffmeloy/Qwen2.5-7B-olm-v1.5,0.39371534195933455,0.5525082450963374,0.28172205438066467,0.33976510067114096,0.4537037037037037,0.43991023936170215
jeffmeloy/jeffmeloy_Qwen2.5-7B-minperplexity-1,0.3197781885397412,0.5540704738760632,0.29154078549848944,0.33221476510067116,0.42857142857142855,0.4367519946808511
jeonsworld/CarbonVillain-en-10.7B-v4,0.39186691312384475,0.5148411734073945,0.04682779456193353,0.3062080536912752,0.3955026455026455,0.31416223404255317
jiangxinyang-shanda/Homer-LLama3-8B,0.34750462107208874,0.5144940114563444,0.08610271903323263,0.29697986577181207,0.40476190476190477,0.3139128989361702
jieliu/Storm-7B,0.2735674676524954,0.5184863738934212,0.06117824773413897,0.30788590604026844,0.4417989417989418,0.3119182180851064
jiviai/medX_v2,0.3049907578558225,0.4492275646589134,0.054380664652567974,0.32298657718120805,0.3492063492063492,0.34283577127659576
jlzhou/Qwen2.5-3B-Infinity-Instruct-0625,0.2846580406654344,0.47630619684082626,0.13670694864048338,0.26929530201342283,0.3968253968253968,0.3198969414893617
johnsutor/Llama-3-8B-Instruct_breadcrumbs-density-0.1-gamma-0.01,0.35304990757855825,0.5013018573164382,0.045317220543806644,0.3221476510067114,0.46296296296296297,0.37391954787234044
johnsutor/Llama-3-8B-Instruct_breadcrumbs-density-0.1-gamma-0.1,0.35304990757855825,0.49991320951223744,0.09667673716012085,0.3011744966442953,0.414021164021164,0.37242353723404253
johnsutor/Llama-3-8B-Instruct_breadcrumbs-density-0.3-gamma-0.01,0.26062846580406657,0.4893247700052074,0.010574018126888218,0.31208053691275167,0.5013227513227513,0.3533078457446808
johnsutor/Llama-3-8B-Instruct_breadcrumbs-density-0.3-gamma-0.1,0.3512014787430684,0.5103280680437424,0.08081570996978851,0.3087248322147651,0.421957671957672,0.37391954787234044
johnsutor/Llama-3-8B-Instruct_breadcrumbs-density-0.5-gamma-0.01,0.26062846580406657,0.4858531504947058,0.0037764350453172208,0.30201342281879195,0.5092592592592593,0.33444148936170215
johnsutor/Llama-3-8B-Instruct_breadcrumbs-density-0.5-gamma-0.1,0.36968576709796674,0.5118902968234681,0.08006042296072508,0.3070469798657718,0.43915343915343913,0.36959773936170215
johnsutor/Llama-3-8B-Instruct_breadcrumbs-density-0.7-gamma-0.01,0.2199630314232902,0.48307585488630445,0.0022658610271903325,0.2902684563758389,0.5158730158730159,0.3295378989361702
johnsutor/Llama-3-8B-Instruct_breadcrumbs-density-0.7-gamma-0.1,0.36044362292051757,0.5132789446276688,0.06268882175226587,0.30788590604026844,0.43253968253968256,0.36627327127659576
johnsutor/Llama-3-8B-Instruct_breadcrumbs-density-0.9-gamma-0.01,0.21626617375231053,0.4837701787884048,0.0015105740181268882,0.29446308724832215,0.5145502645502645,0.3304521276595745
johnsutor/Llama-3-8B-Instruct_breadcrumbs-density-0.9-gamma-0.1,0.34935304990757854,0.5129317826766187,0.07401812688821752,0.30788590604026844,0.43783068783068785,0.3650265957446808
johnsutor/Llama-3-8B-Instruct_breadcrumbs_ties-density-0.1-gamma-0.01,0.3585951940850277,0.5018226002430134,0.04833836858006042,0.3104026845637584,0.4523809523809524,0.3762466755319149
johnsutor/Llama-3-8B-Instruct_breadcrumbs_ties-density-0.1-gamma-0.1,0.34750462107208874,0.4997396285367124,0.09818731117824774,0.30033557046979864,0.414021164021164,0.3699301861702128
johnsutor/Llama-3-8B-Instruct_breadcrumbs_ties-density-0.3-gamma-0.01,0.27911275415896486,0.49713591390383616,0.023413897280966767,0.3062080536912752,0.48677248677248675,0.3611203457446808
johnsutor/Llama-3-8B-Instruct_breadcrumbs_ties-density-0.3-gamma-0.1,0.3419593345656192,0.5082450963374414,0.08761329305135952,0.30453020134228187,0.42724867724867727,0.37101063829787234
johnsutor/Llama-3-8B-Instruct_breadcrumbs_ties-density-0.5-gamma-0.01,0.2735674676524954,0.4954001041485853,0.02190332326283988,0.29697986577181207,0.49074074074074076,0.3531416223404255
johnsutor/Llama-3-8B-Instruct_breadcrumbs_ties-density-0.5-gamma-0.1,0.33271719038817005,0.511543134872418,0.08081570996978851,0.2953020134228188,0.4351851851851852,0.366938164893617
johnsutor/Llama-3-8B-Instruct_breadcrumbs_ties-density-0.7-gamma-0.01,0.21626617375231053,0.4936642943933345,0.014350453172205438,0.29949664429530204,0.49867724867724866,0.34898603723404253
johnsutor/Llama-3-8B-Instruct_breadcrumbs_ties-density-0.7-gamma-0.1,0.34935304990757854,0.5120638777989932,0.08081570996978851,0.2986577181208054,0.4351851851851852,0.3615359042553192
johnsutor/Llama-3-8B-Instruct_breadcrumbs_ties-density-0.9-gamma-0.01,0.21811460258780038,0.4888040270786322,0.010574018126888218,0.30033557046979864,0.4973544973544973,0.34541223404255317
johnsutor/Llama-3-8B-Instruct_breadcrumbs_ties-density-0.9-gamma-0.1,0.3456561922365989,0.5120638777989932,0.07779456193353475,0.29697986577181207,0.4312169312169312,0.3624501329787234
johnsutor/Llama-3-8B-Instruct_dare_linear,0.14972273567467653,0.4283978475959035,0.0,0.2961409395973154,0.4973544973544973,0.24143949468085107
johnsutor/Llama-3-8B-Instruct_dare_ties-density-0.1,0.12754158964879853,0.40999826419024477,0.0007552870090634441,0.27181208053691275,0.4656084656084656,0.22647938829787234
johnsutor/Llama-3-8B-Instruct_dare_ties-density-0.3,0.15526802218114602,0.45356708904704046,0.0015105740181268882,0.29697986577181207,0.5066137566137566,0.30402260638297873
johnsutor/Llama-3-8B-Instruct_dare_ties-density-0.7,0.14417744916820702,0.4698837007463982,0.0030211480362537764,0.3036912751677852,0.5105820105820106,0.3148271276595745
johnsutor/Llama-3-8B-Instruct_dare_ties-density-0.9,0.15157116451016636,0.4641555285540705,0.0015105740181268882,0.30788590604026844,0.5224867724867724,0.3143284574468085
johnsutor/Llama-3-8B-Instruct_linear,0.36044362292051757,0.5019961812185384,0.10045317220543806,0.2953020134228188,0.4087301587301587,0.37117686170212766
johnsutor/Llama-3-8B-Instruct_ties-density-0.1,0.3364140480591497,0.49991320951223744,0.07930513595166164,0.28859060402684567,0.4166666666666667,0.36003989361702127
johnsutor/Llama-3-8B-Instruct_ties-density-0.3,0.2828096118299446,0.4874153792744315,0.06722054380664652,0.2961409395973154,0.4021164021164021,0.33211436170212766
johnsutor/Llama-3-8B-Instruct_ties-density-0.5,0.30129390018484287,0.47630619684082626,0.06117824773413897,0.30453020134228187,0.38756613756613756,0.31748670212765956
johnsutor/Llama-3-8B-Instruct_ties-density-0.7,0.2902033271719039,0.4709251865995487,0.06722054380664652,0.30956375838926176,0.38756613756613756,0.3152426861702128
johnsutor/Llama-3-8B-Instruct_ties-density-0.9,0.3123844731977819,0.47040444367297346,0.061933534743202415,0.29949664429530204,0.38756613756613756,0.3181515957446808
jpacifico/Chocolatine-14B-Instruct-4k-DPO,0.4029574861367837,0.6276688074986981,0.1782477341389728,0.3414429530201342,0.44312169312169314,0.4763962765957447
jpacifico/Chocolatine-14B-Instruct-DPO-v1.2,0.6414048059149723,0.6408609616386044,0.20921450151057402,0.32550335570469796,0.42592592592592593,0.46966422872340424
jpacifico/Chocolatine-14B-Instruct-DPO-v1.3,0.6561922365988909,0.6823468147890991,0.5619335347432024,0.3414429530201342,0.421957671957672,0.5374002659574468
jpacifico/Chocolatine-2-14B-Instruct-DPO-v2.0b1,0.08317929759704251,0.6691546606491928,0.2756797583081571,0.37583892617449666,0.44576719576719576,0.5123836436170213
jpacifico/Chocolatine-2-14B-Instruct-v2.0.1,0.05730129390018484,0.6726262801596945,0.479607250755287,0.39177852348993286,0.5,0.5299202127659575
jpacifico/Chocolatine-2-14B-Instruct-v2.0.3,0.6580406654343808,0.6531852109008852,0.4206948640483384,0.37919463087248323,0.47619047619047616,0.5374002659574468
jpacifico/Chocolatine-2-14B-Instruct-v2.0,0.07393715341959335,0.6762714806457212,0.48036253776435045,0.3875838926174497,0.5013227513227513,0.5301695478723404
jpacifico/Chocolatine-2-14B-Instruct-v2.0b2,0.678373382624769,0.6464155528554071,0.3950151057401813,0.38338926174496646,0.4801587301587302,0.5369015957446809
jpacifico/Chocolatine-2-14B-Instruct-v2.0b3,0.6876155268022182,0.6455476479777816,0.4108761329305136,0.37919463087248323,0.4775132275132275,0.5337433510638298
jpacifico/Chocolatine-3B-Instruct-DPO-Revised,0.5046210720887245,0.5526818260718626,0.18051359516616314,0.3221476510067114,0.4444444444444444,0.3988530585106383
jpacifico/Chocolatine-3B-Instruct-DPO-v1.0,0.3049907578558225,0.5464329109529595,0.1782477341389728,0.31543624161073824,0.4748677248677249,0.3937001329787234
jpacifico/Chocolatine-3B-Instruct-DPO-v1.2,0.48428835489833644,0.5464329109529595,0.20468277945619334,0.3389261744966443,0.414021164021164,0.3877160904255319
jpacifico/Chocolatine-8B-Instruct-DPO-v1.0,0.4011090573012939,0.5103280680437424,0.08157099697885196,0.30033557046979864,0.4060846560846561,0.3868849734042553
jpacifico/Distilucie-7B-Math-Instruct-DPO-v0.1,0.2365988909426987,0.3823988890817566,0.0256797583081571,0.29949664429530204,0.3637566137566138,0.1809341755319149
jpacifico/Lucie-7B-Instruct-DPO-v1.1.3,0.23844731977818853,0.38014233639993056,0.02416918429003021,0.2860738255033557,0.38095238095238093,0.1763630319148936
jpacifico/Lucie-7B-Instruct-DPO-v1.1,0.2476894639556377,0.37667071688942894,0.023413897280966767,0.287751677852349,0.4007936507936508,0.18375997340425532
jpacifico/Lucie-7B-Instruct-Merged-Model_Stock-v1.0,0.26062846580406657,0.3787536885957299,0.02416918429003021,0.28859060402684567,0.3835978835978836,0.1870844414893617
jpacifico/Lucie-7B-Instruct-Merged-Model_Stock-v1.1,0.23475046210720887,0.38014233639993056,0.027945619335347432,0.2827181208053691,0.37433862433862436,0.18617021276595744
jpacifico/Lucie-Boosted-7B-Instruct,0.20147874306839186,0.34403749349071344,0.01283987915407855,0.26677852348993286,0.36904761904761907,0.1629820478723404
jsfs11/L3-8B-Stheno-slerp,0.6321626617375231,0.5304634612046519,0.09894259818731117,0.28523489932885904,0.3716931216931217,0.36494348404255317
jsfs11/MixtureofMerges-MoE-4x7b-v4,0.3419593345656192,0.5146675924318694,0.0634441087613293,0.2860738255033557,0.43783068783068785,0.30319148936170215
jsfs11/MixtureofMerges-MoE-4x7b-v5,0.35304990757855825,0.5174448880402708,0.0755287009063444,0.28439597315436244,0.4298941798941799,0.3097573138297872
jueyuan111/q7-oher,0.22365988909426987,0.3966325290748134,0.06419939577039276,0.26929530201342283,0.373015873015873,0.24709109042553193
kaist-ai/janus-7b,0.3197781885397412,0.46780072904009723,0.04078549848942598,0.2726510067114094,0.43915343915343913,0.28740026595744683
kaist-ai/janus-dpo-7b,0.34011090573012936,0.4759590348897761,0.04154078549848943,0.28187919463087246,0.43783068783068785,0.2976230053191489
kaist-ai/janus-rm-7b,0.11460258780036968,0.30220447838916853,0.0,0.2516778523489933,0.38756613756613756,0.11261635638297872
kaist-ai/mistral-orpo-capybara-7k,0.4787430683918669,0.4481860788057629,0.03927492447129909,0.2860738255033557,0.3955026455026455,0.297124335106383
kavonalds/BunderMaxx-0710,0.19963031423290203,0.5575420933865648,0.06797583081570997,0.2802013422818792,0.36772486772486773,0.1449468085106383
kavonalds/BunderMaxx-1010,0.22920517560073936,0.701093560145808,0.10498489425981873,0.2609060402684564,0.3478835978835979,0.12242353723404255
kavonalds/Lancer-1-1b-Instruct,0.49168207024029575,0.3214719666724527,0.03927492447129909,0.26174496644295303,0.3134920634920635,0.1568317819148936
kayfour/T3Q-Qwen2.5-7B-it-KOR-Safe,0.5508317929759704,0.5526818260718626,0.37613293051359514,0.3213087248322148,0.42724867724867727,0.44639295212765956
keeeeenw/MicroLlama,0.14048059149722736,0.29838569692761674,0.011329305135951661,0.2609060402684564,0.36904761904761907,0.11377992021276596
kekmodel/StopCarbon-10.7B-v5,0.40850277264325324,0.5160562402360701,0.055891238670694864,0.3062080536912752,0.4007936507936508,0.3156582446808511
kevin009/llamaRAGdrama,0.19593345656192238,0.39802117687901406,0.04305135951661632,0.26426174496644295,0.4312169312169312,0.27235704787234044
khoantap/cheap-moe-merge,0.3826247689463956,0.5124110397500434,0.09214501510574018,0.2953020134228188,0.41005291005291006,0.3338597074468085
khoantap/llama-3-8b-stock-merge,0.4048059149722736,0.5155354973094949,0.16163141993957703,0.3179530201342282,0.3941798941798942,0.37998670212765956
khoantap/llama-breadcrumbs-ties-merge,0.17005545286506468,0.543134872417983,0.11253776435045318,0.26593959731543626,0.44312169312169314,0.3171542553191489
khoantap/llama-evolve-ties-best-merge,0.6173752310536045,0.5396632529074813,0.15634441087613293,0.31711409395973156,0.3941798941798942,0.3859707446808511
khoantap/llama-linear-0.5-0.5-1-merge,0.40850277264325324,0.5641381704565179,0.2054380664652568,0.3070469798657718,0.414021164021164,0.38331117021276595
khoantap/llama-linear-0.5-1-0.5-merge,0.4343807763401109,0.5952091650755077,0.14803625377643503,0.2936241610738255,0.4166666666666667,0.3690159574468085
khoantap/llama-linear-1-0.5-0.5-merge,0.3789279112754159,0.5525082450963374,0.24773413897280966,0.29278523489932884,0.4113756613756614,0.363530585106383
khoantap/llama-slerp-merge,0.4288354898336414,0.576809581669849,0.08308157099697885,0.3028523489932886,0.40476190476190477,0.3677692819148936
khoantap/moe-out-merge,0.3733826247689464,0.5144940114563444,0.09290030211480363,0.28859060402684567,0.4060846560846561,0.3347739361702128
khulaifi95/Llama-3.1-8B-Reason-Blend-888k,0.5212569316081331,0.4794306544002777,0.11555891238670694,0.27936241610738255,0.3373015873015873,0.3100066489361702
kms7530/chemeng_llama-3-8b-Instruct-bnb-4bit_24_1_100_1,0.48428835489833644,0.4280506856448533,0.061933534743202415,0.2701342281879195,0.38095238095238093,0.2798371010638298
kms7530/chemeng_phi-3-mini-4k-instruct-bnb-4bit_16_4_100_1_nonmath,0.43068391866913125,0.4978302378059365,0.10800604229607251,0.3104026845637584,0.3968253968253968,0.3480718085106383
kms7530/chemeng_qwen-math-7b_24_1_100_1,0.15711645101663585,0.3556674188508939,0.2243202416918429,0.24412751677852348,0.36772486772486773,0.21584109042553193
kms7530/chemeng_qwen-math-7b_24_1_100_1_nonmath,0.1977818853974122,0.385349765665683,0.30966767371601206,0.2902684563758389,0.4074074074074074,0.24517952127659576
kno10/ende-chat-0.0.5,0.2828096118299446,0.35792397153272,0.02039274924471299,0.2651006711409396,0.39285714285714285,0.17902260638297873
kno10/ende-chat-0.0.7,0.3789279112754159,0.3764971359139038,0.017371601208459216,0.28104026845637586,0.38492063492063494,0.19664228723404256
kyutai/helium-1-preview-2b,0.1977818853974122,0.3626106578718972,0.013595166163141994,0.2785234899328859,0.3544973544973545,0.18725066489361702
kz919/QwQ-0.5B-Distilled-SFT,0.2532347504621072,0.32407568130532893,0.07401812688821752,0.2609060402684564,0.33994708994708994,0.15874335106382978
ladydaina/ECE-FDF,0.3068391866913124,0.5127582017010935,0.08157099697885196,0.2827181208053691,0.4497354497354497,0.30069813829787234
laislemke/LLaMA-2-vicuna-7b-slerp,0.2255083179297597,0.29439333449053984,0.011329305135951661,0.27348993288590606,0.38227513227513227,0.13422539893617022
lalainy/ECE-PRYMMAL-0.5B-FT-V5-MUSR,0.1589648798521257,0.32598507203610483,0.045317220543806644,0.27432885906040266,0.3253968253968254,0.15334109042553193
lalainy/ECE-PRYMMAL-0.5B-SLERP-V4,0.10536044362292052,0.28606144766533587,0.0,0.2625838926174497,0.3783068783068783,0.11685505319148937
lalainy/ECE-PRYMMAL-YL-0.5B-SLERP-BIS-V1,0.09796672828096119,0.2997743447318174,0.0007552870090634441,0.2348993288590604,0.3637566137566138,0.11211768617021277
lalainy/ECE-PRYMMAL-YL-1B-SLERP-V3,0.24953789279112754,0.41885089394202396,0.09743202416918428,0.29446308724832215,0.42063492063492064,0.2931349734042553
lalainy/ECE-PRYMMAL-YL-1B-SLERP-V4,0.26062846580406657,0.4141642076028467,0.10045317220543806,0.2860738255033557,0.4298941798941799,0.289311835106383
lalainy/ECE-PRYMMAL-YL-6B-SLERP-V1,0.2643253234750462,0.4577330324596424,0.1268882175226586,0.28859060402684567,0.48544973544973546,0.32139295212765956
lalainy/ECE-PRYMMAL-YL-6B-SLERP-V2,0.26247689463955637,0.4577330324596424,0.1268882175226586,0.28859060402684567,0.48544973544973546,0.32139295212765956
langgptai/Qwen-las-v0.1,0.27171903881700554,0.3867384134698837,0.03700906344410876,0.24664429530201343,0.36904761904761907,0.2325465425531915
langgptai/qwen1.5-7b-chat-sa-v0.1,0.37153419593345655,0.42961291442457905,0.030211480362537766,0.31208053691275167,0.3544973544973545,0.29928523936170215
lars1234/Mistral-Small-24B-Instruct-2501-writer,0.6044362292051756,0.6714112133310189,0.3557401812688822,0.38926174496644295,0.4642857142857143,0.5447972074468085
leafspark/Llama-3.1-8B-MultiReflection-Instruct,0.66728280961183,0.4992188856101371,0.17069486404833836,0.29278523489932884,0.36772486772486773,0.37242353723404253
lemon07r/Gemma-2-Ataraxy-9B,0.2828096118299446,0.5924318694671064,0.08534743202416918,0.3347315436241611,0.4417989417989418,0.4226230053191489
lemon07r/Gemma-2-Ataraxy-Advanced-9B,0.49168207024029575,0.5884395070300296,0.19788519637462235,0.33557046979865773,0.37566137566137564,0.4243683510638298
lemon07r/Gemma-2-Ataraxy-Remix-9B,0.66728280961183,0.5882659260545045,0.20166163141993956,0.3389261744966443,0.4365079365079365,0.42386968085106386
lemon07r/Gemma-2-Ataraxy-v2-9B,0.1922365988909427,0.5766360006943239,0.08459214501510574,0.3422818791946309,0.3478835978835979,0.422124335106383
lemon07r/Gemma-2-Ataraxy-v2a-9B,0.133086876155268,0.5170977260892207,0.06117824773413897,0.33976510067114096,0.31613756613756616,0.35147938829787234
lemon07r/Gemma-2-Ataraxy-v2f-9B,0.3049907578558225,0.517965630966846,0.1163141993957704,0.3389261744966443,0.32275132275132273,0.3503158244680851
lemon07r/Gemma-2-Ataraxy-v3-Advanced-9B,0.6081330868761553,0.5926054504426315,0.18731117824773413,0.33640939597315433,0.4444444444444444,0.41963098404255317
lemon07r/Gemma-2-Ataraxy-v3b-9B,0.634011090573013,0.58948099288318,0.21525679758308158,0.33305369127516776,0.44841269841269843,0.4204621010638298
lemon07r/Gemma-2-Ataraxy-v3i-9B,0.3585951940850277,0.5625759416767923,0.15332326283987915,0.32802013422818793,0.31746031746031744,0.41663896276595747
lemon07r/Gemma-2-Ataraxy-v3j-9B,0.35304990757855825,0.5634438465544176,0.1691842900302115,0.32802013422818793,0.31746031746031744,0.41339760638297873
lemon07r/Gemma-2-Ataraxy-v4-Advanced-9B,0.6524953789279113,0.6018052421454608,0.21525679758308158,0.3389261744966443,0.4576719576719577,0.4366688829787234
lemon07r/Gemma-2-Ataraxy-v4a-Advanced-9B,0.6728280961182994,0.597986460683909,0.21148036253776434,0.34395973154362414,0.44841269841269843,0.4309341755319149
lemon07r/Gemma-2-Ataraxy-v4b-9B,0.6358595194085028,0.6031938899496615,0.23338368580060423,0.34060402684563756,0.455026455026455,0.4356715425531915
lemon07r/Gemma-2-Ataraxy-v4c-9B,0.6432532347504621,0.6078805762888387,0.22658610271903323,0.3338926174496644,0.4523809523809524,0.43949468085106386
lemon07r/Gemma-2-Ataraxy-v4d-9B,0.6802218114602587,0.6047561187293873,0.23338368580060423,0.34731543624161076,0.4537037037037037,0.4345910904255319
lemon07r/Llama-3-RedMagic4-8B,0.41404805914972276,0.42110744662385,0.08987915407854985,0.2902684563758389,0.37566137566137564,0.3676030585106383
lemon07r/llama-3-NeuralMahou-8b,0.4214417744916821,0.4134698837007464,0.10196374622356495,0.28859060402684567,0.3862433862433862,0.3690159574468085
lesubra/ECE-EIFFEL-3B,0.2754158964879852,0.5096337441416421,0.1216012084592145,0.3313758389261745,0.4351851851851852,0.3820644946808511
lesubra/ECE-EIFFEL-3Bv2,0.2476894639556377,0.5417462246137823,0.11858006042296072,0.33557046979865773,0.44312169312169314,0.39993351063829785
lesubra/ECE-EIFFEL-3Bv3,0.3123844731977819,0.5459121680263843,0.16691842900302115,0.3296979865771812,0.4669312169312169,0.39752327127659576
lesubra/ECE-PRYMMAL-3B-SLERP-V1,0.2532347504621072,0.532720013886478,0.1661631419939577,0.31711409395973156,0.458994708994709,0.3900432180851064
lesubra/ECE-PRYMMAL-3B-SLERP-V2,0.2532347504621072,0.532720013886478,0.1661631419939577,0.31711409395973156,0.458994708994709,0.3900432180851064
lesubra/ECE-PRYMMAL-3B-SLERP_2-V1,0.2957486136783734,0.5400104148585315,0.16767371601208458,0.3213087248322148,0.4656084656084656,0.3990192819148936
lesubra/ECE-PRYMMAL-3B-SLERP_2-V2,0.2975970425138632,0.5400104148585315,0.16767371601208458,0.3213087248322148,0.4656084656084656,0.3990192819148936
lesubra/merge-test,0.4805914972273567,0.5224787363304981,0.12084592145015106,0.3221476510067114,0.44047619047619047,0.38738364361702127
lightblue/suzume-llama-3-8B-multilingual-orpo-borda-full,0.5268022181146026,0.4679743100156223,0.07628398791540786,0.25922818791946306,0.32142857142857145,0.33095079787234044
lightblue/suzume-llama-3-8B-multilingual-orpo-borda-half,0.5711645101663586,0.46832147196667245,0.09063444108761329,0.24496644295302014,0.3505291005291005,0.36136968085106386
lightblue/suzume-llama-3-8B-multilingual-orpo-borda-top25,0.6210720887245841,0.48429092171498006,0.1042296072507553,0.2726510067114094,0.3558201058201058,0.3684341755319149
lightblue/suzume-llama-3-8B-multilingual-orpo-borda-top75,0.6192236598890942,0.4806457212289533,0.07854984894259819,0.2726510067114094,0.38095238095238093,0.37691156914893614
lightblue/suzume-llama-3-8B-multilingual,0.6173752310536045,0.4927963895157091,0.09441087613293052,0.2835570469798658,0.3968253968253968,0.33834773936170215
lkoenig/BBAI_145_,0.36968576709796674,0.5544176358271133,0.3610271903323263,0.3162751677852349,0.43783068783068785,0.448969414893617
lkoenig/BBAI_200_Gemma,0.04990757855822551,0.3417809408088873,0.0,0.26677852348993286,0.36243386243386244,0.16788563829787234
lkoenig/BBAI_212_QwenLawLo,0.3844731977818854,0.5547647977781636,0.3602719033232628,0.3162751677852349,0.4365079365079365,0.44888630319148937
lkoenig/BBAI_212_Qwencore,0.36968576709796674,0.5540704738760632,0.34894259818731116,0.3162751677852349,0.43386243386243384,0.448969414893617
lkoenig/BBAI_230_Xiaqwen,0.3974121996303142,0.5554591216802638,0.36631419939577037,0.313758389261745,0.4417989417989418,0.4480551861702128
lkoenig/BBAI_375_QwenDyancabs,0.3807763401109057,0.5549383787536886,0.377643504531722,0.31291946308724833,0.44576719576719576,0.4476396276595745
lkoenig/BBAI_456_QwenKoen,0.37707948243992606,0.5530289880229127,0.3685800604229607,0.31291946308724833,0.43915343915343913,0.4468916223404255
lkoenig/BBAI_7B_KoenQwenDyan,0.5175600739371534,0.5507724353410867,0.37386706948640486,0.3179530201342282,0.4365079365079365,0.44597739361702127
lkoenig/BBAI_7B_Qwen2.5koen,0.3900184842883549,0.5518139211942371,0.36555891238670696,0.31291946308724833,0.4365079365079365,0.4484707446808511
lkoenig/BBAI_7B_QwenDyanKoenLo,0.39186691312384475,0.553723311925013,0.3640483383685801,0.3187919463087248,0.43386243386243384,0.4464760638297872
lkoenig/BBAI_7B_QwenDyancabsLAW,0.49722735674676527,0.5556327026557889,0.3678247734138973,0.3187919463087248,0.44576719576719576,0.4471409574468085
llmat/Mistral-v0.3-7B-ORPO,0.3068391866913124,0.39697969102586356,0.02416918429003021,0.26677852348993286,0.3544973544973545,0.2278091755319149
llnYou/ECE-PRYMMAL-YL-1B-SLERP-V5,0.2680221811460259,0.41919805589307413,0.11102719033232629,0.2860738255033557,0.3862433862433862,0.29305186170212766
llnYou/ECE-PRYMMAL-YL-1B-SLERP-V6,0.08687615526802218,0.38916854712723487,0.0022658610271903325,0.2902684563758389,0.3915343915343915,0.2349567819148936
llnYou/ECE-PRYMMAL-YL-3B-SLERP-V1,0.17190388170055454,0.39836833883006423,0.00906344410876133,0.2936241610738255,0.335978835978836,0.2849900265957447
llnYou/ECE-PRYMMAL-YL-3B-SLERP-V2,0.1645101663585952,0.39611178614823817,0.01283987915407855,0.27684563758389263,0.3584656084656085,0.28997672872340424
llnYou/ECE-PRYMMAL-YL-3B-SLERP-V3,0.30129390018484287,0.5457385870508592,0.1299093655589124,0.30453020134228187,0.4351851851851852,0.40433843085106386
lmsys/vicuna-13b-v1.3,0.2754158964879852,0.334837701787884,0.014350453172205438,0.2676174496644295,0.3716931216931217,0.2243184840425532
lmsys/vicuna-7b-v1.3,0.22920517560073936,0.3268529769137303,0.01283987915407855,0.2424496644295302,0.3783068783068783,0.18375997340425532
lmsys/vicuna-7b-v1.5,0.18853974121996303,0.3917722617601111,0.013595166163141994,0.25838926174496646,0.421957671957672,0.21467752659574468
lodrick-the-lafted/llama-3.1-8b-instruct-ortho-v7,0.27726432532347506,0.38951570907828503,0.027190332326283987,0.2726510067114094,0.3611111111111111,0.1973902925531915
lordjia/Llama-3-Cantonese-8B-Instruct,0.6192236598890942,0.4787363304981774,0.0891238670694864,0.2936241610738255,0.40343915343915343,0.35147938829787234
lordjia/Qwen2-Cantonese-7B-Instruct,0.49353049907578556,0.5162298212115952,0.25604229607250756,0.2953020134228188,0.3994708994708995,0.38430851063829785
lt-asset/nova-1.3b,0.09057301293900184,0.313660822773824,0.012084592145015106,0.24916107382550334,0.36904761904761907,0.11419547872340426
lunahr/thea-3b-50r-u1,0.5489833641404805,0.4082624544349939,0.1042296072507553,0.2835570469798658,0.31746031746031744,0.2808344414893617
lunahr/thea-v2-3b-50r,0.3031423290203327,0.41919805589307413,0.02416918429003021,0.2609060402684564,0.32142857142857145,0.2409408244680851
m42-health/Llama3-Med42-70B,0.5711645101663586,0.6672452699184169,0.2258308157099698,0.34731543624161076,0.46164021164021163,0.4962599734042553
macadeliccc/Samantha-Qwen-2-7B,0.3826247689463956,0.5039055719493144,0.21148036253776434,0.2726510067114094,0.47883597883597884,0.3779089095744681
macadeliccc/magistrate-3.2-3b-base,0.08317929759704251,0.33206040617948274,0.011329305135951661,0.2609060402684564,0.3968253968253968,0.16888297872340424
macadeliccc/magistrate-3.2-3b-it,0.16820702402957485,0.3223398715500781,0.019637462235649546,0.24748322147651006,0.37566137566137564,0.15924202127659576
magnifi/Phi3_intent_v56_3_w_unknown_5_lr_0.002,0.13863216266173753,0.32407568130532893,0.0,0.26426174496644295,0.4113756613756614,0.1471908244680851
maldv/Awqward2.5-32B-Instruct,0.7948243992606284,0.6938031591737546,0.6231117824773413,0.34060402684563756,0.42592592592592593,0.5723071808510638
maldv/Lytta2.5-32B-Instruct,0.1922365988909427,0.5577156743620899,0.34441087613293053,0.26677852348993286,0.37566137566137564,0.5048204787234043
maldv/Qwentile2.5-32B-Instruct,0.6968576709796673,0.6934559972227043,0.5219033232628398,0.38422818791946306,0.4669312169312169,0.5879321808510638
maldv/badger-kappa-llama-3-8b,0.4029574861367837,0.507377191459816,0.08610271903323263,0.3028523489932886,0.37566137566137564,0.3695146276595745
maldv/badger-lambda-llama-3-8b,0.4121996303142329,0.494705780246485,0.09441087613293052,0.28187919463087246,0.37433862433862436,0.37666223404255317
maldv/badger-mu-llama-3-8b,0.42513863216266173,0.513626106578719,0.055891238670694864,0.25922818791946306,0.3544973544973545,0.3673537234042553
maldv/badger-writer-llama-3-8b,0.46950092421441775,0.4853324075681305,0.0755287009063444,0.28942953020134227,0.35714285714285715,0.3759973404255319
marcuscedricridia/Cheng-1,0.7412199630314233,0.5492102065613609,0.48942598187311176,0.2961409395973154,0.4060846560846561,0.43492353723404253
marcuscedricridia/Cheng-2-v1.1,0.7966728280961183,0.6491928484638083,0.5392749244712991,0.34312080536912754,0.41534391534391535,0.5076462765957447
marcuscedricridia/Cheng-2,0.8077634011090573,0.6479777816351328,0.5438066465256798,0.34563758389261745,0.41798941798941797,0.5013297872340425
marcuscedricridia/Hush-Qwen2.5-7B-MST-v1.1,0.7024029574861368,0.5530289880229127,0.4652567975830816,0.3062080536912752,0.4060846560846561,0.429936835106383
marcuscedricridia/Hush-Qwen2.5-7B-MST-v1.3,0.6580406654343808,0.5485158826592605,0.47583081570996977,0.3145973154362416,0.4298941798941799,0.44398271276595747
marcuscedricridia/Hush-Qwen2.5-7B-MST,0.7134935304990758,0.5420933865648325,0.4244712990936556,0.3036912751677852,0.39021164021164023,0.41630651595744683
marcuscedricridia/Hush-Qwen2.5-7B-Preview,0.7615526802218114,0.5401839958340566,0.37537764350453173,0.311241610738255,0.42857142857142855,0.43641954787234044
marcuscedricridia/Hush-Qwen2.5-7B-RP-v1.4-1M,0.7338262476894639,0.528380489498351,0.3368580060422961,0.2986577181208054,0.4417989417989418,0.4134807180851064
marcuscedricridia/Hush-Qwen2.5-7B-v1.1,0.7541589648798521,0.5356708904704044,0.4380664652567976,0.3162751677852349,0.4166666666666667,0.4227061170212766
marcuscedricridia/Hush-Qwen2.5-7B-v1.2,0.7504621072088724,0.5374067002256553,0.44033232628398794,0.3145973154362416,0.42063492063492064,0.4197140957446808
marcuscedricridia/Hush-Qwen2.5-7B-v1.3,0.7523105360443623,0.5297691373025516,0.3323262839879154,0.31208053691275167,0.42328042328042326,0.43450797872340424
marcuscedricridia/Hush-Qwen2.5-7B-v1.4,0.7467652495378928,0.5398368338830064,0.4259818731117825,0.311241610738255,0.421957671957672,0.4195478723404255
marcuscedricridia/Qwen2.5-7B-Preview,0.7301293900184843,0.5341086616906787,0.34441087613293053,0.3238255033557047,0.4126984126984127,0.42578125
marcuscedricridia/Yell-Qwen2.5-7B-Preview-v1.1,0.5231053604436229,0.5334143377885784,0.18957703927492447,0.2860738255033557,0.40476190476190477,0.38314494680851063
marcuscedricridia/Yell-Qwen2.5-7B-Preview,0.5286506469500925,0.5353237285193543,0.19259818731117825,0.28104026845637586,0.40343915343915343,0.37982047872340424
marcuscedricridia/absolute-o1-7b,0.7153419593345656,0.5441763582711335,0.5083081570996979,0.3196308724832215,0.41005291005291006,0.44132313829787234
marcuscedricridia/cursa-o1-7b-2-28-2025,0.711645101663586,0.5356708904704044,0.4811178247734139,0.3070469798657718,0.42592592592592593,0.4365026595744681
marcuscedricridia/cursa-o1-7b-v1.1,0.7153419593345656,0.5464329109529595,0.4984894259818731,0.3070469798657718,0.4246031746031746,0.43916223404255317
marcuscedricridia/cursa-o1-7b-v1.2-normalize-false,0.7245841035120147,0.5462593299774344,0.49924471299093653,0.3070469798657718,0.42592592592592593,0.4435671542553192
marcuscedricridia/cursa-o1-7b,0.7282809611829945,0.5434820343690332,0.4954682779456193,0.3070469798657718,0.42857142857142855,0.4392453457446808
marcuscedricridia/cursor-o1-7b,0.3345656192236599,0.4986981426835619,0.14123867069486404,0.28104026845637586,0.4087301587301587,0.32513297872340424
marcuscedricridia/cursorr-o1.2-7b,0.10536044362292052,0.30341954521784414,0.0,0.25419463087248323,0.3531746031746032,0.10804521276595745
marcuscedricridia/etr1o-explicit-v1.1,0.2199630314232902,0.31036278423884744,0.004531722054380665,0.27768456375838924,0.41005291005291006,0.11951462765957446
marcuscedricridia/etr1o-explicit-v1.2,0.10536044362292052,0.2921367818087138,0.0,0.2609060402684564,0.4021164021164021,0.11261635638297872
marcuscedricridia/etr1o-v1.1,0.10720887245841035,0.30775906960597116,0.0,0.25671140939597314,0.4007936507936508,0.11569148936170212
marcuscedricridia/etr1o-v1.2,0.6876155268022182,0.6323554938378754,0.35876132930513593,0.37583892617449666,0.4708994708994709,0.5315824468085106
marcuscedricridia/fan-o1-7b,0.38632162661737524,0.48324943586182956,0.16163141993957703,0.28439597315436244,0.38227513227513227,0.3273769946808511
marcuscedricridia/olmner-7b,0.6857670979667283,0.5443499392466585,0.46299093655589124,0.30788590604026844,0.4365079365079365,0.4309341755319149
marcuscedricridia/olmner-della-7b,0.7264325323475046,0.5457385870508592,0.4962235649546828,0.3011744966442953,0.4193121693121693,0.43858045212765956
marcuscedricridia/olmner-o1-7b,0.7153419593345656,0.545217844124284,0.49244712990936557,0.3011744966442953,0.42857142857142855,0.43858045212765956
marcuscedricridia/olmner-sbr-7b,0.722735674676525,0.5433084533935081,0.4947129909365559,0.3087248322147651,0.414021164021164,0.4412400265957447
marcuscedricridia/post-cursa-o1,0.7282809611829945,0.5448706821732339,0.4871601208459215,0.30956375838926176,0.43386243386243384,0.4360871010638298
marcuscedricridia/pre-cursa-o1-v1.2,0.7171903881700554,0.5457385870508592,0.506797583081571,0.31291946308724833,0.42592592592592593,0.4402426861702128
marcuscedricridia/pre-cursa-o1-v1.3,0.7171903881700554,0.543134872417983,0.5075528700906344,0.31291946308724833,0.42592592592592593,0.4419880319148936
marcuscedricridia/pre-cursa-o1-v1.4,0.7097966728280961,0.5471272348550599,0.48338368580060426,0.3053691275167785,0.42724867724867727,0.4435671542553192
marcuscedricridia/pre-cursa-o1-v1.6,0.7153419593345656,0.5443499392466585,0.5,0.32046979865771813,0.421957671957672,0.44132313829787234
marcuscedricridia/pre-cursa-o1,0.7024029574861368,0.5434820343690332,0.5037764350453172,0.30956375838926176,0.4246031746031746,0.4424035904255319
marcuscedricridia/r1o-et,0.28650646950092423,0.41989237979517446,0.07930513595166164,0.2726510067114094,0.35714285714285715,0.2579787234042553
marcuscedricridia/sbr-o1-7b,0.7079482439926063,0.5446971011977088,0.4984894259818731,0.3104026845637584,0.43915343915343913,0.43550531914893614
marcuscedricridia/stray-r1o-et,0.11460258780036968,0.29300468668633917,0.004531722054380665,0.26174496644295303,0.4074074074074074,0.109375
matouLeLoup/ECE-PRYMMAL-0.5B-FT-EnhancedMUSREnsembleV3,0.13123844731977818,0.32268703350112826,0.026435045317220542,0.2609060402684564,0.37433862433862436,0.17195811170212766
matouLeLoup/ECE-PRYMMAL-0.5B-FT-MUSR-ENSEMBLE-V2Mathis,0.13123844731977818,0.512,0.026435045317220542,0.2474747474747475,0.528,0.17195811170212766
matouLeLoup/ECE-PRYMMAL-0.5B-FT-V4-MUSR-ENSEMBLE-Mathis,0.13123844731977818,0.512,0.026435045317220542,0.2474747474747475,0.528,0.17195811170212766
matouLeLoup/ECE-PRYMMAL-0.5B-FT-V4-MUSR-Mathis,0.133086876155268,0.52,0.027190332326283987,0.26262626262626265,0.516,0.17204122340425532
matouLeLoup/ECE-PRYMMAL-0.5B-FT-V5-MUSR-Mathis,0.11460258780036968,0.2996007637562923,0.0188821752265861,0.25671140939597314,0.42592592592592593,0.1116190159574468
mattshumer/Reflection-Llama-3.1-70B,0.0018484288354898336,0.6443325811491061,0.21450151057401812,0.36325503355704697,0.45634920634920634,0.4955119680851064
mattshumer/ref_70_e3,0.5730129390018485,0.6500607533414338,0.2794561933534743,0.33557046979865773,0.4312169312169312,0.5302526595744681
maywell/Qwen2-7B-Multilingual-RP,0.3826247689463956,0.5028640860961638,0.2243202416918429,0.29697986577181207,0.36904761904761907,0.3858876329787234
meditsolutions/Llama-3.1-MedIT-SUN-8B,0.744916820702403,0.5153619163339698,0.20921450151057402,0.3087248322147651,0.40476190476190477,0.3916223404255319
meditsolutions/Llama-3.2-SUN-1B-Instruct,0.5859519408502772,0.3447318173928137,0.07099697885196375,0.2424496644295302,0.3505291005291005,0.17810837765957446
meditsolutions/Llama-3.2-SUN-1B-chat,0.4824399260628466,0.3490713417809408,0.06419939577039276,0.26174496644295303,0.32407407407407407,0.18375997340425532
meditsolutions/Llama-3.2-SUN-2.4B-checkpoint-26000,0.21626617375231053,0.29925360180524213,0.01812688821752266,0.27768456375838924,0.41005291005291006,0.1344747340425532
meditsolutions/Llama-3.2-SUN-2.4B-checkpoint-34800,0.18484288354898337,0.3134872417982989,0.010574018126888218,0.2860738255033557,0.4021164021164021,0.13572140957446807
meditsolutions/Llama-3.2-SUN-2.4B-v1.0.0,0.49907578558225507,0.33553202568998436,0.06268882175226587,0.2575503355704698,0.3201058201058201,0.15425531914893617
meditsolutions/Llama-3.2-SUN-2.5B-chat,0.5009242144177449,0.3549730949487936,0.07099697885196375,0.25922818791946306,0.3148148148148148,0.1813497340425532
meditsolutions/Llama-3.2-SUN-HDIC-1B-Instruct,0.6303142329020333,0.34941850373199096,0.061933534743202415,0.23657718120805368,0.3584656084656085,0.16871675531914893
meditsolutions/MSH-Lite-7B-v1-Bielik-v2.3-Instruct-Llama-Prune,0.2957486136783734,0.40010414858531507,0.026435045317220542,0.3028523489932886,0.4246031746031746,0.21899933510638298
meditsolutions/MSH-v1-Bielik-v2.3-Instruct-MedIT-merge,0.5249537892791127,0.5650060753341434,0.20770392749244712,0.34563758389261745,0.43783068783068785,0.3499833776595745
meditsolutions/MedIT-Mesh-3B-Instruct,0.5249537892791127,0.5563270265578892,0.20317220543806647,0.3238255033557047,0.40343915343915343,0.4011801861702128
meditsolutions/SmolLM2-MedIT-Upscale-2B,0.5951940850277264,0.35132789446276685,0.055891238670694864,0.26426174496644295,0.3306878306878307,0.19705784574468085
meetkai/functionary-small-v3.1,0.5822550831792976,0.4962680090262107,0.15709969788519637,0.28859060402684567,0.38227513227513227,0.33485704787234044
meraGPT/mera-mix-4x7B,0.4195933456561922,0.3992362437076896,0.05362537764350453,0.30453020134228187,0.40476190476190477,0.27476728723404253
mergekit-community/JAJUKA-WEWILLNEVERFORGETYOU-3B,0.4269870609981516,0.4360354105190071,0.12462235649546828,0.29278523489932884,0.36507936507936506,0.3032746010638298
mergekit-community/SuperQwen-2.5-1.5B,0.08502772643253234,0.28658219059191115,0.019637462235649546,0.25419463087248323,0.33465608465608465,0.10746343085106383
mergekit-community/VirtuosoSmall-InstructModelStock,0.45286506469500926,0.6498871723659086,0.4093655589123867,0.3825503355704698,0.4748677248677249,0.5420545212765957
mergekit-community/diabolic6045_ELN-AOC-CAIN,0.053604436229205174,0.31088352716542267,0.012084592145015106,0.2634228187919463,0.36507936507936506,0.11909906914893617
mergekit-community/mergekit-dare_ties-ajgjgea,0.46395563770794823,0.34646762714806456,0.06419939577039276,0.26426174496644295,0.328042328042328,0.17436835106382978
mergekit-community/mergekit-della-zgowfmf,0.41035120147874304,0.6570039923624371,0.36178247734138974,0.3901006711409396,0.4828042328042328,0.5414727393617021
mergekit-community/mergekit-model_stock-azgztvm,0.4343807763401109,0.6521437250477348,0.43731117824773413,0.38171140939597314,0.4722222222222222,0.5405585106382979
mergekit-community/mergekit-slerp-fmrazcr,0.3456561922365989,0.5321992709599028,0.11933534743202417,0.311241610738255,0.41005291005291006,0.3776595744680851
mergekit-community/mergekit-ties-rraxdhv,0.10351201478743069,0.5174448880402708,0.04003021148036254,0.30788590604026844,0.4193121693121693,0.39095744680851063
mergekit-community/mergekit-ties-ykqemwr,0.2846580406654344,0.543134872417983,0.12235649546827794,0.3221476510067114,0.4193121693121693,0.3734208776595745
mergekit-community/sexeh_time_testing,0.6913123844731978,0.5224787363304981,0.08987915407854985,0.2911073825503356,0.3611111111111111,0.36668882978723405
meta-llama/Llama-2-13b-chat-hf,0.34011090573012936,0.33171324422843257,0.013595166163141994,0.23154362416107382,0.3994708994708995,0.19232047872340424
meta-llama/Llama-2-13b-hf,0.18114602587800369,0.4113869119944454,0.015105740181268883,0.28104026845637586,0.3531746031746032,0.23778257978723405
meta-llama/Llama-2-70b-chat-hf,0.4436229205175601,0.30220447838916853,0.02945619335347432,0.26426174496644295,0.36772486772486773,0.2432679521276596
meta-llama/Llama-2-70b-hf,0.1756007393715342,0.5460857490019094,0.0324773413897281,0.3028523489932886,0.4113756613756614,0.37175864361702127
meta-llama/Llama-2-7b-chat-hf,0.33086876155268025,0.3086269744835966,0.019637462235649546,0.2533557046979866,0.3664021164021164,0.16879986702127658
meta-llama/Llama-2-7b-hf,0.18484288354898337,0.34750911300121506,0.017371601208459216,0.26677852348993286,0.36904761904761907,0.18608710106382978
meta-llama/Llama-3.1-70B-Instruct,0.8428835489833642,0.6915466064919285,0.3806646525679758,0.3565436241610738,0.45634920634920634,0.5309175531914894
meta-llama/Llama-3.1-70B,0.10905730129390019,0.6271480645721229,0.18429003021148038,0.3875838926174497,0.45634920634920634,0.4654255319148936
meta-llama/Llama-3.1-8B-Instruct,0.4195933456561922,0.5077243534108662,0.1555891238670695,0.31543624161073824,0.3968253968253968,0.37982047872340424
meta-llama/Llama-3.1-8B,0.08133086876155268,0.46380836660302033,0.06570996978851963,0.3104026845637584,0.38095238095238093,0.32878989361702127
meta-llama/Llama-3.2-1B-Instruct,0.5101663585951941,0.34681478909911473,0.0702416918429003,0.2751677852348993,0.33201058201058203,0.16821808510638298
meta-llama/Llama-3.2-1B,0.11090573012939002,0.3089741364346468,0.012084592145015106,0.22818791946308725,0.3439153439153439,0.12034574468085106
meta-llama/Llama-3.2-3B-Instruct,0.6968576709796673,0.4586009373372678,0.17673716012084592,0.2785234899328859,0.35185185185185186,0.3194813829787234
meta-llama/Llama-3.2-3B,0.09242144177449169,0.3893421281027599,0.0188821752265861,0.2676174496644295,0.35714285714285715,0.2487533244680851
meta-llama/Llama-3.3-70B-Instruct,0.8798521256931608,0.6915466064919285,0.48338368580060426,0.3288590604026846,0.4444444444444444,0.5331615691489362
meta-llama/Meta-Llama-3-70B-Instruct,0.7744916820702403,0.6524908869987849,0.24471299093655588,0.28691275167785235,0.414021164021164,0.5206948138297872
meta-llama/Meta-Llama-3-70B,0.10720887245841035,0.6465891338309321,0.18580060422960726,0.3976510067114094,0.45105820105820105,0.4709109042553192
meta-llama/Meta-Llama-3-8B-Instruct,0.40850277264325324,0.48915118902968235,0.09138972809667674,0.29278523489932884,0.37962962962962965,0.359125664893617
meta-llama/Meta-Llama-3-8B,0.09796672828096119,0.45738587050859225,0.045317220543806644,0.3053691275167785,0.3611111111111111,0.32097739361702127
mhl1/Qwen2.5-0.5B-cinstruct-stage1,0.09611829944547134,0.3225134525256032,0.01283987915407855,0.2651006711409396,0.3492063492063492,0.11394614361702128
microsoft/DialoGPT-medium,0.09796672828096119,0.29786495400104146,0.0,0.25419463087248323,0.42724867724867727,0.1118683510638298
microsoft/Orca-2-13b,0.25508317929759705,0.4877625412254817,0.03172205438066465,0.2802013422818792,0.5119047619047619,0.27493351063829785
microsoft/Orca-2-7b,0.1645101663585952,0.44263148758896026,0.019637462235649546,0.2609060402684564,0.5013227513227513,0.23188164893617022
microsoft/Phi-3-medium-128k-instruct,0.5545286506469501,0.6361742752994272,0.19184290030211482,0.33640939597315433,0.4113756613756614,0.47116023936170215
microsoft/Phi-3-medium-4k-instruct,0.5914972273567468,0.6380836660302031,0.19561933534743203,0.33640939597315433,0.4246031746031746,0.4675864361702128
microsoft/Phi-3-mini-128k-instruct,0.5489833641404805,0.5559798646068391,0.1404833836858006,0.3179530201342282,0.39285714285714285,0.3734208776595745
microsoft/Phi-3-mini-4k-instruct,0.4898336414048059,0.5474743968061101,0.16389728096676737,0.33221476510067116,0.42724867724867727,0.4021775265957447
microsoft/Phi-3-small-128k-instruct,0.5878003696857671,0.6200312445755946,0.2026086956521739,0.31711409395973156,0.4365079365079365,0.4490525265957447
microsoft/Phi-3-small-8k-instruct,0.6062846580406654,0.6191633396979691,0.18869565217391304,0.31208053691275167,0.455026455026455,0.4506316489361702
microsoft/Phi-3.5-MoE-instruct,0.6451016635859519,0.639819475785454,0.3119335347432024,0.35570469798657717,0.455026455026455,0.46575797872340424
microsoft/Phi-3.5-mini-instruct,0.5194085027726433,0.5500781114389863,0.19637462235649547,0.33976510067114096,0.4007936507936508,0.39619348404255317
microsoft/Phi-4-mini-instruct,0.6950092421441775,0.5667418850893942,0.16993957703927492,0.30956375838926176,0.3862433862433862,0.39320146276595747
microsoft/phi-1,0.1534195933456562,0.31123068911647284,0.009818731117824773,0.2651006711409396,0.35185185185185186,0.11619015957446809
microsoft/phi-1_5,0.1367837338262477,0.33310189203263324,0.01812688821752266,0.2676174496644295,0.33994708994708994,0.16913231382978725
microsoft/phi-2,0.2144177449168207,0.4868946363478563,0.02945619335347432,0.27181208053691275,0.41005291005291006,0.26279920212765956
microsoft/phi-4,0.04990757855822551,0.667418850893942,0.3164652567975831,0.40604026845637586,0.5026455026455027,0.5286735372340425
migtissera/Llama-3-70B-Synthia-v3.5,0.5582255083179297,0.6479777816351328,0.21148036253776434,0.3875838926174497,0.49074074074074076,0.4658410904255319
migtissera/Llama-3-8B-Synthia-v3.5,0.4491682070240296,0.4868946363478563,0.06570996978851963,0.27181208053691275,0.40343915343915343,0.30302526595744683
migtissera/Tess-3-7B-SFT,0.32162661737523107,0.4601631661169936,0.04003021148036254,0.2709731543624161,0.41005291005291006,0.30335771276595747
migtissera/Tess-3-Mistral-Nemo-12B,0.27171903881700554,0.488456865127582,0.05740181268882175,0.25083892617449666,0.4444444444444444,0.25648271276595747
migtissera/Tess-v2.5-Phi-3-medium-128k-14B,0.4029574861367837,0.6182954348203437,0.05060422960725076,0.30788590604026844,0.41005291005291006,0.3731715425531915
migtissera/Tess-v2.5.2-Qwen2-72B,0.3844731977818854,0.6637736504079152,0.2938066465256798,0.35067114093959734,0.41798941798941797,0.5561003989361702
migtissera/Trinity-2-Codestral-22B-v0.2,0.3752310536044362,0.568477694844645,0.08685800604229607,0.30788590604026844,0.4021164021164021,0.3353557180851064
migtissera/Trinity-2-Codestral-22B,0.3512014787430684,0.5565006075334143,0.09667673716012085,0.3145973154362416,0.41005291005291006,0.3307845744680851
mindw96/DeepSeek-llama3.3-Bllossom-8B-DACON-LLM3,0.09057301293900184,0.3037667071688943,0.008308157099697885,0.25083892617449666,0.3783068783068783,0.11062167553191489
minghaowu/Qwen1.5-1.8B-OpenHermes-2.5,0.21626617375231053,0.3353584447144593,0.02416918429003021,0.2835570469798658,0.35185185185185186,0.17918882978723405
ministral/Ministral-3b-instruct,0.08687615526802218,0.3155702135045999,0.008308157099697885,0.2516778523489933,0.3373015873015873,0.10929188829787234
mistral-community/Mistral-7B-v0.2,0.15711645101663585,0.45044263148758895,0.030211480362537766,0.29194630872483224,0.4021164021164021,0.2952958776595745
mistral-community/Mixtral-8x22B-v0.1,0.21,0.38,0.15428571428571428,0.33,0.35333333333333333,0.36
mistral-community/mixtral-8x22B-v0.3,0.19038817005545286,0.6241971879881965,0.18353474320241692,0.3775167785234899,0.40343915343915343,0.46392952127659576
mistralai/Codestral-22B-v0.1,0.5212569316081331,0.5087658392640166,0.10045317220543806,0.2986577181208054,0.41798941798941797,0.3155751329787234
mistralai/Ministral-8B-Instruct-2410,0.5341959334565619,0.47370248220795,0.19561933534743203,0.28439597315436244,0.4126984126984127,0.3291223404255319
mistralai/Mistral-7B-Instruct-v0.1,0.3974121996303142,0.33292831105710813,0.022658610271903322,0.25,0.3835978835978836,0.24143949468085107
mistralai/Mistral-7B-Instruct-v0.2,0.5009242144177449,0.4452352022218365,0.030211480362537766,0.276006711409396,0.3955026455026455,0.2716921542553192
mistralai/Mistral-7B-Instruct-v0.3,0.49353049907578556,0.4700572817219233,0.03851963746223565,0.27936241610738255,0.373015873015873,0.30751329787234044
mistralai/Mistral-7B-v0.1,,0.44106925880923453,0.02945619335347432,,,
mistralai/Mistral-7B-v0.3,,0.4511369553896893,0.030211480362537766,,,
mistralai/Mistral-Large-Instruct-2411,0.8096118299445472,0.6700225655268183,0.4954682779456193,0.43708053691275167,0.4523809523809524,0.5561835106382979
mistralai/Mistral-Nemo-Base-2407,0.10536044362292052,0.5023433431695886,0.05966767371601209,0.2936241610738255,0.3915343915343915,0.34715757978723405
mistralai/Mistral-Nemo-Instruct-2407,0.5878003696857671,0.5006075334143378,0.1268882175226586,0.2902684563758389,0.3888888888888889,0.3517287234042553
mistralai/Mistral-Small-24B-Base-2501,0.10905730129390019,0.6429439333449054,0.1971299093655589,0.3875838926174497,0.42328042328042326,0.5406416223404256
mistralai/Mistral-Small-Instruct-2409,0.5767097966728281,0.5814962680090262,0.2039274924471299,0.33305369127516776,0.4060846560846561,0.409906914893617
mistralai/Mixtral-8x22B-Instruct-v0.1,0.6765249537892791,0.6110050338482902,0.18731117824773413,0.3733221476510067,0.4298941798941799,0.44830452127659576
mistralai/Mixtral-8x22B-v0.1,0.19038817005545286,0.6233292831105711,0.18353474320241692,0.37583892617449666,0.40343915343915343,0.46392952127659576
mistralai/Mixtral-8x7B-Instruct-v0.1,0.5083179297597042,0.4934907134178094,0.09138972809667674,0.3028523489932886,0.4193121693121693,0.36918218085106386
mistralai/Mixtral-8x7B-v0.1,0.19408502772643252,0.507377191459816,0.10196374622356495,0.313758389261745,0.4312169312169312,0.3849734042553192
mixtao/MixTAO-7Bx2-MoE-v8.1,0.3456561922365989,0.5165769831626453,0.09063444108761329,0.28439597315436244,0.44576719576719576,0.3123337765957447
mkurman/llama-3.2-MEDIT-3B-o1,0.37153419593345655,0.4402013539316091,0.13066465256797583,0.26593959731543626,0.3558201058201058,0.27410239361702127
mkurman/phi-4-MedIT-11B-exp-1,0.5360443622920518,0.538795348029856,0.08987915407854985,0.3011744966442953,0.3835978835978836,0.38248005319148937
mkurman/phi4-MedIT-10B-o1,0.27171903881700554,0.5169241451136956,0.1148036253776435,0.24580536912751677,0.3955026455026455,0.3507313829787234
mkxu/llama-3-8b-instruct-fpo,0.6266173752310537,0.49401145634438465,0.07326283987915408,0.27768456375838924,0.36507936507936506,0.36045545212765956
mkxu/llama-3-8b-po1,0.3438077634011091,0.4943586182954348,0.0702416918429003,0.29697986577181207,0.37962962962962965,0.3562167553191489
mlabonne/AlphaMonarch-7B,0.4399260628465804,0.46137823294566915,0.04078549848942598,0.2701342281879195,0.4113756613756614,0.24725731382978725
mlabonne/Beyonder-4x7B-v3,0.5101663585951941,0.4660649192848464,0.05362537764350453,0.28523489932885904,0.40343915343915343,0.2512466755319149
mlabonne/BigQwen2.5-52B-Instruct,0.7541589648798521,0.7089047040444367,0.547583081570997,0.30201342281879195,0.41005291005291006,0.5519448138297872
mlabonne/BigQwen2.5-Echo-47B-Instruct,0.6931608133086876,0.6099635479951397,0.4380664652567976,0.3145973154362416,0.4113756613756614,0.4734042553191489
mlabonne/ChimeraLlama-3-8B-v2,0.3733826247689464,0.5035584099982642,0.09063444108761329,0.28523489932885904,0.3783068783068783,0.3568816489361702
mlabonne/ChimeraLlama-3-8B-v3,0.3659889094269871,0.496788751952786,0.08836858006042296,0.29194630872483224,0.3994708994708995,0.36685505319148937
mlabonne/Daredevil-8B-abliterated,0.36968576709796674,0.42093386564832497,0.09441087613293052,0.2902684563758389,0.4060846560846561,0.3700964095744681
mlabonne/Daredevil-8B,0.3807763401109057,0.5181392119423711,0.10649546827794562,0.30788590604026844,0.39285714285714285,0.383061835106383
mlabonne/Hermes-3-Llama-3.1-70B-lorablated,0.2975970425138632,0.6684603367470925,0.2243202416918429,0.36577181208053694,0.5013227513227513,0.4679188829787234
mlabonne/Meta-Llama-3.1-8B-Instruct-abliterated,0.6913123844731978,0.48515882659260545,0.06873111782477341,0.25671140939597314,0.3637566137566138,0.3503158244680851
mlabonne/NeuralBeagle14-7B,0.43068391866913125,0.4618989758722444,0.05211480362537765,0.28187919463087246,0.4312169312169312,0.2601396276595745
mlabonne/NeuralDaredevil-8B-abliterated,0.7171903881700554,0.5103280680437424,0.09063444108761329,0.3062080536912752,0.4007936507936508,0.38414228723404253
mlabonne/OrpoLlama-3-8B,0.30129390018484287,0.43968061100503386,0.055891238670694864,0.27936241610738255,0.35714285714285715,0.2705285904255319
mlabonne/phixtral-2x2_8,0.2809611829944547,0.4877625412254817,0.035498489425981876,0.2651006711409396,0.3637566137566138,0.2550698138297872
mlx-community/Josiefied-Qwen2.5-0.5B-Instruct-abliterated-v1-float32,0.28650646950092423,0.3282416247179309,0.08459214501510574,0.2575503355704698,0.32407407407407407,0.16381316489361702
mlx-community/Mistral-Small-24B-Instruct-2501-bf16,0.5767097966728281,0.669501822600243,0.32250755287009064,0.3951342281879195,0.46164021164021163,0.5394780585106383
mmnga/Llama-3-70B-japanese-suzume-vector-v0.1,0.3974121996303142,0.6519701440722097,0.2326283987915408,0.2860738255033557,0.4126984126984127,0.5224401595744681
mobiuslabsgmbh/DeepSeek-R1-ReDistill-Llama3-8B-v1.1,0.3031423290203327,0.343169588613088,0.3285498489425982,0.2709731543624161,0.3386243386243386,0.2198304521276596
mobiuslabsgmbh/DeepSeek-R1-ReDistill-Qwen-7B-v1.1,0.2809611829944547,0.3669501822600243,0.3496978851963746,0.2651006711409396,0.3994708994708995,0.23262965425531915
moeru-ai/L3.1-Moe-2x8B-v0.2,0.6950092421441775,0.5224787363304981,0.16993957703927492,0.30033557046979864,0.4193121693121693,0.38580452127659576
moeru-ai/L3.1-Moe-4x8B-v0.1,0.36044362292051757,0.49210206561360875,0.1299093655589124,0.25922818791946306,0.35978835978835977,0.34541223404255317
moeru-ai/L3.1-Moe-4x8B-v0.2,0.4805914972273567,0.788,0.10347432024169184,0.2727272727272727,0.508,0.27626329787234044
monsterapi/Llama-3_1-8B-Instruct-orca-ORPO,0.16081330868761554,0.2832841520569346,0.0,0.24916107382550334,0.3439153439153439,0.11677194148936171
monsterapi/gemma-2-2b-LoRA-MonsterInstruct,0.33086876155268025,0.36226349592084706,0.05060422960725076,0.2701342281879195,0.3637566137566138,0.19872007978723405
mosaicml/mpt-7b,0.1534195933456562,0.32702655788925533,0.015861027190332326,0.2600671140939597,0.3664021164021164,0.12059507978723404
mosama/Qwen2.5-1.5B-Instruct-CoT-Reflection,0.23475046210720887,0.40704738760631837,0.027190332326283987,0.26174496644295303,0.3201058201058201,0.26512632978723405
mrdayl/OpenCogito,0.3179297597042514,0.4688422148932477,0.21827794561933533,0.30033557046979864,0.42328042328042326,0.3451628989361702
mrdayl/OpenCognito-r1,0.35304990757855825,0.46450269050512066,0.1903323262839879,0.29949664429530204,0.42328042328042326,0.3474900265957447
mrdayl/OpenCognito-r2,0.32532347504621073,0.4660649192848464,0.20241691842900303,0.3062080536912752,0.4193121693121693,0.34616023936170215
mrdayl/OpenCognito,0.3364140480591497,0.4676271480645721,0.21148036253776434,0.2978187919463087,0.42857142857142855,0.3443317819148936
mrdayl/OpenThink,0.13863216266173753,0.34386391251518833,0.28851963746223563,0.2827181208053691,0.328042328042328,0.18500664893617022
mrm8488/phi-4-14B-grpo-gsm8k-3e,0.6432532347504621,0.6785280333275473,0.452416918429003,0.33557046979865773,0.39814814814814814,0.526845079787234
mrm8488/phi-4-14B-grpo-limo,0.6358595194085028,0.6764450616212463,0.4569486404833837,0.33640939597315433,0.3968253968253968,0.5260970744680851
mukaj/Llama-3.1-Hawkish-8B,0.6210720887245841,0.486373893421281,0.243202416918429,0.2902684563758389,0.3955026455026455,0.33311170212765956
natong19/Mistral-Nemo-Instruct-2407-abliterated,0.5878003696857671,0.5016490192674883,0.13217522658610273,0.28691275167785235,0.4021164021164021,0.351811835106383
natong19/Qwen2-7B-Instruct-abliterated,0.5378927911275416,0.551466759243187,0.2764350453172205,0.3011744966442953,0.4021164021164021,0.3842253989361702
nazimali/Mistral-Nemo-Kurdish-Instruct,0.4288354898336414,0.469536538795348,0.08459214501510574,0.28439597315436244,0.3994708994708995,0.30867686170212766
nazimali/Mistral-Nemo-Kurdish,0.2809611829944547,0.5105016490192675,0.09592145015105741,0.3011744966442953,0.4113756613756614,0.3234707446808511
nbeerbower/BigKartoffel-mistral-nemo-20B,0.532347504621072,0.5500781114389863,0.026435045317220542,0.28691275167785235,0.42724867724867727,0.3529753989361702
nbeerbower/DoppelKartoffel-Mistral-Nemo-23B,0.46395563770794823,0.5198750216976219,0.030966767371601207,0.2751677852348993,0.3783068783068783,0.3080119680851064
nbeerbower/DoublePotato-Mistral-Nemo-13B,0.6266173752310537,0.5401839958340566,0.04003021148036254,0.3011744966442953,0.458994708994709,0.359624335106383
nbeerbower/Dumpling-Qwen2.5-1.5B,0.31053604436229204,0.41190765492102066,0.11706948640483383,0.2684563758389262,0.3716931216931217,0.2771775265957447
nbeerbower/Dumpling-Qwen2.5-14B,0.5545286506469501,0.6425967713938552,0.30966767371601206,0.3011744966442953,0.43386243386243384,0.5170378989361702
nbeerbower/Dumpling-Qwen2.5-7B-1k-r16,0.4288354898336414,0.5186599548689463,0.236404833836858,0.2701342281879195,0.421957671957672,0.39586103723404253
nbeerbower/Dumpling-Qwen2.5-7B-1k-r64-2e-5,0.3585951940850277,0.5266446797431001,0.21148036253776434,0.2701342281879195,0.4470899470899471,0.41215093085106386
nbeerbower/EVA-abliterated-TIES-Qwen2.5-1.5B,0.34935304990757854,0.39593820517271305,0.13746223564954682,0.2651006711409396,0.3492063492063492,0.27119348404255317
nbeerbower/EVA-abliterated-TIES-Qwen2.5-14B,0.7541589648798521,0.6349592084707516,0.5045317220543807,0.3548657718120805,0.43915343915343913,0.5211103723404256
nbeerbower/Flammades-Mistral-Nemo-12B,0.3234750462107209,0.528554070473876,0.0755287009063444,0.3036912751677852,0.4801587301587302,0.36610704787234044
nbeerbower/Gemma2-Gutenberg-Doppel-9B,0.6728280961182994,0.5858357923971532,0.19788519637462235,0.3296979865771812,0.4603174603174603,0.41273271276595747
nbeerbower/Gutensuppe-mistral-nemo-12B,0.24029574861367836,0.5459121680263843,0.13293051359516617,0.337248322147651,0.42857142857142855,0.3680186170212766
nbeerbower/Hermes2-Gutenberg2-Mistral-7B,0.29944547134935307,0.4948793612220101,0.05740181268882175,0.28942953020134227,0.46164021164021163,0.29928523936170215
nbeerbower/Kartoffel-Deepfry-12B,0.4491682070240296,0.5330671758375282,0.06042296072507553,0.2961409395973154,0.47883597883597884,0.3582114361702128
nbeerbower/Llama-3.1-Nemotron-lorablated-70B,0.678373382624769,0.6813053289359486,0.3338368580060423,0.39093959731543626,0.4669312169312169,0.5343251329787234
nbeerbower/Llama3.1-Gutenberg-Doppel-70B,0.6654343807763401,0.6641208123589655,0.2122356495468278,0.3447986577181208,0.4880952380952381,0.4736535904255319
nbeerbower/Lyra-Gutenberg-mistral-nemo-12B,0.28650646950092423,0.5559798646068391,0.10120845921450151,0.3338926174496644,0.4351851851851852,0.36278257978723405
nbeerbower/Lyra4-Gutenberg-12B,0.17744916820702403,0.5361916333969797,0.1299093655589124,0.3187919463087248,0.40343915343915343,0.35713098404255317
nbeerbower/Lyra4-Gutenberg2-12B,0.2088724584103512,0.5321992709599028,0.11706948640483383,0.31291946308724833,0.3968253968253968,0.35654920212765956
nbeerbower/Mahou-1.5-mistral-nemo-12B-lorablated,0.6395563770794824,0.5459121680263843,0.0891238670694864,0.27936241610738255,0.45105820105820105,0.35738031914893614
nbeerbower/Mistral-Gutenberg-Doppel-7B-FFT,0.5138632162661737,0.40704738760631837,0.024924471299093656,0.2835570469798658,0.40476190476190477,0.2728557180851064
nbeerbower/Mistral-Nemo-Gutenberg-Doppel-12B-v2,0.6081330868761553,0.5339350807151536,0.11555891238670694,0.2709731543624161,0.421957671957672,0.3546376329787234
nbeerbower/Mistral-Nemo-Gutenberg-Doppel-12B,0.31053604436229204,0.5250824509633745,0.1216012084592145,0.3162751677852349,0.4126984126984127,0.35787898936170215
nbeerbower/Mistral-Nemo-Moderne-12B-FFT-experimental,0.2735674676524954,0.5197014407220969,0.0770392749244713,0.28104026845637586,0.37037037037037035,0.3454953457446808
nbeerbower/Mistral-Nemo-Prism-12B-v2,0.6561922365988909,0.5453914250998091,0.0891238670694864,0.3053691275167785,0.458994708994709,0.3567154255319149
nbeerbower/Mistral-Nemo-Prism-12B-v7,0.6524953789279113,0.5485158826592605,0.08685800604229607,0.29949664429530204,0.46296296296296297,0.35904255319148937
nbeerbower/Mistral-Nemo-Prism-12B,0.6414048059149723,0.5441763582711335,0.08685800604229607,0.30788590604026844,0.46164021164021163,0.3581283244680851
nbeerbower/Mistral-Small-Drummer-22B,0.5804066543438078,0.5775039055719493,0.18882175226586104,0.34312080536912754,0.4060846560846561,0.40949135638297873
nbeerbower/Mistral-Small-Gutenberg-Doppel-22B,0.43068391866913125,0.5835792397153272,0.21827794561933533,0.3464765100671141,0.3968253968253968,0.41240026595744683
nbeerbower/Nemo-Loony-12B-experimental,0.3068391866913124,0.38118382225308106,0.015105740181268883,0.2701342281879195,0.3333333333333333,0.1589095744680851
nbeerbower/Nemoties-ChatML-12B,0.5785582255083179,0.5436556153445582,0.07854984894259819,0.29697986577181207,0.4497354497354497,0.3550531914893617
nbeerbower/Qwen2.5-Gutenberg-Doppel-14B,0.7800369685767098,0.6365214372504774,0.5415407854984894,0.33305369127516776,0.4087301587301587,0.49210438829787234
nbeerbower/SmolNemo-12B-FFT-experimental,0.2643253234750462,0.33067175837528207,0.01283987915407855,0.2600671140939597,0.3835978835978836,0.12167553191489362
nbeerbower/Stella-mistral-nemo-12B-v2,0.2735674676524954,0.5459121680263843,0.1163141993957704,0.33221476510067116,0.4298941798941799,0.3684341755319149
nbeerbower/gemma2-gutenberg-27B,0.2476894639556377,0.3784065266446797,0.0188821752265861,0.2726510067114094,0.3716931216931217,0.19822140957446807
nbeerbower/gemma2-gutenberg-9B,0.26062846580406657,0.593820517271307,0.08081570996978851,0.33808724832214765,0.458994708994709,0.4192154255319149
nbeerbower/llama-3-gutenberg-8B,0.3659889094269871,0.4976566568304114,0.07854984894259819,0.3011744966442953,0.4060846560846561,0.383061835106383
nbeerbower/llama3.1-cc-8B,0.43807763401109057,0.4856795695191807,0.07099697885196375,0.28523489932885904,0.38756613756613756,0.3346908244680851
nbeerbower/llama3.1-kartoffeldes-70B,0.7911275415896488,0.6877278250303767,0.3217522658610272,0.35151006711409394,0.46296296296296297,0.4988364361702128
nbeerbower/mistral-nemo-bophades-12B,0.6358595194085028,0.49609442805068565,0.12311178247734139,0.28523489932885904,0.4166666666666667,0.35006648936170215
nbeerbower/mistral-nemo-bophades3-12B,0.6081330868761553,0.5420933865648325,0.08459214501510574,0.31208053691275167,0.458994708994709,0.3371010638297872
nbeerbower/mistral-nemo-cc-12B,0.10720887245841035,0.5384481860788057,0.0256797583081571,0.31543624161073824,0.4417989417989418,0.3597905585106383
nbeerbower/mistral-nemo-gutades-12B,0.2809611829944547,0.5393160909564312,0.11782477341389729,0.31543624161073824,0.40343915343915343,0.3560505319148936
nbeerbower/mistral-nemo-gutenberg-12B-v2,0.5656192236598891,0.5363652143725047,0.10876132930513595,0.27768456375838924,0.42724867724867727,0.34990026595744683
nbeerbower/mistral-nemo-gutenberg-12B-v3,0.18114602587800369,0.5429612914424579,0.05966767371601209,0.3145973154362416,0.4444444444444444,0.3644448138297872
nbeerbower/mistral-nemo-gutenberg-12B-v4,0.19408502772643252,0.5243881270612741,0.12613293051359517,0.3162751677852349,0.41005291005291006,0.3575465425531915
nbeerbower/mistral-nemo-gutenberg-12B,0.30868761552680224,0.52629751779205,0.1163141993957704,0.3070469798657718,0.4166666666666667,0.3562167553191489
nbeerbower/mistral-nemo-gutenberg2-12B-test,0.2920517560073937,0.5233466412081236,0.1163141993957704,0.31711409395973156,0.41534391534391535,0.35546875
nbeerbower/mistral-nemo-kartoffel-12B,0.6617375231053605,0.5446971011977088,0.08534743202416918,0.30453020134228187,0.4642857142857143,0.35846077127659576
nbeerbower/mistral-nemo-narwhal-12B,0.49353049907578556,0.5014754382919632,0.0581570996978852,0.2709731543624161,0.3835978835978836,0.34832114361702127
nbeerbower/mistral-nemo-wissenschaft-12B,0.6025878003696857,0.500954695365388,0.1216012084592145,0.29278523489932884,0.4166666666666667,0.35322473404255317
nbrahme/IndusQ,0.1977818853974122,0.30220447838916853,0.0007552870090634441,0.26510067114093966,0.335978835978836,0.11203457446808511
necva/IE-cont-Llama3.1-8B,0.14602587800369685,0.28762367644506165,0.0,0.2600671140939597,0.35714285714285715,0.11668882978723404
necva/replica-IEPile,0.3900184842883549,0.47717410171845165,0.12386706948640483,0.3062080536912752,0.3994708994708995,0.3560505319148936
neopolita/jessi-v0.1-bf16-falcon3-7b-instruct,0.711645101663586,0.5478215587571602,0.3806646525679758,0.3028523489932886,0.48148148148148145,0.3923703457446808
neopolita/jessi-v0.1-falcon3-10b-instruct,0.7153419593345656,0.5924318694671064,0.2001510574018127,0.3187919463087248,0.42724867724867727,0.4187998670212766
neopolita/jessi-v0.1-qwen2.5-7b-instruct,0.6931608133086876,0.5256031938899497,0.4086102719033233,0.29697986577181207,0.39021164021164023,0.42278922872340424
neopolita/jessi-v0.1-virtuoso-small,0.7597042513863216,0.6413817045651796,0.33987915407854985,0.33053691275167785,0.4351851851851852,0.5129654255319149
neopolita/jessi-v0.2-falcon3-10b-instruct,0.7430683918669131,0.6181218538448187,0.2122356495468278,0.3288590604026846,0.42724867724867727,0.4354222074468085
neopolita/jessi-v0.2-falcon3-7b-instruct,0.5138632162661737,0.5309842041312273,0.2537764350453172,0.31711409395973156,0.4470899470899471,0.3904587765957447
neopolita/jessi-v0.3-falcon3-7b-instruct,0.711645101663586,0.5348029855927791,0.18882175226586104,0.3196308724832215,0.46825396825396826,0.3970246010638298
neopolita/jessi-v0.4-falcon3-7b-instruct,0.7245841035120147,0.5486894636347857,0.3768882175226586,0.3028523489932886,0.49603174603174605,0.40043218085106386
neopolita/jessi-v0.5-falcon3-7b-instruct,0.7005545286506469,0.5549383787536886,0.37386706948640486,0.311241610738255,0.48544973544973546,0.3966090425531915
neopolita/jessi-v0.6-falcon3-7b-instruct,0.6950092421441775,0.547300815830585,0.3564954682779456,0.30033557046979864,0.4894179894179894,0.3956948138297872
neopolita/loki-v0.1-virtuoso,0.744916820702403,0.6439854191980559,0.3391238670694864,0.35067114093959734,0.4365079365079365,0.5128823138297872
netcat420/DeepSeek-R1-Distill-Qwen-MFANN-Slerp-7b,0.08133086876155268,0.2839784759590349,0.0015105740181268882,0.26426174496644295,0.3716931216931217,0.10895944148936171
netcat420/DeepSeek-R1-MFANN-TIES-unretrained-7b,0.19963031423290203,0.3060232598507204,0.012084592145015106,0.2550335570469799,0.35185185185185186,0.11452792553191489
netcat420/Llama3.1-MFANN-8b,0.2365988909426987,0.4245790661343517,0.02945619335347432,0.287751677852349,0.3373015873015873,0.27252327127659576
netcat420/MFANN-Llama3.1-Abliterated-SLERP-TIES-V2,0.3419593345656192,0.49192848463808364,0.07628398791540786,0.29697986577181207,0.3716931216931217,0.35222739361702127
netcat420/MFANN-Llama3.1-Abliterated-SLERP-TIES-V3,0.3512014787430684,0.490539836833883,0.0755287009063444,0.29697986577181207,0.373015873015873,0.34898603723404253
netcat420/MFANN-Llama3.1-Abliterated-SLERP-V4,0.34935304990757854,0.49019267488283286,0.06797583081570997,0.3053691275167785,0.38095238095238093,0.35164561170212766
netcat420/MFANN-Llama3.1-Abliterated-SLERP-V5,0.3585951940850277,0.49418503731990976,0.08157099697885196,0.2936241610738255,0.376984126984127,0.3444980053191489
netcat420/MFANN-Llama3.1-Abliterated-Slerp-TIES,0.36229205175600737,0.4962680090262107,0.06646525679758308,0.29194630872483224,0.36772486772486773,0.3531416223404255
netcat420/MFANN-Llama3.1-Abliterated-Slerp-V3.2,0.3364140480591497,0.49696233292831105,0.0702416918429003,0.287751677852349,0.37433862433862436,0.3527260638297872
netcat420/MFANN-SFT,0.2975970425138632,0.4827286929352543,0.05966767371601209,0.3162751677852349,0.3716931216931217,0.3336103723404255
netcat420/MFANN-abliterated-phi2-merge-unretrained,0.23290203327171904,0.4106925880923451,0.028700906344410877,0.2609060402684564,0.31746031746031744,0.14777260638297873
netcat420/MFANN-llama3.1-Abliterated-SLERP,0.20517560073937152,0.45530289880229124,0.04833836858006042,0.27348993288590606,0.37962962962962965,0.2928025265957447
netcat420/MFANN-llama3.1-abliterated-SLERP-v3.1,0.34750462107208874,0.49106057976045825,0.06948640483383686,0.29278523489932884,0.36772486772486773,0.3543051861702128
netcat420/MFANN-llama3.1-abliterated-SLERP-v3,0.29944547134935307,0.49210206561360875,0.06419939577039276,0.2911073825503356,0.36507936507936506,0.35305851063829785
netcat420/MFANN-llama3.1-abliterated-v2,0.3678373382624769,0.4934907134178094,0.07401812688821752,0.29278523489932884,0.3835978835978836,0.3490691489361702
netcat420/MFANN-phigments-slerp-V2,0.24584103512014788,0.47908349244922754,0.03172205438066465,0.2726510067114094,0.40343915343915343,0.2716921542553192
netcat420/MFANN-phigments-slerp-V3.2,0.2828096118299446,0.4766533587918764,0.03323262839879154,0.2835570469798658,0.37037037037037035,0.2705285904255319
netcat420/MFANN-phigments-slerp-V3.3,0.2957486136783734,0.4858531504947058,0.03323262839879154,0.2751677852348993,0.3888888888888889,0.2802526595744681
netcat420/MFANN3b,0.18114602587800369,0.44072209685818436,0.02190332326283988,0.29194630872483224,0.35978835978835977,0.23055186170212766
netcat420/MFANN3bv0.15,0.13863216266173753,0.45148411734073945,0.026435045317220542,0.2516778523489933,0.3955026455026455,0.24684175531914893
netcat420/MFANN3bv0.18,0.15711645101663585,0.44853324075681306,0.024924471299093656,0.2575503355704698,0.4021164021164021,0.25
netcat420/MFANN3bv0.19,0.16266173752310537,0.4492275646589134,0.022658610271903322,0.2575503355704698,0.4021164021164021,0.25199468085106386
netcat420/MFANN3bv0.20,0.14972273567467653,0.4467974310015622,0.026435045317220542,0.25922818791946306,0.4074074074074074,0.25
netcat420/MFANN3bv0.21,0.13123844731977818,0.44367297344211076,0.03172205438066465,0.26426174496644295,0.37566137566137564,0.23927859042553193
netcat420/MFANN3bv0.22,0.14048059149722736,0.4448880402707863,0.026435045317220542,0.26174496644295303,0.35185185185185186,0.2517453457446808
netcat420/MFANN3bv0.23,0.13863216266173753,0.4459295261239368,0.024924471299093656,0.2516778523489933,0.3425925925925926,0.2417719414893617
netcat420/MFANN3bv0.24,0.15711645101663585,0.43759763929873285,0.027945619335347432,0.25838926174496646,0.35185185185185186,0.23520611702127658
netcat420/MFANN3bv1.1,0.18484288354898337,0.3391772261760111,0.02039274924471299,0.26677852348993286,0.32142857142857145,0.11585771276595745
netcat420/MFANN3bv1.2,0.20147874306839186,0.36573511543134873,0.026435045317220542,0.2634228187919463,0.3148148148148148,0.14502992021276595
netcat420/MFANN3bv1.3,0.19038817005545286,0.442110744662385,0.021148036253776436,0.2575503355704698,0.32936507936507936,0.22755984042553193
netcat420/MFANN3bv1.4,0.2828096118299446,0.4766533587918764,0.03700906344410876,0.2827181208053691,0.37037037037037035,0.2705285904255319
netcat420/MFANNv0.19,0.23844731977818853,0.4724874153792744,0.04154078549848943,0.3070469798657718,0.35185185185185186,0.24725731382978725
netcat420/MFANNv0.20,0.27726432532347506,0.45547647977781636,0.04984894259818731,0.2902684563758389,0.3862433862433862,0.32022938829787234
netcat420/MFANNv0.21,0.25693160813308685,0.4556500607533414,0.05740181268882175,0.2785234899328859,0.39814814814814814,0.3031083776595745
netcat420/MFANNv0.22.1,0.2365988909426987,0.46432910952959555,0.05362537764350453,0.276006711409396,0.37433862433862436,0.33427526595744683
netcat420/MFANNv0.23,0.2513863216266174,0.486373893421281,0.04984894259818731,0.28439597315436244,0.37566137566137564,0.33876329787234044
netcat420/MFANNv0.24,0.24399260628465805,0.47717410171845165,0.06117824773413897,0.28439597315436244,0.37433862433862436,0.3347739361702128
netcat420/MFANNv0.25,0.27726432532347506,0.47821558757160215,0.0581570996978852,0.2802013422818792,0.36772486772486773,0.33427526595744683
netcat420/Qwen2.5-7B-nerd-uncensored-v0.9-MFANN,0.5341959334565619,0.5203957646241972,0.3376132930513595,0.28104026845637586,0.3915343915343915,0.390375664893617
netcat420/Qwen2.5-7b-MFANN-slerp,0.6025878003696857,0.5039055719493144,0.28700906344410876,0.2953020134228188,0.4060846560846561,0.3416722074468085
netcat420/Qwen2.5-7b-nerd-uncensored-MFANN-slerp,0.10905730129390019,0.28849158132268704,0.0,0.2600671140939597,0.3783068783068783,0.11003989361702128
netcat420/Qwen2.5-Coder-Scholar-7B-Abliterated-MFANN-Slerp-Unretrained,0.5970425138632163,0.5014754382919632,0.2990936555891239,0.2986577181208054,0.414021164021164,0.3431682180851064
netcat420/Qwen2.5-Coder-Scholar-7B-Abliterated-MFANN,0.5249537892791127,0.5025169241451137,0.256797583081571,0.29278523489932884,0.40476190476190477,0.3156582446808511
netcat420/Qwen2.5-DeepSeek-R1-MFANN-Slerp-7b,0.21256931608133087,0.3759763929873286,0.01812688821752266,0.23238255033557048,0.35185185185185186,0.16771941489361702
netcat420/Qwen2.5-MFANN-7b,0.55637707948244,0.5007811143898628,0.27870090634441086,0.2860738255033557,0.4007936507936508,0.32330452127659576
netcat420/qwen2.5-MFANN-7b-SLERP-V1.2,0.6173752310536045,0.5068564485332407,0.28700906344410876,0.29697986577181207,0.4246031746031746,0.34383311170212766
netcat420/qwen2.5-MFANN-7b-SLERPv1.1,0.6155268022181146,0.5032112480472141,0.29682779456193353,0.2902684563758389,0.4113756613756614,0.34483045212765956
netcat420/qwen2.5-MFANN-7b-v1.1,0.5582255083179297,0.49314355146675926,0.2824773413897281,0.276006711409396,0.41005291005291006,0.3248005319148936
netease-youdao/Confucius-o1-14B,0.5970425138632163,0.627495226523173,0.4312688821752266,0.3649328859060403,0.43253968253968256,0.5265126329787234
newsbang/Homer-7B-v0.1,0.5526802218114603,0.5575420933865648,0.3859516616314199,0.32466442953020136,0.4351851851851852,0.4474734042553192
newsbang/Homer-7B-v0.2,0.7097966728280961,0.5490366255858358,0.24773413897280966,0.33221476510067116,0.42857142857142855,0.4409906914893617
newsbang/Homer-v0.3-Qwen2.5-7B,0.45286506469500926,0.5441763582711335,0.30891238670694865,0.3338926174496644,0.47354497354497355,0.445561835106383
newsbang/Homer-v0.4-Qwen2.5-7B,0.7689463955637708,0.5507724353410867,0.27794561933534745,0.31543624161073824,0.4298941798941799,0.4362533244680851
newsbang/Homer-v0.5-Qwen2.5-7B,0.756007393715342,0.551640340218712,0.3723564954682779,0.3028523489932886,0.41798941798941797,0.4369182180851064
newsbang/Homer-v1.0-Qwen2.5-72B,0.7245841035120147,0.7292136781808713,0.4901812688821752,0.4161073825503356,0.4669312169312169,0.6145279255319149
newsbang/Homer-v1.0-Qwen2.5-7B,0.5914972273567468,0.5629231036278424,0.3323262839879154,0.3221476510067114,0.42724867724867727,0.45345744680851063
nguyentd/FinancialAdvice-Qwen2.5-7B,0.3752310536044362,0.4710987675750738,0.1148036253776435,0.29446308724832215,0.4021164021164021,0.375249335106383
ngxson/MiniThinky-1B-Llama-3.2,0.21256931608133087,0.3100156222877973,0.05740181268882175,0.23909395973154363,0.3425925925925926,0.1146941489361702
ngxson/MiniThinky-v2-1B-Llama-3.2,0.23290203327171904,0.31713244228432563,0.028700906344410877,0.23993288590604026,0.33465608465608465,0.1116190159574468
nhyha/N3N_Delirium-v1_1030_0227,0.7652495378927912,0.844,0.2107250755287009,0.3434343434343434,0.54,0.41497672872340424
nhyha/N3N_Llama-3.1-8B-Instruct_1028_0216,0.39926062846580407,0.82,0.17069486404833836,0.29292929292929293,0.544,0.36377992021276595
nhyha/N3N_gemma-2-9b-it_20241029_1532,0.6321626617375231,0.585315049470578,0.2122356495468278,0.34060402684563756,0.458994708994709,0.4122340425531915
nhyha/N3N_gemma-2-9b-it_20241110_2026,0.5767097966728281,0.5858357923971532,0.1608761329305136,0.33640939597315433,0.4060846560846561,0.40201130319148937
nhyha/merge_Qwen2.5-7B-Instruct_20241023_0314,0.5046210720887245,0.832,0.3542296072507553,0.35858585858585856,0.524,0.45420545212765956
nidum/Nidum-Limitless-Gemma-2B,0.18853974121996303,0.3046346120465197,0.013595166163141994,0.26426174496644295,0.373015873015873,0.11735372340425532
nisten/franqwenstein-35b,0.31608133086876156,0.661169935775039,0.3406344410876133,0.4035234899328859,0.4933862433862434,0.5730551861702128
nisten/tqwendo-36b,0.6229205175600739,0.6417288665162298,0.41540785498489424,0.3313758389261745,0.4417989417989418,0.4380817819148936
nlpguy/Lion-Lamarck-v.1.0.8,0.3826247689463956,0.585315049470578,0.554380664652568,0.35822147651006714,0.4656084656084656,0.46434507978723405
nlpguy/Lion-Lamarck-v.1.0.9,0.27171903881700554,0.5922582884915814,0.5641993957703928,0.3901006711409396,0.5291005291005291,0.47041223404255317
nlpguy/Lion-Lamarck-v.1.1.0,0.29390018484288355,0.5962506509286583,0.5755287009063444,0.3926174496644295,0.5317460317460317,0.4630984042553192
nlpguy/Miisce-one,0.5452865064695009,0.6488456865127582,0.4169184290030212,0.3859060402684564,0.48148148148148145,0.5412234042553191
nlpguy/Mistral-NeMo-Minitron-Upscale-v1,0.10905730129390019,0.44697101197708733,0.014350453172205438,0.2802013422818792,0.37962962962962965,0.2537400265957447
nlpguy/Mistral-NeMo-Minitron-Upscale-v2,0.10351201478743069,0.3922930046866863,0.01283987915407855,0.27348993288590606,0.3783068783068783,0.1926529255319149
nlpguy/Mistral-NeMo-Minitron-Upscale-v3,0.09057301293900184,0.30220447838916853,0.011329305135951661,0.25922818791946306,0.4087301587301587,0.11710438829787234
nlpguy/StableProse,0.133086876155268,0.5103280680437424,0.0649546827794562,0.3028523489932886,0.4060846560846561,0.3468251329787234
nlpguy/StarFusion-alpha1,0.5157116451016636,0.44072209685818436,0.07175226586102719,0.2953020134228188,0.4074074074074074,0.3190658244680851
noname0202/Llama-3.2-4x3B-Instruct,0.6580406654343808,0.4627668807498698,0.15861027190332327,0.2726510067114094,0.3664021164021164,0.3285405585106383
noname0202/gemma-2-2b-it-ties,0.11645101663585952,0.41676792223572295,0.02416918429003021,0.2701342281879195,0.3915343915343915,0.2560671542553192
noname0202/gemma-2-9b-sft-jp-en-zh-v1,0.24029574861367836,0.4513105363652144,0.0891238670694864,0.3070469798657718,0.4074074074074074,0.3125
noname0202/gemma-2-9b-sft-jp-en-zh-v2,0.33826247689463956,0.4487068217323381,0.1042296072507553,0.287751677852349,0.3611111111111111,0.36751994680851063
noname0202/llama-math-1b-r16-0to512tokens-test,0.4824399260628466,0.3462940461725395,0.08157099697885196,0.26677852348993286,0.3134920634920635,0.17278922872340424
noname0202/llama-math-1b-r32-0to512tokens-test,0.5046210720887245,0.3466412081235897,0.09063444108761329,0.2651006711409396,0.3201058201058201,0.17603058510638298
noname0202/llama-math-1b-r32-test,0.5175600739371534,0.34646762714806456,0.07250755287009064,0.26174496644295303,0.3148148148148148,0.17810837765957446
noname0202/llama-math-1b-r8-512tokens-test,0.5157116451016636,0.34646762714806456,0.08157099697885196,0.2684563758389262,0.31613756613756616,0.17528257978723405
notbdq/Qwen2.5-14B-Instruct-1M-GRPO-Reasoning,0.8170055452865065,0.6177746918937684,0.5302114803625377,0.34312080536912754,0.4166666666666667,0.4849567819148936
nothingiisreal/L3.1-8B-Celeste-V1.5,0.6931608133086876,0.4993924665856622,0.14652567975830816,0.28439597315436244,0.37433862433862436,0.37042885638297873
nothingiisreal/MN-12B-Starcannon-v2,0.3438077634011091,0.49887172365908694,0.05966767371601209,0.2785234899328859,0.3968253968253968,0.31283244680851063
nothingiisreal/MN-12B-Starcannon-v3,0.3142329020332717,0.513626106578719,0.07779456193353475,0.27348993288590606,0.40343915343915343,0.32646276595744683
nvidia/AceInstruct-1.5B,0.33271719038817005,0.3883006422496094,0.31268882175226587,0.27181208053691275,0.34523809523809523,0.2573969414893617
nvidia/AceInstruct-72B,0.6635859519408502,0.6116993577503905,0.6261329305135952,0.3213087248322148,0.4193121693121693,0.48736702127659576
nvidia/AceInstruct-7B,0.48613678373382624,0.5457385870508592,0.5294561933534743,0.3070469798657718,0.4246031746031746,0.417719414893617
nvidia/AceMath-1.5B-Instruct,0.2587800369685767,0.4002777295608401,0.5287009063444109,0.27432885906040266,0.35978835978835977,0.20636635638297873
nvidia/AceMath-72B-Instruct,0.4288354898336414,0.637910085054678,0.7145015105740181,0.2709731543624161,0.40476190476190477,0.44107380319148937
nvidia/AceMath-72B-RM,0.09426987060998152,0.2671411213331019,0.0,0.23406040268456377,0.33465608465608465,0.11785239361702128
nvidia/AceMath-7B-Instruct,0.3955637707948244,0.4955736851241104,0.6336858006042296,0.29194630872483224,0.41798941798941797,0.33834773936170215
nvidia/AceMath-7B-RM,0.09611829944547134,0.24075681305328936,0.0,0.24580536912751677,0.35714285714285715,0.11386303191489362
nvidia/Hymba-1.5B-Base,0.17005545286506468,0.32303419545217843,0.013595166163141994,0.2558724832214765,0.3558201058201058,0.19223736702127658
nvidia/Hymba-1.5B-Instruct,0.5471349353049908,0.3035931261933692,0.027190332326283987,0.28859060402684567,0.3306878306878307,0.20403922872340424
nvidia/Llama-3.1-Minitron-4B-Depth-Base,0.11275415896487985,0.4176358271133484,0.019637462235649546,0.2634228187919463,0.4007936507936508,0.2798371010638298
nvidia/Llama-3.1-Nemotron-70B-Instruct-HF,0.6931608133086876,0.6304461031070995,0.42673716012084595,0.25838926174496646,0.4312169312169312,0.49185505319148937
nvidia/Minitron-4B-Base,0.1534195933456562,0.4056587398021177,0.019637462235649546,0.26929530201342283,0.4126984126984127,0.261968085106383
nvidia/Minitron-8B-Base,0.17190388170055454,0.4353410866169068,0.0256797583081571,0.27348993288590606,0.4021164021164021,0.31806848404255317
nvidia/Mistral-NeMo-Minitron-8B-Base,0.13493530499075784,0.5202221836486721,0.04833836858006042,0.32550335570469796,0.4087301587301587,0.37957114361702127
nvidia/Mistral-NeMo-Minitron-8B-Instruct,0.4288354898336414,0.5289012324249263,0.1163141993957704,0.287751677852349,0.38756613756613756,0.39910239361702127
nvidia/Nemotron-Mini-4B-Instruct,0.6155268022181146,0.3829196320083319,0.0256797583081571,0.2802013422818792,0.37566137566137564,0.26263297872340424
nvidia/OpenMath2-Llama3.1-8B,0.16635859519408502,0.4072209685818434,0.2673716012084592,0.2651006711409396,0.3425925925925926,0.15533577127659576
nxmwxm/Beast-Soul-new,0.4269870609981516,0.5198750216976219,0.07401812688821752,0.28187919463087246,0.44576719576719576,0.3101728723404255
occiglot/occiglot-7b-es-en-instruct,0.2809611829944547,0.40895677833709426,0.02416918429003021,0.25922818791946306,0.373015873015873,0.2310505319148936
odyssey-labs/Astral-1-10B,0.32717190388170053,0.4853324075681305,0.03474320241691843,0.3053691275167785,0.42724867724867727,0.29853723404255317
olabs-ai/reflection_model,0.11829944547134935,0.46918937684429785,0.0513595166163142,0.30033557046979864,0.3505291005291005,0.33111702127659576
ontocord/Llama_3.2_1b-autoredteam_helpfulness-train,0.21256931608133087,0.30793265058149627,0.01661631419939577,0.25922818791946306,0.34523809523809523,0.11319813829787234
ontocord/RedPajama-3B-v1-AutoRedteam-Harmless-only,0.10351201478743069,0.3086269744835966,0.006042296072507553,0.23154362416107382,0.36507936507936506,0.10995678191489362
ontocord/RedPajama-3B-v1-AutoRedteam,0.09242144177449169,0.2987328588786669,0.00906344410876133,0.2424496644295302,0.36507936507936506,0.1107878989361702
ontocord/RedPajama3b_v1-autoredteam_helpfulness-train,0.22181146025878004,0.3065440027772956,0.006797583081570997,0.24580536912751677,0.35714285714285715,0.11070478723404255
ontocord/merged_0.2_expert_0.8-stack_2x,0.11460258780036968,0.29699704912341607,0.024924471299093656,0.2625838926174497,0.3531746031746032,0.11028922872340426
ontocord/merged_0.2_expert_0.8,0.11829944547134935,0.30133657351154314,0.026435045317220542,0.26174496644295303,0.3611111111111111,0.11112034574468085
ontocord/merged_0.5_expert_0.5,0.11645101663585952,0.2982121159520916,0.019637462235649546,0.26426174496644295,0.3531746031746032,0.1107878989361702
ontocord/ontocord_wide_3b-stage1_shuf_sample1_jsonl-pretrained-autoredteam_helpful-0.25_helpful,0.08502772643253234,0.29751779204999135,0.010574018126888218,0.2676174496644295,0.36243386243386244,0.11419547872340426
ontocord/ontocord_wide_7b-stacked-stage1-instruct,0.09981515711645102,0.2827634091303593,0.006797583081570997,0.24664429530201343,0.3531746031746032,0.11170212765957446
ontocord/ontocord_wide_7b-stacked-stage1,0.09426987060998152,0.28640860961638603,0.00906344410876133,0.2533557046979866,0.35978835978835977,0.11053856382978723
ontocord/starcoder2-29b-ls,0.15526802218114602,0.36972747786842564,0.0188821752265861,0.27348993288590606,0.36904761904761907,0.1869182180851064
ontocord/starcoder2_3b-AutoRedteam,0.11090573012939002,0.34750911300121506,0.010574018126888218,0.2516778523489933,0.3637566137566138,0.13364361702127658
ontocord/wide_3b-merge_test,0.11275415896487985,0.29751779204999135,0.0,0.23993288590604026,0.3412698412698413,0.10663231382978723
ontocord/wide_3b-stage1_shuf_sample1_jsonl-pretrained,0.09426987060998152,0.2956084013192154,0.01661631419939577,0.26593959731543626,0.36243386243386244,0.11402925531914894
ontocord/wide_3b_sft_stag1.2-lyrical_law_news_software_howto_formattedtext_math_wiki-merge,0.11090573012939002,0.2990800208297171,0.011329305135951661,0.2600671140939597,0.3835978835978836,0.11112034574468085
ontocord/wide_3b_sft_stag1.2-lyrical_news_software_howto_formattedtext-merge,0.11645101663585952,0.29335184863738933,0.013595166163141994,0.2600671140939597,0.376984126984127,0.1124501329787234
ontocord/wide_3b_sft_stage1.1-ss1-no_redteam_skg_poem.no_issue,0.10536044362292052,0.30637042180177054,0.02039274924471299,0.2701342281879195,0.35714285714285715,0.1107878989361702
ontocord/wide_3b_sft_stage1.1-ss1-with_generics_intr.no_issue,0.07948243992606285,0.30220447838916853,0.010574018126888218,0.27432885906040266,0.3664021164021164,0.11112034574468085
ontocord/wide_3b_sft_stage1.1-ss1-with_generics_intr_math.no_issue,0.07763401109057301,0.2912688769310883,0.006797583081570997,0.26426174496644295,0.3544973544973545,0.11826795212765957
ontocord/wide_3b_sft_stage1.1-ss1-with_generics_intr_math_stories.no_issue,0.07763401109057301,0.31487588960249957,0.0075528700906344415,0.2634228187919463,0.3439153439153439,0.11236702127659574
ontocord/wide_3b_sft_stage1.1-ss1-with_generics_intr_math_stories_no_orig_instr.no_issue,0.07393715341959335,0.30341954521784414,0.00906344410876133,0.2651006711409396,0.3439153439153439,0.11444481382978723
ontocord/wide_3b_sft_stage1.1-ss1-with_generics_intr_stories.no_issue,0.07208872458410351,0.2997743447318174,0.008308157099697885,0.26593959731543626,0.3558201058201058,0.11619015957446809
ontocord/wide_3b_sft_stage1.1-ss1-with_generics_math.no_issue,0.08133086876155268,0.29890643985419196,0.0075528700906344415,0.25838926174496646,0.3478835978835979,0.11278257978723404
ontocord/wide_3b_sft_stage1.1-ss1-with_math.no_issue,0.09057301293900184,0.30185731643811836,0.015861027190332326,0.2600671140939597,0.3915343915343915,0.1146941489361702
ontocord/wide_3b_sft_stage1.1-ss1-with_r1_generics_intr_math_stories.no_issue,0.14602587800369685,0.28762367644506165,0.0,0.2600671140939597,0.35714285714285715,0.11668882978723404
ontocord/wide_3b_sft_stage1.2-ss1-expert_fictional_lyrical,0.09796672828096119,0.29630272522131573,0.013595166163141994,0.26426174496644295,0.3915343915343915,0.1141123670212766
ontocord/wide_3b_sft_stage1.2-ss1-expert_formatted_text,0.09242144177449169,0.30341954521784414,0.012084592145015106,0.26174496644295303,0.34656084656084657,0.11461103723404255
ontocord/wide_3b_sft_stage1.2-ss1-expert_how-to,0.07763401109057301,0.301162992536018,0.014350453172205438,0.25922818791946306,0.36507936507936506,0.11527593085106383
ontocord/wide_3b_sft_stage1.2-ss1-expert_math,0.13123844731977818,0.3025516403402187,0.027945619335347432,0.25922818791946306,0.36904761904761907,0.10920877659574468
ontocord/wide_3b_sft_stage1.2-ss1-expert_news,0.11460258780036968,0.28935948620031243,0.01661631419939577,0.2676174496644295,0.3611111111111111,0.11112034574468085
ontocord/wide_3b_sft_stage1.2-ss1-expert_software,0.12014787430683918,0.29474049644159,0.015861027190332326,0.25838926174496646,0.3558201058201058,0.11402925531914894
ontocord/wide_6.6b_sft_stag1.2-lyrical_law_news_software_howto_formattedtext_math_wiki-merge-stacked,0.066543438077634,0.29803853497656657,0.014350453172205438,0.26593959731543626,0.36772486772486773,0.11145279255319149
oobabooga/CodeBooga-34B-v0.1,0.47689463955637706,0.3412601978823121,0.03927492447129909,0.25671140939597314,0.4298941798941799,0.23595412234042554
oopere/Llama-FinSent-S,0.1534195933456562,0.31418156570039923,0.01283987915407855,0.25838926174496646,0.38227513227513227,0.11336436170212766
oopere/pruned10-llama-3.2-3B,0.12384473197781885,0.33449053983683386,0.019637462235649546,0.26677852348993286,0.3716931216931217,0.16397938829787234
oopere/pruned20-llama-1b,0.13493530499075784,0.30029508765839263,0.010574018126888218,0.25,0.36243386243386244,0.11228390957446809
oopere/pruned20-llama-3.2-3b,0.12754158964879853,0.3235549383787537,0.015861027190332326,0.26593959731543626,0.3412698412698413,0.12799202127659576
oopere/pruned40-llama-1b,0.15711645101663585,0.2931782676618643,0.0075528700906344415,0.24328859060402686,0.42724867724867727,0.10821143617021277
oopere/pruned40-llama-3.2-1B,0.15711645101663585,0.2945669154660649,0.008308157099697885,0.25419463087248323,0.43386243386243384,0.11145279255319149
oopere/pruned40-llama-3.2-3b,0.16081330868761554,0.3140079847248742,0.01283987915407855,0.22986577181208054,0.3531746031746032,0.11768617021276596
oopere/pruned60-llama-1b,0.133086876155268,0.2966498871723659,0.0022658610271903325,0.24916107382550334,0.4074074074074074,0.11727061170212766
oopere/pruned60-llama-3.2-3b,0.12754158964879853,0.313660822773824,0.0037764350453172208,0.2701342281879195,0.36243386243386244,0.11311502659574468
open-atlas/Atlas-Flash-1.5B-Preview,0.26062846580406657,0.3185210900885263,0.2212990936555891,0.2525167785234899,0.3478835978835979,0.13738364361702127
open-atlas/Atlas-Flash-7B-Preview,0.3234750462107209,0.35098073251171674,0.25755287009063443,0.28859060402684567,0.38227513227513227,0.27842420212765956
open-neo/Kyro-n1-3B,0.3974121996303142,0.4660649192848464,0.2854984894259819,0.28187919463087246,0.4074074074074074,0.34225398936170215
open-neo/Kyro-n1-7B,0.4898336414048059,0.5368859572990801,0.38972809667673713,0.2609060402684564,0.38756613756613756,0.433344414893617
open-thoughts/OpenThinker-7B,0.3345656192236599,0.5311577851067523,0.4259818731117825,0.25671140939597314,0.38095238095238093,0.41647273936170215
openai-community/gpt2-large,0.1589648798521257,0.30324596424231903,0.012084592145015104,0.25922818791946306,0.3783068783068783,0.11419547872340426
openai-community/gpt2-medium,0.17190388170055454,0.3016837354625933,0.0075528700906344415,0.2625838926174497,0.38756613756613756,0.11818484042553191
openai-community/gpt2-xl,0.15711645101663585,0.2976913730255164,0.009818731117824773,0.25838926174496646,0.37037037037037035,0.11311502659574468
openai-community/gpt2,0.1256931608133087,0.29803853497656657,0.005287009063444109,0.25838926174496646,0.43783068783068785,0.11652260638297872
openbmb/MiniCPM-S-1B-sft-llama-format,0.27726432532347506,0.3016837354625933,0.030966767371601207,0.2709731543624161,0.3306878306878307,0.1858377659574468
openchat/openchat-3.5-0106,0.5434380776340111,0.45929526123936815,0.07628398791540786,0.30788590604026844,0.4246031746031746,0.3291223404255319
openchat/openchat-3.5-1210,0.5526802218114603,0.45235202221836485,0.07854984894259819,0.3011744966442953,0.44047619047619047,0.3142453457446808
openchat/openchat-3.6-8b-20240522,0.4787430683918669,0.5321992709599028,0.09969788519637462,0.3179530201342282,0.3994708994708995,0.32288896276595747
openchat/openchat_3.5,0.5471349353049908,0.44072209685818436,0.07250755287009064,0.2986577181208054,0.421957671957672,0.31532579787234044
openchat/openchat_v3.2,0.22920517560073936,0.4299600763756292,0.01283987915407855,0.2701342281879195,0.43253968253968256,0.2421875
openchat/openchat_v3.2_super,0.21626617375231053,0.4195452178441243,0.021148036253776436,0.26426174496644295,0.41534391534391535,0.24251994680851063
orai-nlp/Llama-eus-8B,0.15526802218114602,0.44106925880923453,0.04682779456193353,0.28942953020134227,0.3915343915343915,0.30576795212765956
oxyapi/oxy-1-small,0.5822550831792976,0.5854886304461031,0.36027190332326287,0.3716442953020134,0.4470899470899471,0.5000831117021277
ozone-ai/0x-lite,0.7338262476894639,0.6309668460336747,0.5045317220543807,0.31963087248322153,0.42063492063492064,0.5183676861702128
ozone-research/Chirp-01,0.589648798521257,0.4620725568477695,0.3466767371601209,0.2718120805369128,0.4470899470899471,0.3508144946808511
paloalma/ECE-TW3-JRGL-V1,0.49907578558225507,0.6268009026210727,0.13141993957703926,0.34731543624161076,0.46164021164021163,0.422124335106383
paloalma/ECE-TW3-JRGL-V2,0.20517560073937152,0.5985072036104843,0.18504531722054382,0.3313758389261745,0.47883597883597884,0.4587765957446808
paloalma/ECE-TW3-JRGL-V5,0.39371534195933455,0.5986807845860094,0.18353474320241692,0.3414429530201342,0.46164021164021163,0.46476063829787234
paloalma/Le_Triomphant-ECE-TW3,0.49168207024029575,0.6071862523867384,0.19486404833836857,0.348993288590604,0.4722222222222222,0.476313164893617
paloalma/TW3-JRGL-v2,0.47689463955637706,0.6094428050685645,0.17900302114803626,0.35906040268456374,0.48544973544973546,0.4857878989361702
pankajmathur/Al_Dente_v1_8b,0.29390018484288355,0.48134004513105366,0.04078549848942598,0.29949664429530204,0.39814814814814814,0.2859873670212766
pankajmathur/model_007_13b_v2,0.2587800369685767,0.4665856622114216,0.021148036253776436,0.2835570469798658,0.4603174603174603,0.24609375
pankajmathur/orca_mini_3b,0.05730129390018484,0.3164381183822253,0.008308157099697885,0.24580536912751677,0.33465608465608465,0.11452792553191489
pankajmathur/orca_mini_7b,0.033271719038817,0.32876236764450617,0.01283987915407855,0.25419463087248323,0.36904761904761907,0.12458444148936171
pankajmathur/orca_mini_phi-4,0.7467652495378928,0.6846033674709252,0.29531722054380666,0.37416107382550334,0.4695767195767196,0.5255152925531915
pankajmathur/orca_mini_v2_7b,0.11090573012939002,0.35045998958514146,0.011329305135951661,0.24916107382550334,0.3584656084656085,0.1541722074468085
pankajmathur/orca_mini_v3_13b,0.22920517560073936,0.46780072904009723,0.021148036253776436,0.2651006711409396,0.458994708994709,0.23046875
pankajmathur/orca_mini_v3_70b,0.34011090573012936,0.593646936295782,0.03851963746223565,0.3179530201342282,0.5066137566137566,0.3757480053191489
pankajmathur/orca_mini_v3_7b,0.22365988909426987,0.40687380663079326,0.010574018126888218,0.24664429530201343,0.4973544973544973,0.20836103723404256
pankajmathur/orca_mini_v5_8b,0.4288354898336414,0.5049470578024648,0.09894259818731117,0.28691275167785235,0.3994708994708995,0.3075964095744681
pankajmathur/orca_mini_v5_8b_dpo,0.43253234750462105,0.5058149626800903,0.09743202416918428,0.27432885906040266,0.3888888888888889,0.31158577127659576
pankajmathur/orca_mini_v5_8b_orpo,0.066543438077634,0.4945321992709599,0.06646525679758308,0.28439597315436244,0.4126984126984127,0.2947140957446808
pankajmathur/orca_mini_v6_8b,0.0018484288354898336,0.30029508765839263,0.0037764350453172208,0.23825503355704697,0.3544973544973545,0.1124501329787234
pankajmathur/orca_mini_v6_8b_dpo,0.31608133086876156,0.5167505641381704,0.06117824773413897,0.3011744966442953,0.4087301587301587,0.359624335106383
pankajmathur/orca_mini_v7_72b,0.5360443622920518,0.6828675577156743,0.09365558912386707,0.3850671140939597,0.5066137566137566,0.5621675531914894
pankajmathur/orca_mini_v7_7b,0.37153419593345655,0.5236938031591738,0.12084592145015106,0.2961409395973154,0.4351851851851852,0.4167220744680851
pankajmathur/orca_mini_v8_1_70b,0.8317929759704251,0.6766186425967714,0.3527190332326284,0.43288590604026844,0.4417989417989418,0.49833776595744683
pankajmathur/orca_mini_v9_0_3B-Instruct,0.5212569316081331,0.4402013539316091,0.14652567975830816,0.3011744966442953,0.36507936507936506,0.2603058510638298
pankajmathur/orca_mini_v9_1_1B-Instruct,0.3049907578558225,0.31730602325985074,0.04607250755287009,0.25671140939597314,0.3373015873015873,0.13738364361702127
pankajmathur/orca_mini_v9_2_14B,0.7467652495378928,0.6846033674709252,0.29531722054380666,0.37416107382550334,0.4695767195767196,0.5255152925531915
pankajmathur/orca_mini_v9_2_70b,0.8096118299445472,0.6747092518659955,0.2938066465256798,0.3733221476510067,0.4695767195767196,0.48213098404255317
pankajmathur/orca_mini_v9_4_70B,0.7707948243992606,0.6413817045651796,0.32628398791540786,0.36577181208053694,0.46296296296296297,0.45362367021276595
pankajmathur/orca_mini_v9_5_1B-Instruct,0.4048059149722736,0.33101892032633223,0.030211480362537766,0.2701342281879195,0.31746031746031744,0.13696808510638298
pankajmathur/orca_mini_v9_5_1B-Instruct_preview,0.33271719038817005,0.3235549383787537,0.03851963746223565,0.2634228187919463,0.3386243386243386,0.13272938829787234
pankajmathur/orca_mini_v9_5_3B-Instruct,0.6728280961182994,0.44835965978128794,0.1321752265861027,0.2869127516778524,0.42592592592592593,0.2882313829787234
pankajmathur/orca_mini_v9_6_1B-Instruct,0.5600739371534196,0.35236938031591736,0.0770392749244713,0.2684563758389262,0.3386243386243386,0.18085106382978725
pankajmathur/orca_mini_v9_6_3B-Instruct,0.6839186691312384,0.45391425099809063,0.13293051359516617,0.2936241610738255,0.4060846560846561,0.28507313829787234
pankajmathur/orca_mini_v9_7_1B-Instruct,0.5009242144177449,0.31522305155354974,0.0445619335347432,0.2726510067114094,0.35185185185185186,0.1344747340425532
pankajmathur/orca_mini_v9_7_3B-Instruct,0.4953789279112754,0.3275473008158306,0.061933534743202415,0.26174496644295303,0.3611111111111111,0.13746675531914893
paulml/ECE-ILAB-Q1,0.7467652495378928,0.6698489845512932,0.3557401812688822,0.38674496644295303,0.4603174603174603,0.550531914893617
pints-ai/1.5-Pints-16K-v0.1,0.10536044362292052,0.309494879361222,0.014350453172205438,0.23573825503355705,0.35714285714285715,0.1118683510638298
pints-ai/1.5-Pints-2K-v0.1,0.1256931608133087,0.29474049644159,0.01283987915407855,0.2483221476510067,0.3492063492063492,0.11037234042553191
piotr25691/thea-3b-25r,0.6894639556377079,0.4471445929526124,0.1782477341389728,0.2676174496644295,0.3306878306878307,0.3182347074468085
piotr25691/thea-c-3b-25r,0.6950092421441775,0.4518312792917896,0.15256797583081572,0.2651006711409396,0.3306878306878307,0.3178191489361702
piotr25691/thea-rp-3b-25r,0.6081330868761553,0.43863912515188336,0.13217522658610273,0.27432885906040266,0.38095238095238093,0.30601728723404253
postbot/gpt2-medium-emailgen,0.10536044362292052,0.31088352716542267,0.0,0.2600671140939597,0.39021164021164023,0.1146941489361702
prince-canuma/Ministral-8B-Instruct-2410-HF,0.5360443622920518,0.4556500607533414,0.19184290030211482,0.28104026845637586,0.4126984126984127,0.32978723404255317
princeton-nlp/Llama-3-8B-ProLong-512k-Base,0.47689463955637706,0.5018226002430134,0.06873111782477341,0.26174496644295303,0.421957671957672,0.33294547872340424
princeton-nlp/Llama-3-8B-ProLong-512k-Instruct,0.33271719038817005,0.49609442805068565,0.0581570996978852,0.28104026845637586,0.4246031746031746,0.3246343085106383
princeton-nlp/Llama-3-8B-ProLong-64k-Base,0.4658040665434381,0.49158132268703353,0.0649546827794562,0.2651006711409396,0.43386243386243384,0.3347739361702128
princeton-nlp/Llama-3-8B-ProLong-64k-Instruct,0.5083179297597042,0.5068564485332407,0.0649546827794562,0.2953020134228188,0.43915343915343913,0.32746010638297873
princeton-nlp/Llama-3-Base-8B-SFT-CPO,0.29944547134935307,0.45790661343516753,0.054380664652567974,0.27432885906040266,0.35978835978835977,0.2976230053191489
princeton-nlp/Llama-3-Base-8B-SFT-DPO,0.3438077634011091,0.4655441763582711,0.04154078549848943,0.3104026845637584,0.3862433862433862,0.3078457446808511
princeton-nlp/Llama-3-Base-8B-SFT-IPO,0.39371534195933455,0.46780072904009723,0.03927492447129909,0.2978187919463087,0.3915343915343915,0.3115026595744681
princeton-nlp/Llama-3-Base-8B-SFT-KTO,0.39371534195933455,0.4671064051379969,0.052870090634441085,0.3053691275167785,0.3835978835978836,0.3054355053191489
princeton-nlp/Llama-3-Base-8B-SFT-ORPO,0.39371534195933455,0.4726609963547995,0.04682779456193353,0.313758389261745,0.37037037037037035,0.30826130319148937
princeton-nlp/Llama-3-Base-8B-SFT-RDPO,0.3900184842883549,0.46432910952959555,0.05740181268882175,0.3062080536912752,0.4021164021164021,0.30144614361702127
princeton-nlp/Llama-3-Base-8B-SFT-RRHF,0.266173752310536,0.4499218885610137,0.045317220543806644,0.3053691275167785,0.3716931216931217,0.2888962765957447
princeton-nlp/Llama-3-Base-8B-SFT-SLiC-HF,0.43253234750462105,0.46936295781982296,0.05060422960725076,0.28691275167785235,0.4087301587301587,0.30634973404255317
princeton-nlp/Llama-3-Base-8B-SFT-SimPO,0.4011090573012939,0.47231383440374936,0.05513595166163142,0.28859060402684567,0.4126984126984127,0.31050531914893614
princeton-nlp/Llama-3-Base-8B-SFT,0.21626617375231053,0.4627668807498698,0.04003021148036254,0.2978187919463087,0.4113756613756614,0.3093417553191489
princeton-nlp/Llama-3-Instruct-8B-CPO-v0.2,0.7097966728280961,0.5016490192674883,0.10800604229607251,0.2609060402684564,0.3611111111111111,0.37059507978723405
princeton-nlp/Llama-3-Instruct-8B-CPO,0.6876155268022182,0.49800381878146155,0.09894259818731117,0.2600671140939597,0.3505291005291005,0.36519281914893614
princeton-nlp/Llama-3-Instruct-8B-DPO-v0.2,0.6802218114602587,0.5049470578024648,0.08987915407854985,0.28691275167785235,0.3835978835978836,0.37691156914893614
princeton-nlp/Llama-3-Instruct-8B-DPO,0.6284658040665434,0.4978302378059365,0.08459214501510574,0.27181208053691275,0.373015873015873,0.36652260638297873
princeton-nlp/Llama-3-Instruct-8B-KTO-v0.2,0.6894639556377079,0.5068564485332407,0.09969788519637462,0.2600671140939597,0.376984126984127,0.3667719414893617
princeton-nlp/Llama-3-Instruct-8B-KTO,0.6414048059149723,0.4976566568304114,0.07250755287009064,0.276006711409396,0.36904761904761907,0.35987367021276595
princeton-nlp/Llama-3-Instruct-8B-ORPO-v0.2,0.7208872458410351,0.5070300295087659,0.10196374622356495,0.2835570469798658,0.376984126984127,0.37308843085106386
princeton-nlp/Llama-3-Instruct-8B-ORPO,0.6654343807763401,0.49887172365908694,0.07854984894259819,0.25838926174496646,0.3492063492063492,0.36461103723404253
princeton-nlp/Llama-3-Instruct-8B-RDPO-v0.2,0.6635859519408502,0.5040791529248394,0.08685800604229607,0.29278523489932884,0.37962962962962965,0.37741023936170215
princeton-nlp/Llama-3-Instruct-8B-RDPO,0.6173752310536045,0.5023433431695886,0.08459214501510574,0.2827181208053691,0.37433862433862436,0.36070478723404253
princeton-nlp/Llama-3-Instruct-8B-RRHF-v0.2,0.6635859519408502,0.49887172365908694,0.08761329305135952,0.2600671140939597,0.373015873015873,0.3482380319148936
princeton-nlp/Llama-3-Instruct-8B-RRHF,0.6839186691312384,0.4896719319562576,0.09667673716012085,0.2802013422818792,0.34656084656084657,0.36436170212765956
princeton-nlp/Llama-3-Instruct-8B-SLiC-HF-v0.2,0.6617375231053605,0.49887172365908694,0.08761329305135952,0.2600671140939597,0.373015873015873,0.3482380319148936
princeton-nlp/Llama-3-Instruct-8B-SLiC-HF,0.7005545286506469,0.5023433431695886,0.09743202416918428,0.2860738255033557,0.3716931216931217,0.35846077127659576
princeton-nlp/Llama-3-Instruct-8B-SimPO-v0.2,0.6303142329020333,0.5028640860961638,0.07401812688821752,0.3011744966442953,0.39814814814814814,0.36220079787234044
princeton-nlp/Llama-3-Instruct-8B-SimPO,0.5933456561922366,0.4825551119597292,0.08610271903323263,0.2936241610738255,0.3941798941798942,0.3489029255319149
princeton-nlp/Mistral-7B-Base-SFT-CPO,0.3974121996303142,0.4363825724700573,0.027945619335347432,0.29194630872483224,0.4060846560846561,0.26512632978723405
princeton-nlp/Mistral-7B-Base-SFT-DPO,0.37707948243992606,0.43117514320430483,0.021148036253776436,0.2726510067114094,0.4113756613756614,0.26454454787234044
princeton-nlp/Mistral-7B-Base-SFT-IPO,0.42513863216266173,0.44263148758896026,0.028700906344410877,0.2802013422818792,0.376984126984127,0.2791722074468085
princeton-nlp/Mistral-7B-Base-SFT-KTO,0.4269870609981516,0.4459295261239368,0.03927492447129909,0.2902684563758389,0.4365079365079365,0.28715093085106386
princeton-nlp/Mistral-7B-Base-SFT-RDPO,0.39371534195933455,0.4393334490539837,0.02190332326283988,0.27768456375838924,0.35714285714285715,0.27767619680851063
princeton-nlp/Mistral-7B-Base-SFT-RRHF,0.3789279112754159,0.42371116125672625,0.024924471299093656,0.2902684563758389,0.41798941798941797,0.23977726063829788
princeton-nlp/Mistral-7B-Base-SFT-SLiC-HF,0.45471349353049906,0.44002777295608403,0.035498489425981876,0.29194630872483224,0.42592592592592593,0.2780917553191489
princeton-nlp/Mistral-7B-Base-SFT-SimPO,0.4029574861367837,0.437944801249783,0.014350453172205438,0.2835570469798658,0.3968253968253968,0.27019614361702127
princeton-nlp/Mistral-7B-Instruct-CPO,0.3585951940850277,0.40600590175316786,0.02039274924471299,0.26593959731543626,0.4166666666666667,0.2701130319148936
princeton-nlp/Mistral-7B-Instruct-DPO,0.46210720887245843,0.40531157785106753,0.030966767371601207,0.2684563758389262,0.38227513227513227,0.2748503989361702
princeton-nlp/Mistral-7B-Instruct-IPO,0.43068391866913125,0.43152230515535495,0.02039274924471299,0.27348993288590606,0.4312169312169312,0.2707779255319149
princeton-nlp/Mistral-7B-Instruct-KTO,0.4288354898336414,0.41381704565179656,0.026435045317220542,0.27348993288590606,0.3941798941798942,0.28125
princeton-nlp/Mistral-7B-Instruct-ORPO,0.41035120147874304,0.4096511022391946,0.02945619335347432,0.27432885906040266,0.39021164021164023,0.2662067819148936
princeton-nlp/Mistral-7B-Instruct-RDPO,0.43068391866913125,0.40444367297344214,0.024924471299093656,0.2802013422818792,0.3862433862433862,0.27767619680851063
princeton-nlp/Mistral-7B-Instruct-RRHF,0.43807763401109057,0.41867731296649885,0.027945619335347432,0.276006711409396,0.3968253968253968,0.26512632978723405
princeton-nlp/Mistral-7B-Instruct-SLiC-HF,0.45471349353049906,0.4037493490713418,0.017371601208459216,0.2726510067114094,0.39021164021164023,0.27152593085106386
princeton-nlp/Mistral-7B-Instruct-SimPO,0.4121996303142329,0.4487068217323381,0.028700906344410877,0.2785234899328859,0.4087301587301587,0.2796708776595745
princeton-nlp/Sheared-LLaMA-1.3B,0.1589648798521257,0.31817392813747614,0.01283987915407855,0.23993288590604026,0.37037037037037035,0.11710438829787234
princeton-nlp/Sheared-LLaMA-2.7B,0.18114602587800369,0.32268703350112826,0.01283987915407855,0.2751677852348993,0.3558201058201058,0.11868351063829788
princeton-nlp/gemma-2-9b-it-DPO,0.2587800369685767,0.5932997743447318,0.08308157099697885,0.33557046979865773,0.38095238095238093,0.3723404255319149
princeton-nlp/gemma-2-9b-it-SimPO,0.3068391866913124,0.583232077764277,0.07099697885196375,0.33557046979865773,0.4113756613756614,0.39752327127659576
prithivMLmods/Bellatrix-1.5B-xElite,0.13863216266173753,0.3482034369033154,0.28700906344410876,0.2785234899328859,0.3611111111111111,0.1657247340425532
prithivMLmods/Bellatrix-Tiny-1.5B-R1,0.2735674676524954,0.39836833883006423,0.06042296072507553,0.2986577181208054,0.36772486772486773,0.27509973404255317
prithivMLmods/Bellatrix-Tiny-1B-v2,0.10166358595194085,0.32407568130532893,0.028700906344410877,0.2726510067114094,0.3425925925925926,0.14926861702127658
prithivMLmods/Blaze-14B-xElite,0.025878003696857672,0.661169935775039,0.3693353474320242,0.39429530201342283,0.46164021164021163,0.5111369680851063
prithivMLmods/COCO-7B-Instruct-1M,0.4066543438077634,0.5381010241277556,0.3496978851963746,0.30788590604026844,0.43783068783068785,0.41863364361702127
prithivMLmods/Calcium-Opus-14B-Elite-1M,0.49907578558225507,0.6320083318868253,0.44561933534743203,0.3523489932885906,0.4669312169312169,0.5152094414893617
prithivMLmods/Calcium-Opus-14B-Elite-Stock,0.5619223659889094,0.6313140079847249,0.46676737160120846,0.36828859060402686,0.4801587301587302,0.5284242021276596
prithivMLmods/Calcium-Opus-14B-Elite,0.5508317929759704,0.6297517792049991,0.4788519637462236,0.37416107382550334,0.48544973544973546,0.5301695478723404
prithivMLmods/Calcium-Opus-14B-Elite2-R1,0.5841035120147874,0.6346120465197015,0.3338368580060423,0.39093959731543626,0.4894179894179894,0.5247672872340425
prithivMLmods/Calcium-Opus-14B-Elite2,0.5637707948243993,0.6300989411560493,0.4690332326283988,0.3699664429530201,0.4933862433862434,0.5300864361702128
prithivMLmods/Calcium-Opus-14B-Elite3,0.48613678373382624,0.6335705606665509,0.4705438066465257,0.37080536912751677,0.47883597883597884,0.5334940159574468
prithivMLmods/Calcium-Opus-14B-Elite4,0.5545286506469501,0.6181218538448187,0.36253776435045315,0.35570469798657717,0.46825396825396826,0.514876994680851
prithivMLmods/Calcium-Opus-14B-Merge,0.42513863216266173,0.6294046172539489,0.4637462235649547,0.37080536912751677,0.48544973544973546,0.5355718085106383
prithivMLmods/Calcium-Opus-20B-v1,0.23844731977818853,0.5974657177573338,0.36178247734138974,0.35318791946308725,0.4933862433862434,0.4734042553191489
prithivMLmods/Codepy-Deepthink-3B,0.3678373382624769,0.4244054851588266,0.11555891238670694,0.27936241610738255,0.3306878306878307,0.3090093085106383
prithivMLmods/Coma-II-14B,0.3456561922365989,0.6311404270091998,0.5513595166163142,0.4001677852348993,0.5343915343915344,0.5039893617021277
prithivMLmods/Condor-Opus-14B-Exp,0.3290203327171904,0.6139559104322166,0.5226586102719033,0.39177852348993286,0.5185185185185185,0.5014128989361702
prithivMLmods/Cygnus-II-14B,0.5582255083179297,0.6642943933344906,0.4395770392749245,0.3875838926174497,0.46825396825396826,0.5390625
prithivMLmods/Deepthink-Llama-3-8B-Preview,0.24214417744916822,0.46537059538274606,0.3549848942598187,0.3162751677852349,0.37037037037037035,0.2738530585106383
prithivMLmods/Deepthink-Reasoning-14B,0.4731977818853974,0.6302725221315744,0.4229607250755287,0.36661073825503354,0.4722222222222222,0.5295877659574468
prithivMLmods/Deepthink-Reasoning-7B,0.41404805914972276,0.5479951397326853,0.33459214501510576,0.29949664429530204,0.44312169312169314,0.43492353723404253
prithivMLmods/Dinobot-Opus-14B-Exp,0.7966728280961183,0.6346120465197015,0.5317220543806647,0.32466442953020136,0.4246031746031746,0.4979222074468085
prithivMLmods/Elita-0.1-Distilled-R1-abliterated,0.2828096118299446,0.3804894983509807,0.3066465256797583,0.26593959731543626,0.36507936507936506,0.2757646276595745
prithivMLmods/Elita-1,0.4177449168207024,0.6507550772435341,0.3429003021148036,0.37583892617449666,0.4828042328042328,0.5381482712765957
prithivMLmods/Epimetheus-14B-Axo,0.4953789279112754,0.6592605450442631,0.41012084592145015,0.3926174496644295,0.48148148148148145,0.5304188829787234
prithivMLmods/Equuleus-Opus-14B-Exp,0.6543438077634011,0.64207602846728,0.45845921450151056,0.38674496644295303,0.4947089947089947,0.5374002659574468
prithivMLmods/Eridanus-Opus-14B-r999,0.5841035120147874,0.6561360874848117,0.3859516616314199,0.39429530201342283,0.47619047619047616,0.5361535904255319
prithivMLmods/Evac-Opus-14B-Exp,0.5249537892791127,0.6460683909043569,0.4214501510574018,0.3884228187919463,0.4722222222222222,0.5316655585106383
prithivMLmods/FastThink-0.5B-Tiny,0.1922365988909427,0.31904183301510153,0.02039274924471299,0.2609060402684564,0.3558201058201058,0.16489361702127658
prithivMLmods/GWQ-9B-Preview,0.4436229205175601,0.5787189724006249,0.22658610271903323,0.33976510067114096,0.4947089947089947,0.39835438829787234
prithivMLmods/GWQ-9B-Preview2,0.4602587800369686,0.5778510675229995,0.23716012084592145,0.3263422818791946,0.48544973544973546,0.3996841755319149
prithivMLmods/GWQ2b,0.34935304990757854,0.41399062662732167,0.06268882175226587,0.2827181208053691,0.4298941798941799,0.24725731382978725
prithivMLmods/Gaea-Opus-14B-Exp,0.5341959334565619,0.6542266967540358,0.42749244712990936,0.39093959731543626,0.48544973544973546,0.5400598404255319
prithivMLmods/Galactic-Qwen-14B-Exp1,0.5249537892791127,0.6563096684603368,0.40181268882175225,0.3934563758389262,0.4775132275132275,0.539561170212766
prithivMLmods/Galactic-Qwen-14B-Exp2,0.6118299445471349,0.7193195625759417,0.3474320241691843,0.39932885906040266,0.5343915343915344,0.5690658244680851
prithivMLmods/Gauss-Opus-14B-R999,0.31608133086876156,0.6238500260371463,0.5755287009063444,0.39177852348993286,0.533068783068783,0.500748005319149
prithivMLmods/Jolt-v0.1,0.43807763401109057,0.650407915292484,0.3564954682779456,0.3800335570469799,0.48412698412698413,0.5386469414893617
prithivMLmods/Lacerta-Opus-14B-Elite8,0.5508317929759704,0.6384308279812533,0.3648036253776435,0.3783557046979866,0.46296296296296297,0.5321642287234043
prithivMLmods/Llama-3.1-5B-Instruct,0.09426987060998152,0.30220447838916853,0.015105740181268883,0.26426174496644295,0.3531746031746032,0.11835106382978723
prithivMLmods/Llama-3.1-8B-Open-SFT,0.34011090573012936,0.494705780246485,0.1216012084592145,0.30956375838926176,0.39021164021164023,0.35222739361702127
prithivMLmods/Llama-3.2-3B-Math-Oct,0.39186691312384475,0.43707689637215763,0.11555891238670694,0.25838926174496646,0.34656084656084657,0.2911402925531915
prithivMLmods/Llama-3.2-6B-AlgoCode,0.14417744916820702,0.37337267835445237,0.013595166163141994,0.2869127516778524,0.4007936507936508,0.17977061170212766
prithivMLmods/Llama-8B-Distill-CoT,0.26062846580406657,0.42857142857142855,0.4003021148036254,0.28942953020134227,0.3716931216931217,0.273188164893617
prithivMLmods/Llama-Deepsync-1B,0.28835489833641403,0.3372678354452352,0.04380664652567976,0.2600671140939597,0.3558201058201058,0.17378656914893617
prithivMLmods/Llama-Deepsync-3B,0.36044362292051757,0.42874500954695366,0.11782477341389729,0.27181208053691275,0.33201058201058203,0.3031083776595745
prithivMLmods/Llama-Express.1-Math,0.44731977818853974,0.33362263495920846,0.055891238670694864,0.2634228187919463,0.3134920634920635,0.16098736702127658
prithivMLmods/LwQ-10B-Instruct,0.32532347504621073,0.5111959729213679,0.04003021148036254,0.31208053691275167,0.4537037037037037,0.331781914893617
prithivMLmods/LwQ-Reasoner-10B,0.22735674676524953,0.583232077764277,0.3580060422960725,0.3464765100671141,0.4074074074074074,0.41472739361702127
prithivMLmods/Magellanic-Opus-14B-Exp,0.6358595194085028,0.6363478562749523,0.37990936555891236,0.37416107382550334,0.49206349206349204,0.5272606382978723
prithivMLmods/Magellanic-Qwen-25B-R999,0.12754158964879853,0.2570734247526471,0.005287009063444109,0.25083892617449666,0.38227513227513227,0.1299867021276596
prithivMLmods/Megatron-Corpus-14B-Exp.v2,0.4177449168207024,0.6290574553028988,0.2590634441087613,0.3422818791946309,0.44841269841269843,0.48096742021276595
prithivMLmods/Megatron-Corpus-14B-Exp,0.4269870609981516,0.6332233987155008,0.3429003021148036,0.36325503355704697,0.47619047619047616,0.5260139627659575
prithivMLmods/Megatron-Opus-14B-2.0,0.6229205175600739,0.6854712723485507,0.27794561933534745,0.35906040268456374,0.4126984126984127,0.5170378989361702
prithivMLmods/Megatron-Opus-14B-2.1,0.02033271719038817,0.6708904704044437,0.2998489425981873,0.38338926174496646,0.49206349206349204,0.5173703457446809
prithivMLmods/Megatron-Opus-14B-Exp,0.42513863216266173,0.6497135913903836,0.35347432024169184,0.375,0.4880952380952381,0.5400598404255319
prithivMLmods/Megatron-Opus-14B-Stock,0.4436229205175601,0.6394723138344037,0.33459214501510576,0.375,0.48148148148148145,0.5293384308510638
prithivMLmods/Megatron-Opus-7B-Exp,0.5415896487985212,0.5323728519354278,0.1971299093655589,0.311241610738255,0.41798941798941797,0.3900432180851064
prithivMLmods/Messier-Opus-14B-Elite7,0.66728280961183,0.6486721055372331,0.4070996978851964,0.39093959731543626,0.4880952380952381,0.5403922872340425
prithivMLmods/Omni-Reasoner-Merged,0.38632162661737524,0.5490366255858358,0.3330815709969788,0.3036912751677852,0.46164021164021163,0.43641954787234044
prithivMLmods/Omni-Reasoner3-Merged,0.4269870609981516,0.43777122027425797,0.10876132930513595,0.26426174496644295,0.35185185185185186,0.29496343085106386
prithivMLmods/Pegasus-Opus-14B-Exp,0.6469500924214417,0.6542266967540358,0.4086102719033233,0.3951342281879195,0.48544973544973546,0.5412234042553191
prithivMLmods/Phi-4-Empathetic,0.036968576709796676,0.6705433084533935,0.2620845921450151,0.3800335570469799,0.49867724867724866,0.5065658244680851
prithivMLmods/Phi-4-Math-IO,0.038817005545286505,0.6649887172365909,0.45770392749244715,0.39848993288590606,0.48677248677248675,0.5205285904255319
prithivMLmods/Phi-4-QwQ,0.03512014787430684,0.6681131747960424,0.45770392749244715,0.39093959731543626,0.4642857142857143,0.5275099734042553
prithivMLmods/Phi-4-Super-1,0.029574861367837338,0.6707168894289186,0.35196374622356497,0.3934563758389262,0.5013227513227513,0.5235206117021277
prithivMLmods/Phi-4-Super-o1,0.029574861367837338,0.6707168894289186,0.35196374622356497,0.3934563758389262,0.5013227513227513,0.5235206117021277
prithivMLmods/Phi-4-Super,0.03512014787430684,0.6701961465023434,0.34894259818731116,0.39429530201342283,0.503968253968254,0.526595744680851
prithivMLmods/Phi-4-o1,0.014787430683918669,0.6667245269918417,0.3995468277945619,0.3825503355704698,0.4973544973544973,0.5173703457446809
prithivMLmods/Phi4-Super,0.03512014787430684,0.6701961465023434,0.34894259818731116,0.39429530201342283,0.503968253968254,0.526595744680851
prithivMLmods/Porpoise-Opus-14B-Exp,0.6654343807763401,0.650581496268009,0.4040785498489426,0.3934563758389262,0.49206349206349204,0.5396442819148937
prithivMLmods/Primal-Opus-14B-Optimus-v1,0.43068391866913125,0.6406873806630793,0.338368580060423,0.3724832214765101,0.48412698412698413,0.5259308510638298
prithivMLmods/Primal-Opus-14B-Optimus-v2,0.5841035120147874,0.65266446797431,0.4206948640483384,0.39177852348993286,0.4894179894179894,0.542220744680851
prithivMLmods/QwQ-LCoT-14B-Conversational,0.33826247689463956,0.6215934733553202,0.4652567975830816,0.3498322147651007,0.48412698412698413,0.527842420212766
prithivMLmods/QwQ-LCoT-3B-Instruct,0.36968576709796674,0.4735289012324249,0.2824773413897281,0.28187919463087246,0.4351851851851852,0.3582114361702128
prithivMLmods/QwQ-LCoT-7B-Instruct,0.43622920517560076,0.5450442631487589,0.3716012084592145,0.30201342281879195,0.4801587301587302,0.4334275265957447
prithivMLmods/QwQ-LCoT1-Merged,0.4011090573012939,0.5464329109529595,0.3731117824773414,0.3070469798657718,0.4695767195767196,0.4357546542553192
prithivMLmods/QwQ-LCoT2-7B-Instruct,0.49353049907578556,0.540878319736157,0.3270392749244713,0.2978187919463087,0.45634920634920634,0.4341755319148936
prithivMLmods/QwQ-MathOct-7B,0.39371534195933455,0.5464329109529595,0.29531722054380666,0.3028523489932886,0.4603174603174603,0.4330119680851064
prithivMLmods/QwQ-R1-Distill-1.5B-CoT,0.1534195933456562,0.36573511543134873,0.33459214501510576,0.2860738255033557,0.3425925925925926,0.19132313829787234
prithivMLmods/QwQ-R1-Distill-7B-CoT,0.2828096118299446,0.4369033153966325,0.46827794561933533,0.2936241610738255,0.376984126984127,0.2804188829787234
prithivMLmods/Qwen-7B-Distill-Reasoner,0.2846580406654344,0.4403749349071342,0.3950151057401813,0.3271812080536913,0.36507936507936506,0.2818317819148936
prithivMLmods/Qwen2.5-1.5B-DeepSeek-R1-Instruct,0.08872458410351201,0.27963895157090785,0.0,0.276006711409396,0.3716931216931217,0.11228390957446809
prithivMLmods/Qwen2.5-14B-DeepSeek-R1-1M,0.34935304990757854,0.5931261933692067,0.5128398791540786,0.33221476510067116,0.458994708994709,0.48994348404255317
prithivMLmods/Qwen2.5-7B-DeepSeek-R1-1M,0.13123844731977818,0.31088352716542267,0.015105740181268883,0.26174496644295303,0.3412698412698413,0.12009640957446809
prithivMLmods/SmolLM2-CoT-360M,0.1589648798521257,0.3105363652143725,0.02039274924471299,0.23657718120805368,0.3783068783068783,0.1085438829787234
prithivMLmods/Sombrero-Opus-14B-Elite5,0.756007393715342,0.6479777816351328,0.5354984894259819,0.33640939597315433,0.42724867724867727,0.520029920212766
prithivMLmods/Sombrero-Opus-14B-Elite6,0.6802218114602587,0.6476306196840826,0.4078549848942598,0.3934563758389262,0.4880952380952381,0.5389793882978723
prithivMLmods/Sombrero-Opus-14B-Sm1,0.31053604436229204,0.6351327894462767,0.5664652567975831,0.4035234899328859,0.5291005291005291,0.512466755319149
prithivMLmods/Sombrero-Opus-14B-Sm2,0.36044362292051757,0.6601284499218886,0.486404833836858,0.3884228187919463,0.5079365079365079,0.5344913563829787
prithivMLmods/Sombrero-Opus-14B-Sm4,0.3585951940850277,0.6596077069953133,0.4879154078549849,0.3951342281879195,0.5185185185185185,0.5300033244680851
prithivMLmods/Sombrero-Opus-14B-Sm5,0.6377079482439926,0.6544002777295609,0.4093655589123867,0.38674496644295303,0.4801587301587302,0.5399767287234043
prithivMLmods/Sqweeks-7B-Instruct,0.1534195933456562,0.46519701440722094,0.5143504531722054,0.3070469798657718,0.4470899470899471,0.3133311170212766
prithivMLmods/Tadpole-Opus-14B-Exp,0.512014787430684,0.6344384655441764,0.31344410876132933,0.3859060402684564,0.4722222222222222,0.5322473404255319
prithivMLmods/Taurus-Opus-7B,0.35304990757855825,0.5321992709599028,0.21676737160120846,0.3263422818791946,0.43915343915343913,0.3951130319148936
prithivMLmods/Triangulum-10B,0.2513863216266174,0.5945148411734074,0.3549848942598187,0.3540268456375839,0.4166666666666667,0.4178025265957447
prithivMLmods/Triangulum-5B,0.06839186691312385,0.31036278423884744,0.010574018126888218,0.2550335570469799,0.3439153439153439,0.12234042553191489
prithivMLmods/Triangulum-v2-10B,0.6192236598890942,0.6042353758028121,0.24471299093655588,0.337248322147651,0.42724867724867727,0.44664228723404253
prithivMLmods/Tucana-Opus-14B-r999,0.55637707948244,0.6540531157785107,0.40634441087613293,0.39177852348993286,0.4722222222222222,0.5383976063829787
prithivMLmods/Tulu-MathLingo-8B,0.5027726432532348,0.46311404270092,0.14501510574018128,0.2902684563758389,0.3862433862433862,0.304438164893617
prithivMLmods/Viper-Coder-7B-Elite14,0.09981515711645102,0.28068043742405835,0.010574018126888218,0.2550335570469799,0.3412698412698413,0.10887632978723404
prithivMLmods/Viper-Coder-Hybrid-v1.2,0.6229205175600739,0.6366950182260024,0.3330815709969788,0.37416107382550334,0.48148148148148145,0.5242686170212766
prithivMLmods/Viper-Coder-Hybrid-v1.3,0.7171903881700554,0.6457212289533067,0.4516616314199396,0.33808724832214765,0.43915343915343913,0.5097240691489362
prithivMLmods/Viper-Coder-HybridMini-v1.3,0.5600739371534196,0.5342822426662038,0.46299093655589124,0.31711409395973156,0.4497354497354497,0.4351728723404255
prithivMLmods/Viper-Coder-v0.1,0.4879852125693161,0.6137823294566915,0.3270392749244713,0.3540268456375839,0.43915343915343913,0.3927859042553192
prithivMLmods/Viper-Coder-v1.1,0.36968576709796674,0.6486721055372331,0.5460725075528701,0.401006711409396,0.5211640211640212,0.523188164893617
prithivMLmods/Viper-Coder-v1.6-r999,0.3733826247689464,0.6486721055372331,0.5657099697885196,0.401006711409396,0.5211640211640212,0.523188164893617
prithivMLmods/Viper-Coder-v1.7-Vsm6,0.4288354898336414,0.6479777816351328,0.4645015105740181,0.39681208053691275,0.47619047619047616,0.5287566489361702
prithivMLmods/Viper-OneCoder-UIGEN,0.4048059149722736,0.6033674709251866,0.3867069486404834,0.3422818791946309,0.45105820105820105,0.390375664893617
prithivMLmods/Volans-Opus-14B-Exp,0.5212569316081331,0.6507550772435341,0.425226586102719,0.3850671140939597,0.48677248677248675,0.5384807180851063
prithivMLmods/WebMind-7B-v0.1,0.46210720887245843,0.5420933865648325,0.3648036253776435,0.31711409395973156,0.4537037037037037,0.4279421542553192
pszemraj/Llama-3-6.3b-v0.1,0.07208872458410351,0.41798298906439857,0.021148036253776436,0.2835570469798658,0.39021164021164023,0.2839926861702128
pszemraj/Mistral-v0.3-6B,0.16820702402957485,0.37614997396285366,0.013595166163141994,0.2651006711409396,0.39021164021164023,0.2142619680851064
qingy2019/LLaMa_3.2_3B_Catalysts,0.43253234750462105,0.44540878319736155,0.12915407854984895,0.28859060402684567,0.3783068783068783,0.30078125
qingy2019/OpenMath2-Llama3.1-8B,0.16635859519408502,0.4072209685818434,0.2673716012084592,0.2651006711409396,0.3425925925925926,0.15533577127659576
qingy2019/Oracle-14B,0.1756007393715342,0.46224613782329455,0.07250755287009064,0.2609060402684564,0.37037037037037035,0.2378656914893617
qingy2019/Qwen2.5-Math-14B-Instruct-Alpha,0.5378927911275416,0.6361742752994272,0.31419939577039274,0.3699664429530201,0.4642857142857143,0.5330784574468085
qingy2019/Qwen2.5-Math-14B-Instruct-Pro,0.13493530499075784,0.5311577851067523,0.283987915407855,0.311241610738255,0.373015873015873,0.35580119680851063
qingy2019/Qwen2.5-Math-14B-Instruct,0.5489833641404805,0.6318347509113001,0.3716012084592145,0.3724832214765101,0.4748677248677249,0.5330784574468085
qingy2019/Qwen2.5-Ultimate-14B-Instruct,0.32717190388170053,0.5816698489845513,0.2892749244712991,0.3565436241610738,0.4126984126984127,0.4929355053191489
qingy2024/Benchmaxx-Llama-3.2-1B-Instruct,0.14972273567467653,0.8269397674014928,0.48036253776435045,0.2835570469798658,0.3439153439153439,0.11128656914893617
qingy2024/Eyas-17B-Instruct,0.6062846580406654,0.6047561187293873,0.24697885196374622,0.3145973154362416,0.45105820105820105,0.43425864361702127
qingy2024/Falcon3-2x10B-MoE-Instruct,0.7486136783733827,0.6162124631140427,0.2794561933534743,0.33053691275167785,0.42724867724867727,0.44232047872340424
qingy2024/Fusion-14B-Instruct,0.6857670979667283,0.6372157611525777,0.3368580060422961,0.3548657718120805,0.43915343915343913,0.504404920212766
qingy2024/Fusion2-14B-Instruct,0.5545286506469501,0.6085749001909391,0.31268882175226587,0.3447986577181208,0.46296296296296297,0.5050698138297872
qingy2024/Fusion4-14B-Instruct,0.7264325323475046,0.6521437250477348,0.38821752265861026,0.33053691275167785,0.4312169312169312,0.5193650265957447
qingy2024/OwO-14B-Instruct,0.09796672828096119,0.6144766533587919,0.4161631419939577,0.3640939597315436,0.44047619047619047,0.5181183510638298
qingy2024/QwEnlarge-16B-Instruct,0.7486136783733827,0.5919111265405311,0.45996978851963743,0.33305369127516776,0.4087301587301587,0.44755651595744683
qingy2024/QwQ-14B-Math-v0.2,0.27171903881700554,0.5689984377712203,0.4811178247734139,0.2625838926174497,0.4007936507936508,0.47997007978723405
qingy2024/Qwarkstar-4B-Instruct-Preview,0.4713493530499076,0.4332581149106058,0.1283987915407855,0.2802013422818792,0.3888888888888889,0.250249335106383
qingy2024/Qwarkstar-4B,0.13863216266173753,0.4013192154139906,0.08610271903323263,0.32466442953020136,0.4417989417989418,0.24251994680851063
qingy2024/Qwen2.5-4B,0.15711645101663585,0.4245790661343517,0.0513595166163142,0.2911073825503356,0.4603174603174603,0.2524933510638298
qingy2024/Qwen2.5-Coder-Draft-1.5B-Instruct,0.3585951940850277,0.381010241277556,0.1578549848942598,0.2600671140939597,0.35714285714285715,0.22440159574468085
qingy2024/Qwen2.5-Math-14B-Instruct-Alpha,0.7375231053604436,0.6450269050512064,0.42900302114803623,0.348993288590604,0.4007936507936508,0.49659242021276595
qingy2024/Qwen2.5-Math-14B-Instruct-Preview,0.7486136783733827,0.6276688074986981,0.47583081570996977,0.34060402684563756,0.41005291005291006,0.49933510638297873
qingy2024/Qwen2.6-14B-Instruct,0.5231053604436229,0.6375629231036278,0.30513595166163143,0.37919463087248323,0.45634920634920634,0.5285073138297872
qingy2024/Qwen2.6-Math-14B-Instruct,0.3659889094269871,0.6294046172539489,0.42900302114803623,0.3699664429530201,0.4748677248677249,0.5241023936170213
qq8933/OpenLongCoT-Base-Gemma2-2B,0.14602587800369685,0.30775906960597116,0.023413897280966767,0.2625838926174497,0.32142857142857145,0.1315658244680851
raphgg/test-2.5-72B,0.8133086876155268,0.7245269918416941,0.4108761329305136,0.38926174496644295,0.4801587301587302,0.5836934840425532
rasyosef/Mistral-NeMo-Minitron-8B-Chat,0.3807763401109057,0.4738760631834751,0.027190332326283987,0.276006711409396,0.4298941798941799,0.2403590425531915
rasyosef/Phi-1_5-Instruct-v0.1,0.1866913123844732,0.30932129838569694,0.013595166163141994,0.2600671140939597,0.3412698412698413,0.15616688829787234
rasyosef/phi-2-instruct-apo,0.25508317929759705,0.4408956778337094,0.030211480362537766,0.2701342281879195,0.3333333333333333,0.21550864361702127
rasyosef/phi-2-instruct-v0.1,0.3142329020332717,0.46918937684429785,0.0,0.27432885906040266,0.35185185185185186,0.22465093085106383
realtreetune/rho-1b-sft-MATH,0.14602587800369685,0.31175143204304806,0.03474320241691843,0.2525167785234899,0.34523809523809523,0.11170212765957446
recoilme/Gemma-2-Ataraxy-Gemmasutra-9B-slerp,0.266173752310536,0.597986460683909,0.10045317220543806,0.3296979865771812,0.4603174603174603,0.4162234042553192
recoilme/recoilme-gemma-2-9B-v0.1,0.711645101663586,0.5988543655615345,0.2039274924471299,0.3389261744966443,0.41798941798941797,0.4158909574468085
recoilme/recoilme-gemma-2-9B-v0.2,0.2532347504621072,0.6016316611699358,0.08308157099697885,0.33053691275167785,0.46825396825396826,0.4122340425531915
recoilme/recoilme-gemma-2-9B-v0.3,0.5286506469500925,0.6002430133657352,0.18882175226586104,0.337248322147651,0.46296296296296297,0.4039228723404255
recoilme/recoilme-gemma-2-9B-v0.4,0.2365988909426987,0.5955563270265579,0.08459214501510574,0.34060402684563756,0.4722222222222222,0.4405751329787234
recoilme/recoilme-gemma-2-9B-v0.5,0.7282809611829945,0.5978128797083839,0.21148036253776434,0.33640939597315433,0.421957671957672,0.41996343085106386
redrix/AngelSlayer-12B-Unslop-Mell-RPMax-DARKNESS,0.4879852125693161,0.509460163166117,0.11329305135951662,0.31543624161073824,0.38095238095238093,0.3179853723404255
redrix/patricide-12B-Unslop-Mell,0.3567467652495379,0.5374067002256553,0.13141993957703926,0.3238255033557047,0.4021164021164021,0.3570478723404255
refuelai/Llama-3-Refueled,0.4048059149722736,0.5858357923971532,0.06646525679758308,0.29949664429530204,0.4444444444444444,0.30950797872340424
rhplus0831/maid-yuzu-v7,0.5970425138632163,0.47821558757160215,0.10196374622356495,0.30956375838926176,0.4126984126984127,0.35397273936170215
rhymes-ai/Aria,0.4066543438077634,0.5662211421628189,0.1933534743202417,0.3624161073825503,0.43253968253968256,0.44049202127659576
rhysjones/phi-2-orange-v2,0.29390018484288355,0.47509113001215064,0.04078549848942598,0.26174496644295303,0.36243386243386244,0.25324135638297873
riaz/FineLlama-3.1-8B,0.37707948243992606,0.45547647977781636,0.0513595166163142,0.2751677852348993,0.37566137566137564,0.29637632978723405
rmdhirr/Gluon-8B,0.43622920517560076,0.5141468495052942,0.14425981873111782,0.31208053691275167,0.40343915343915343,0.38081781914893614
rombodawg/Rombos-Coder-V2.5-Qwen-14b,0.66728280961183,0.6153445582364173,0.3300604229607251,0.3028523489932886,0.39021164021164023,0.3939494680851064
rombodawg/Rombos-Coder-V2.5-Qwen-7b,0.5730129390018485,0.503037667071689,0.3338368580060423,0.2835570469798658,0.3968253968253968,0.33976063829787234
rombodawg/Rombos-LLM-V2.5-Qwen-0.5b,0.2144177449168207,0.32806804374240583,0.06797583081570997,0.26677852348993286,0.32275132275132273,0.18658577127659576
rombodawg/Rombos-LLM-V2.5-Qwen-1.5b,0.2680221811460259,0.42180177052595036,0.08534743202416918,0.28859060402684567,0.41798941798941797,0.2922207446808511
rombodawg/Rombos-LLM-V2.5-Qwen-14b,0.5194085027726433,0.646241971879882,0.4554380664652568,0.3716442953020134,0.4708994708994709,0.5375664893617021
rombodawg/Rombos-LLM-V2.5-Qwen-32b,0.6303142329020333,0.7014407220968581,0.4954682779456193,0.39681208053691275,0.5026455026455027,0.5915890957446809
rombodawg/Rombos-LLM-V2.5-Qwen-3b,0.4713493530499076,0.47717410171845165,0.2794561933534743,0.30788590604026844,0.40343915343915343,0.37608045212765956
rombodawg/Rombos-LLM-V2.5-Qwen-72b,0.66728280961183,0.7210553723311925,0.5422960725075529,0.39848993288590606,0.458994708994709,0.593500664893617
rombodawg/Rombos-LLM-V2.5-Qwen-7b,0.5711645101663586,0.5519875021697622,0.3814199395770393,0.3179530201342282,0.42857142857142855,0.4468916223404255
rombodawg/Rombos-LLM-V2.5.1-Qwen-3b,0.18114602587800369,0.3848290227391078,0.12084592145015106,0.2625838926174497,0.39814814814814814,0.27410239361702127
rombodawg/Rombos-LLM-V2.6-Nemotron-70b,0.7079482439926063,0.692761673320604,0.3330815709969788,0.40604026845637586,0.4656084656084656,0.5329122340425532
rombodawg/Rombos-LLM-V2.6-Qwen-14b,0.8170055452865065,0.64207602846728,0.5211480362537765,0.3338926174496644,0.42063492063492064,0.49609375
rombodawg/rombos_Replete-Coder-Instruct-8b-Merged,0.4731977818853974,0.4448880402707863,0.07779456193353475,0.26929530201342283,0.36507936507936506,0.18085106382978725
rombodawg/rombos_Replete-Coder-Llama3-8B,0.41404805914972276,0.3275473008158306,0.03927492447129909,0.26677852348993286,0.3955026455026455,0.13347739361702127
rootxhacker/Apollo-70B,0.4417744916820702,0.6806110050338483,0.5611782477341389,0.45721476510067116,0.4933862433862434,0.5279255319148937
rootxhacker/Apollo_v2-32B,0.35489833641404805,0.7036972747786843,0.42749244712990936,0.3783557046979866,0.49867724867724866,0.5869348404255319
rootxhacker/apollo-7B,0.22735674676524953,0.36226349592084706,0.0256797583081571,0.2785234899328859,0.4126984126984127,0.17478390957446807
rsh345/mistral-ft-optimized-1218-NeuralHermes-2.5-Mistral-7B,0.3179297597042514,0.5150147543829197,0.07326283987915408,0.3028523489932886,0.4669312169312169,0.30535239361702127
rubenroy/Geneva-12B-GCv2-5m,0.19593345656192238,0.5254296129144246,0.08006042296072508,0.287751677852349,0.35185185185185186,0.3249667553191489
rubenroy/Gilgamesh-72B,0.8207024029574861,0.7231383440374934,0.4380664652567976,0.39429530201342283,0.46164021164021163,0.5802027925531915
rubenroy/Zurich-14B-GCv2-5m,0.5600739371534196,0.6283631314007985,0.3074018126888218,0.3615771812080537,0.48677248677248675,0.5232712765957447
ruizhe1217/sft-s1-qwen-0.5b,0.19963031423290203,0.32858878666898106,0.061933534743202415,0.27097315436241615,0.3187830687830688,0.1891622340425532
rwitz/go-bruins-v2,0.3419593345656192,0.3759763929873286,0.06722054380664652,0.2625838926174497,0.4126984126984127,0.2760970744680851
sabersaleh/Llama2-7B-CPO,0.10166358595194085,0.34264884568651277,0.013595166163141994,0.2676174496644295,0.40343915343915343,0.1605718085106383
sabersaleh/Llama2-7B-DPO,0.10720887245841035,0.3480298559277903,0.015861027190332326,0.2684563758389262,0.41005291005291006,0.16256648936170212
sabersaleh/Llama2-7B-IPO,0.133086876155268,0.34455823641728867,0.015861027190332326,0.2676174496644295,0.40343915343915343,0.16173537234042554
sabersaleh/Llama2-7B-KTO,0.10905730129390019,0.34698837007463984,0.0188821752265861,0.2676174496644295,0.41534391534391535,0.1636469414893617
sabersaleh/Llama2-7B-SPO,0.10351201478743069,0.334837701787884,0.019637462235649546,0.27684563758389263,0.3862433862433862,0.17569813829787234
sabersaleh/Llama2-7B-SimPO,0.11829944547134935,0.3457733032459642,0.015861027190332326,0.2709731543624161,0.3994708994708995,0.16414561170212766
sabersaleh/Llama3,0.26247689463955637,0.4770005207429266,0.05664652567975831,0.3104026845637584,0.39285714285714285,0.316156914893617
sabersalehk/Llama3-001-300,0.2532347504621072,0.47318173928137475,0.052870090634441085,0.29949664429530204,0.4060846560846561,0.3158244680851064
sabersalehk/Llama3-SimPO,0.28835489833641403,0.486373893421281,0.05740181268882175,0.30788590604026844,0.40476190476190477,0.3156582446808511
sabersalehk/Llama3_001_200,0.2587800369685767,0.4717930914771741,0.0513595166163142,0.3036912751677852,0.40343915343915343,0.31831781914893614
sabersalehk/Llama3_01_300,0.22365988909426987,0.46780072904009723,0.04984894259818731,0.30788590604026844,0.4060846560846561,0.31241688829787234
saishf/Fimbulvetr-Kuro-Lotus-10.7B,0.4399260628465804,0.43169588613088006,0.05362537764350453,0.3011744966442953,0.44312169312169314,0.33892952127659576
saishf/Neural-SOVLish-Devil-8B-L3,0.34935304990757854,0.5134525256031939,0.0891238670694864,0.30788590604026844,0.41005291005291006,0.3807347074468085
saishshinde15/TethysAI_Base_Reasoning,0.5914972273567468,0.4490539836833883,0.31419939577039274,0.2860738255033557,0.4060846560846561,0.3236369680851064
saishshinde15/TethysAI_Vortex,0.37153419593345655,0.47231383440374936,0.3149546827794562,0.3053691275167785,0.4444444444444444,0.3240525265957447
saishshinde15/TethysAI_Vortex_Reasoning,0.3438077634011091,0.4669328241624718,0.21450151057401812,0.30453020134228187,0.4074074074074074,0.3380984042553192
sakaltcommunity/novablast-preview,0.3844731977818854,0.701093560145808,0.48942598187311176,0.38171140939597314,0.5013227513227513,0.5915059840425532
sakaltcommunity/sakaltum-7b,0.1922365988909427,0.4551293178267662,0.02945619335347432,0.2726510067114094,0.376984126984127,0.2769281914893617
sakhan10/quantized_open_llama_3b_v2,0.12384473197781885,0.29838569692761674,0.0,0.27684563758389263,0.36772486772486773,0.10954122340425532
saltlux/luxia-21.4b-alignment-v1.0,0.31053604436229204,0.6346120465197015,0.09743202416918428,0.3011744966442953,0.43253968253968256,0.34034242021276595
saltlux/luxia-21.4b-alignment-v1.2,0.35304990757855825,0.6342648845686513,0.08459214501510574,0.30788590604026844,0.44576719576719576,0.34732380319148937
sam-paech/Darkest-muse-v1,0.6894639556377079,0.5953827460510328,0.21450151057401812,0.34395973154362414,0.4497354497354497,0.4183843085106383
sam-paech/Delirium-v1,0.6765249537892791,0.5943412601978824,0.2107250755287009,0.34312080536912754,0.45105820105820105,0.4189660904255319
sam-paech/Quill-v1,0.6654343807763401,0.5953827460510328,0.2122356495468278,0.33976510067114096,0.455026455026455,0.4171376329787234
sarvamai/OpenHathi-7B-Hi-v0.1-Base,0.12939001848428835,0.3343169588613088,0.008308157099697885,0.2533557046979866,0.36507936507936506,0.15433843085106383
schnapss/testmerge-7b,0.32162661737523107,0.5146675924318694,0.06873111782477341,0.2961409395973154,0.46825396825396826,0.30601728723404253
sci-m-wang/Mistral-7B-Instruct-sa-v0.1,0.3826247689463956,0.32477000520742927,0.014350453172205438,0.25922818791946306,0.3888888888888889,0.2362034574468085
sci-m-wang/Phi-3-mini-4k-instruct-sa-v0.1,0.4417744916820702,0.549383787536886,0.14803625377643503,0.3288590604026846,0.4060846560846561,0.39852061170212766
sci-m-wang/deepseek-llm-7b-chat-sa-v0.1,0.3419593345656192,0.3690331539663253,0.026435045317220542,0.25671140939597314,0.4166666666666667,0.22091090425531915
securin/Securin-LLM-V2.5-Qwen-1.5B,0.10536044362292052,0.3126193369206735,0.024924471299093656,0.25,0.35978835978835977,0.16148603723404256
senseable/WestLake-7B-v2,0.3789279112754159,0.40392293004686686,0.04833836858006042,0.27684563758389263,0.39285714285714285,0.27642952127659576
sequelbox/Llama3.1-70B-PlumChat,0.5009242144177449,0.6745356708904704,0.3028700906344411,0.39093959731543626,0.47619047619047616,0.516373005319149
sequelbox/Llama3.1-8B-MOTH,0.4602587800369686,0.48915118902968235,0.1216012084592145,0.2684563758389262,0.36772486772486773,0.3338597074468085
sequelbox/Llama3.1-8B-PlumChat,0.36414048059149723,0.3858705085922583,0.03625377643504532,0.2651006711409396,0.37433862433862436,0.21268284574468085
sequelbox/Llama3.1-8B-PlumCode,0.1367837338262477,0.3343169588613088,0.027190332326283987,0.276006711409396,0.376984126984127,0.23354388297872342
sequelbox/Llama3.1-8B-PlumMath,0.15711645101663585,0.39940982468321473,0.04758308157099698,0.3179530201342282,0.3915343915343915,0.29753989361702127
sequelbox/gemma-2-9B-MOTH,0.15157116451016636,0.30480819302204476,0.010574018126888218,0.2600671140939597,0.33994708994708994,0.11402925531914894
sethuiyer/Llama-3.1-8B-Experimental-1206-Instruct,0.6487985212569316,0.5089394202395418,0.11178247734138973,0.29949664429530204,0.3955026455026455,0.35289228723404253
sethuiyer/Llama-3.1-8B-Experimental-1208-Instruct,0.5545286506469501,0.4957472660996355,0.0891238670694864,0.2961409395973154,0.3783068783068783,0.35106382978723405
sethuiyer/LlamaZero-3.1-8B-Experimental-1208,0.5471349353049908,0.4973094948793612,0.10800604229607251,0.2684563758389262,0.38095238095238093,0.2999501329787234
sethuiyer/Llamaverse-3.1-8B-Instruct,0.5656192236598891,0.5407047387606319,0.18580060422960726,0.2911073825503356,0.37566137566137564,0.3523105053191489
sethuiyer/Llamazing-3.1-8B-Instruct,0.5175600739371534,0.5287276514494011,0.054380664652567974,0.31208053691275167,0.3968253968253968,0.3606216755319149
sethuiyer/Qwen2.5-7B-Anvita,0.5970425138632163,0.5433084533935081,0.20166163141993956,0.3271812080536913,0.43253968253968256,0.4165558510638298
shadowml/BeagSake-7B,0.4676524953789279,0.4700572817219233,0.05060422960725076,0.28104026845637586,0.4113756613756614,0.25847739361702127
shadowml/Mixolar-4x7b,0.3290203327171904,0.5203957646241972,0.0581570996978852,0.29278523489932884,0.4246031746031746,0.33053523936170215
shastraai/Shastra-LLAMA2-Math-Commonsense-SFT,0.2365988909426987,0.381010241277556,0.017371601208459216,0.25922818791946306,0.35978835978835977,0.19971742021276595
shivam9980/NEPALI-LLM,0.022181146025878003,0.38066307932650584,0.00906344410876133,0.26174496644295303,0.4113756613756614,0.2064494680851064
shivam9980/mistral-7b-news-cnn-merged,0.39926062846580407,0.36122201006769655,0.0188821752265861,0.3087248322147651,0.45105820105820105,0.28274601063829785
shivank21/mistral_dpo_self,0.2754158964879852,0.31904183301510153,0.02190332326283988,0.2407718120805369,0.32407407407407407,0.2214095744680851
shuttleai/shuttle-3,0.7818853974121996,0.7403228606144766,0.45996978851963743,0.41191275167785235,0.4365079365079365,0.5716422872340425
shyamieee/Padma-v7.0,0.3197781885397412,0.5092865821905919,0.0702416918429003,0.2860738255033557,0.43783068783068785,0.3029421542553192
silma-ai/SILMA-9B-Instruct-v1.0,0.5304990757855823,0.520048602673147,0.1163141993957704,0.3053691275167785,0.46296296296296297,0.39195478723404253
silma-ai/SILMA-Kashif-2B-Instruct-v1.0,0.10905730129390019,0.37667071688942894,0.011329305135951661,0.2701342281879195,0.40343915343915343,0.22581449468085107
siqi00/Mistral-7B-DFT,0.5046210720887245,0.46450269050512066,0.0377643504531722,0.30453020134228187,0.41798941798941797,0.2962932180851064
siqi00/Mistral-7B-DFT2,0.5360443622920518,0.3938552334664121,0.045317220543806644,0.29949664429530204,0.43915343915343913,0.28523936170212766
skumar9/Llama-medx_v2,0.36968576709796674,0.48828328415205696,0.09138972809667674,0.3053691275167785,0.36507936507936506,0.34632646276595747
skymizer/Llama2-7b-sft-chat-custom-template-dpo,0.1756007393715342,0.36677660128449924,0.014350453172205438,0.23909395973154363,0.4417989417989418,0.19464760638297873
someon98/qwen-CoMa-0.5b,0.16635859519408502,0.29248394375976394,0.004531722054380665,0.23993288590604026,0.40343915343915343,0.10987367021276596
sometimesanotion/ChocoTrio-14B-v1,0.6635859519408502,0.6493664294393334,0.3972809667673716,0.3850671140939597,0.48148148148148145,0.5369847074468085
sometimesanotion/IF-reasoning-experiment-40,0.5693160813308688,0.6087484811664642,0.3716012084592145,0.3800335570469799,0.5185185185185185,0.5024933510638298
sometimesanotion/IF-reasoning-experiment-80,0.47504621072088726,0.41885089394202396,0.09894259818731117,0.28439597315436244,0.5013227513227513,0.3367686170212766
sometimesanotion/KytheraMix-7B-v0.2,0.5674676524953789,0.5611872938725916,0.29229607250755285,0.33557046979865773,0.458994708994709,0.45054853723404253
sometimesanotion/Lamarck-14B-v0.1-experimental,0.4676524953789279,0.6559625065092866,0.3580060422960725,0.38171140939597314,0.4722222222222222,0.5408078457446809
sometimesanotion/Lamarck-14B-v0.3,0.4343807763401109,0.659086964068738,0.3406344410876133,0.3884228187919463,0.46825396825396826,0.5410571808510638
sometimesanotion/Lamarck-14B-v0.4-Qwenvergence,0.4177449168207024,0.6517965630966847,0.33987915407854985,0.3783557046979866,0.48412698412698413,0.5406416223404256
sometimesanotion/Lamarck-14B-v0.6-002-model_stock,0.6118299445471349,0.6120465197014407,0.3776435045317221,0.37416107382550334,0.5171957671957672,0.5054022606382979
sometimesanotion/Lamarck-14B-v0.6-model_stock,0.6229205175600739,0.6254122548168721,0.4244712990936556,0.38422818791946306,0.5,0.519780585106383
sometimesanotion/Lamarck-14B-v0.6,0.6451016635859519,0.6445061621246312,0.4040785498489426,0.38926174496644295,0.48412698412698413,0.5399767287234043
sometimesanotion/Lamarck-14B-v0.7-Fusion,0.634011090573013,0.65266446797431,0.4040785498489426,0.401006711409396,0.49867724867724866,0.5390625
sometimesanotion/Lamarck-14B-v0.7-rc1,0.6913123844731978,0.6476306196840826,0.3851963746223565,0.38926174496644295,0.4708994708994709,0.5415558510638298
sometimesanotion/Lamarck-14B-v0.7-rc4,0.678373382624769,0.6498871723659086,0.4025679758308157,0.38926174496644295,0.49074074074074076,0.5399767287234043
sometimesanotion/LamarckInfusion-14B-v1,0.6746765249537893,0.6530116299253602,0.4169184290030212,0.39093959731543626,0.4894179894179894,0.5376496010638298
sometimesanotion/LamarckInfusion-14B-v2-hi,0.6395563770794824,0.6542266967540358,0.4229607250755287,0.3884228187919463,0.48412698412698413,0.5404753989361702
sometimesanotion/LamarckInfusion-14B-v2-lo,0.6321626617375231,0.6512758201701093,0.42371601208459214,0.3859060402684564,0.49867724867724866,0.5397273936170213
sometimesanotion/LamarckInfusion-14B-v2,0.6321626617375231,0.6550946016316612,0.438821752265861,0.3875838926174497,0.49867724867724866,0.5416389627659575
sometimesanotion/LamarckInfusion-14B-v3,0.66728280961183,0.650581496268009,0.4123867069486405,0.38674496644295303,0.48148148148148145,0.5407247340425532
sometimesanotion/Qwen-14B-ProseStock-v4,0.43807763401109057,0.6476306196840826,0.3640483383685801,0.3884228187919463,0.4933862433862434,0.5386469414893617
sometimesanotion/Qwen-2.5-14B-Virmarckeoso,0.41589648798521256,0.6549210206561361,0.3564954682779456,0.37919463087248323,0.47883597883597884,0.5377327127659575
sometimesanotion/Qwen2.5-14B-Vimarckoso-v2,0.37707948243992606,0.6531852109008852,0.3580060422960725,0.3825503355704698,0.48148148148148145,0.5379820478723404
sometimesanotion/Qwen2.5-14B-Vimarckoso-v3-IF-Variant,0.5859519408502772,0.5497309494879361,0.2545317220543807,0.34731543624161076,0.5304232804232805,0.4588597074468085
sometimesanotion/Qwen2.5-14B-Vimarckoso-v3-Prose01,0.6358595194085028,0.6342648845686513,0.3995468277945619,0.38674496644295303,0.4801587301587302,0.5275099734042553
sometimesanotion/Qwen2.5-14B-Vimarckoso-v3-model_stock,0.6709796672828097,0.6408609616386044,0.4244712990936556,0.3800335570469799,0.4775132275132275,0.5315824468085106
sometimesanotion/Qwen2.5-14B-Vimarckoso-v3,0.6839186691312384,0.6401666377365041,0.4003021148036254,0.3800335570469799,0.4801587301587302,0.5343251329787234
sometimesanotion/Qwen2.5-14B-Vimarckoso,0.39926062846580407,0.6434646762714806,0.338368580060423,0.3926174496644295,0.48544973544973546,0.5329122340425532
sometimesanotion/Qwen2.5-7B-Gordion-v0.1-Prose,0.48428835489833644,0.5566741885089395,0.2892749244712991,0.32046979865771813,0.4497354497354497,0.4525432180851064
sometimesanotion/Qwen2.5-7B-Gordion-v0.1-Reason,0.43068391866913125,0.5466064919284847,0.2620845921450151,0.34060402684563756,0.44312169312169314,0.4306848404255319
sometimesanotion/Qwen2.5-7B-Gordion-v0.1,0.7097966728280961,0.549557368512411,0.29154078549848944,0.30788590604026844,0.4007936507936508,0.43001994680851063
sometimesanotion/Qwentessential-14B-v1,0.5711645101663586,0.6535323728519354,0.4070996978851964,0.3875838926174497,0.48677248677248675,0.5381482712765957
sometimesanotion/Qwentinuum-14B-v013,0.6192236598890942,0.606144766533588,0.37084592145015105,0.3573825503355705,0.5145502645502645,0.49908577127659576
sometimesanotion/Qwentinuum-14B-v1,0.4343807763401109,0.654747439680611,0.36027190332326287,0.3825503355704698,0.4775132275132275,0.5409740691489362
sometimesanotion/Qwentinuum-14B-v2,0.4713493530499076,0.6533587918764103,0.37537764350453173,0.3884228187919463,0.4708994708994709,0.5408909574468085
sometimesanotion/Qwentinuum-14B-v3,0.5600739371534196,0.65266446797431,0.35347432024169184,0.3875838926174497,0.48544973544973546,0.5413065159574468
sometimesanotion/Qwentinuum-14B-v5,0.5748613678373382,0.6535323728519354,0.34441087613293053,0.3875838926174497,0.48677248677248675,0.5418051861702128
sometimesanotion/Qwentinuum-14B-v6-Prose,0.49907578558225507,0.6524908869987849,0.37009063444108764,0.3884228187919463,0.49074074074074076,0.5392287234042553
sometimesanotion/Qwentinuum-14B-v6,0.5785582255083179,0.65266446797431,0.36027190332326287,0.38674496644295303,0.4894179894179894,0.5399767287234043
sometimesanotion/Qwentinuum-14B-v7,0.55637707948244,0.6528380489498351,0.35725075528700906,0.39093959731543626,0.48148148148148145,0.5409740691489362
sometimesanotion/Qwentinuum-14B-v8,0.4731977818853974,0.6517965630966847,0.39123867069486407,0.38338926174496646,0.48677248677248675,0.5412234042553191
sometimesanotion/Qwentinuum-14B-v9,0.4399260628465804,0.6561360874848117,0.34818731117824775,0.3859060402684564,0.4775132275132275,0.5421376329787234
sometimesanotion/Qwenvergence-14B-qv256,0.6506469500924215,0.629578198229474,0.38972809667673713,0.3783557046979866,0.49206349206349204,0.5177859042553191
sometimesanotion/Qwenvergence-14B-v0.6-004-model_stock,0.6321626617375231,0.6235028640860961,0.4093655589123867,0.38338926174496646,0.5026455026455027,0.519281914893617
sometimesanotion/Qwenvergence-14B-v10,0.6247689463955638,0.6302725221315744,0.4788519637462236,0.37919463087248323,0.49867724867724866,0.523936170212766
sometimesanotion/Qwenvergence-14B-v11,0.6746765249537893,0.6354799513973268,0.4645015105740181,0.3724832214765101,0.4748677248677249,0.5327460106382979
sometimesanotion/Qwenvergence-14B-v12-Prose-DS,0.5656192236598891,0.6490192674882833,0.43051359516616317,0.39429530201342283,0.5145502645502645,0.5369015957446809
sometimesanotion/Qwenvergence-14B-v12-Prose,0.47689463955637706,0.648324943586183,0.35347432024169184,0.38674496644295303,0.49867724867724866,0.5381482712765957
sometimesanotion/Qwenvergence-14B-v13-Prose-DS,0.6802218114602587,0.6396458948099288,0.3859516616314199,0.38338926174496646,0.49206349206349204,0.534906914893617
sometimesanotion/Qwenvergence-14B-v15-Prose-MS,0.43807763401109057,0.6528380489498351,0.3632930513595166,0.3951342281879195,0.49074074074074076,0.539311835106383
sometimesanotion/Qwenvergence-14B-v2-Prose,0.4121996303142329,0.6497135913903836,0.3557401812688822,0.3934563758389262,0.49206349206349204,0.5371509308510638
sometimesanotion/Qwenvergence-14B-v3-Prose,0.4343807763401109,0.6493664294393334,0.3648036253776435,0.3951342281879195,0.4933862433862434,0.5369847074468085
sometimesanotion/Qwenvergence-14B-v3-Reason,0.47504621072088726,0.6540531157785107,0.3580060422960725,0.38674496644295303,0.47354497354497355,0.5394780585106383
sometimesanotion/Qwenvergence-14B-v3,0.43807763401109057,0.65266446797431,0.3693353474320242,0.38422818791946306,0.4880952380952381,0.5386469414893617
sometimesanotion/Qwenvergence-14B-v6-Prose-model_stock,0.4214417744916821,0.6514494011456344,0.36027190332326287,0.3934563758389262,0.4894179894179894,0.5387300531914894
sometimesanotion/Qwenvergence-14B-v6-Prose,0.5397412199630314,0.6524908869987849,0.3564954682779456,0.3884228187919463,0.4880952380952381,0.5370678191489362
sometimesanotion/Qwenvergence-14B-v8,0.5268022181146026,0.6514494011456344,0.40483383685800606,0.3808724832214765,0.47619047619047616,0.543467420212766
sometimesanotion/Qwenvergence-14B-v9,0.6025878003696857,0.6144766533587919,0.41389728096676737,0.36828859060402686,0.5132275132275133,0.5110538563829787
sometimesanotion/lamarck-14b-prose-model_stock,0.36968576709796674,0.6469362957819823,0.3413897280966767,0.3934563758389262,0.48412698412698413,0.535405585106383
sometimesanotion/lamarck-14b-reason-model_stock,0.4269870609981516,0.654747439680611,0.3580060422960725,0.38422818791946306,0.47354497354497355,0.5402260638297872
sonthenguyen/ft-unsloth-zephyr-sft-bnb-4bit-20241014-161415,0.22735674676524953,0.37823294566915466,0.011329305135951661,0.24664429530201343,0.38492063492063494,0.14012632978723405
sonthenguyen/ft-unsloth-zephyr-sft-bnb-4bit-20241014-164205,0.2513863216266174,0.393681652490887,0.008308157099697885,0.276006711409396,0.42592592592592593,0.21243351063829788
sonthenguyen/ft-unsloth-zephyr-sft-bnb-4bit-20241014-170522,0.3068391866913124,0.38031591737545567,0.00906344410876133,0.2651006711409396,0.43915343915343913,0.20553523936170212
sonthenguyen/zephyr-sft-bnb-4bit-DPO-mtbc-213steps,0.36229205175600737,0.41885089394202396,0.0256797583081571,0.26174496644295303,0.4074074074074074,0.27086103723404253
sonthenguyen/zephyr-sft-bnb-4bit-DPO-mtbo-180steps,0.3438077634011091,0.43152230515535495,0.023413897280966767,0.276006711409396,0.38756613756613756,0.27476728723404253
sonthenguyen/zephyr-sft-bnb-4bit-DPO-mtbr-180steps,0.3364140480591497,0.42978649540010416,0.024924471299093656,0.2802013422818792,0.4246031746031746,0.2711103723404255
sophosympatheia/Midnight-Miqu-70B-v1.5,0.5582255083179297,0.5594514841173407,0.0702416918429003,0.2961409395973154,0.42328042328042326,0.38248005319148937
speakleash/Bielik-11B-v2.0-Instruct,0.4713493530499076,0.5339350807151536,0.11858006042296072,0.31711409395973156,0.44576719576719576,0.3351063829787234
speakleash/Bielik-11B-v2.1-Instruct,0.4436229205175601,0.5502516924145113,0.26661631419939574,0.337248322147651,0.41798941798941797,0.34466422872340424
speakleash/Bielik-11B-v2.2-Instruct,0.49168207024029575,0.5571949314355147,0.2681268882175227,0.3313758389261745,0.4166666666666667,0.3486535904255319
speakleash/Bielik-11B-v2.3-Instruct,0.49907578558225507,0.5641381704565179,0.2084592145015106,0.34060402684563756,0.45105820105820105,0.34441489361702127
speakleash/Bielik-11B-v2,0.18484288354898337,0.4903662558583579,0.07854984894259819,0.28859060402684567,0.3915343915343915,0.3137466755319149
spmurrayzzz/Mistral-Syndicate-7B,0.1922365988909427,0.4240583232077764,0.033987915407854986,0.276006711409396,0.43783068783068785,0.2631316489361702
spow12/ChatWaifu_12B_v2.0,0.41035120147874304,0.517792049991321,0.07099697885196375,0.27684563758389263,0.4417989417989418,0.33876329787234044
spow12/ChatWaifu_22B_v2.0_preview,0.6247689463955638,0.6144766533587919,0.18882175226586104,0.31543624161073824,0.36772486772486773,0.39876994680851063
spow12/ChatWaifu_v1.4,0.5194085027726433,0.5139732685297691,0.10574018126888217,0.3070469798657718,0.47354497354497355,0.3474900265957447
spow12/ChatWaifu_v2.0_22B,0.6044362292051756,0.587398021176879,0.20317220543806647,0.3238255033557047,0.3835978835978836,0.3812333776595745
ssmits/Qwen2.5-95B-Instruct,0.8133086876155268,0.7005728172192328,0.5302114803625377,0.3640939597315436,0.42724867724867727,0.5216921542553191
stabilityai/StableBeluga2,0.3197781885397412,0.5797604582537754,0.04380664652567976,0.3162751677852349,0.4722222222222222,0.3326130319148936
stabilityai/stablelm-2-12b-chat,0.34750462107208874,0.4646762714806457,0.05362537764350453,0.26677852348993286,0.39021164021164023,0.2734375
stabilityai/stablelm-2-12b,0.12199630314232902,0.44766533587918766,0.04305135951661632,0.2785234899328859,0.4470899470899471,0.3071808510638298
stabilityai/stablelm-2-1_6b-chat,0.24029574861367836,0.3351848637389342,0.024924471299093656,0.24748322147651006,0.35714285714285715,0.16215093085106383
stabilityai/stablelm-2-1_6b,0.08872458410351201,0.3351848637389342,0.0075528700906344415,0.2483221476510067,0.38756613756613756,0.1463597074468085
stabilityai/stablelm-2-zephyr-1_6b,0.266173752310536,0.33171324422843257,0.03323262839879154,0.24328859060402686,0.3505291005291005,0.17137632978723405
stabilityai/stablelm-3b-4e1t,0.15526802218114602,0.34855059885436557,0.010574018126888218,0.23741610738255034,0.376984126984127,0.1668882978723404
stabilityai/stablelm-zephyr-3b,0.3049907578558225,0.38309321298385696,0.04305135951661632,0.23909395973154363,0.41798941798941797,0.17677859042553193
sthenno-com/miscii-14b-0130,0.609981515711645,0.6491928484638083,0.43202416918429004,0.38171140939597314,0.49074074074074076,0.5363198138297872
sthenno-com/miscii-14b-0218,0.7338262476894639,0.6535323728519354,0.5143504531722054,0.38338926174496646,0.42592592592592593,0.5297539893617021
sthenno-com/miscii-14b-1028,0.7948243992606284,0.6425967713938552,0.5030211480362538,0.3565436241610738,0.4166666666666667,0.5152925531914894
sthenno-com/miscii-14b-1225,0.7578558225508318,0.6559625065092866,0.4516616314199396,0.3775167785234899,0.4351851851851852,0.5271775265957447
sthenno/tempesthenno-0120,0.4713493530499076,0.636000694323902,0.33534743202416917,0.39429530201342283,0.46296296296296297,0.5290059840425532
sthenno/tempesthenno-fusion-0309,0.7338262476894639,0.6564832494358618,0.47658610271903323,0.3699664429530201,0.4312169312169312,0.5258477393617021
sthenno/tempesthenno-kto-0205-ckpt80,0.7763401109057301,0.65266446797431,0.459214501510574,0.34815436241610737,0.42328042328042326,0.5285904255319149
sthenno/tempesthenno-nuslerp-001,0.7615526802218114,0.6561360874848117,0.47583081570996977,0.3733221476510067,0.42857142857142855,0.5256815159574468
sthenno/tempesthenno-nuslerp-0124,0.6561922365988909,0.6455476479777816,0.411631419939577,0.3901006711409396,0.48544973544973546,0.5352393617021277
sthenno/tempesthenno-ppo-ckpt40,0.7597042513863216,0.6531852109008852,0.4735649546827795,0.3775167785234899,0.43386243386243384,0.5291722074468085
sthenno/tempesthenno-sft-0309-ckpt10,0.7393715341959335,0.6535323728519354,0.47205438066465255,0.3716442953020134,0.4351851851851852,0.5257646276595744
sthenno/tempesthenno-sft-0314-stage1-ckpt50,0.7005545286506469,0.6580454782155876,0.46827794561933533,0.3733221476510067,0.4417989417989418,0.5301695478723404
sthenno/tempestissimo-14b-0309,0.7171903881700554,0.6564832494358618,0.479607250755287,0.36661073825503354,0.4298941798941799,0.528091755319149
streamerbtw1002/Nexuim-R1-7B-Instruct,0.6506469500924215,0.5165769831626453,0.44561933534743203,0.25922818791946306,0.33465608465608465,0.413813164893617
stupidity-ai/Llama-3-8B-Instruct-MultiMoose,0.16266173752310537,0.2782503037667072,0.0,0.2533557046979866,0.3478835978835979,0.109375
suayptalha/Clarus-7B-v0.1,0.7042513863216266,0.5467800729040098,0.49244712990936557,0.3070469798657718,0.4417989417989418,0.4387466755319149
suayptalha/Clarus-7B-v0.2,0.7301293900184843,0.5460857490019094,0.48564954682779454,0.30201342281879195,0.44047619047619047,0.4399933510638298
suayptalha/Clarus-7B-v0.3,0.711645101663586,0.5499045304634612,0.4879154078549849,0.31208053691275167,0.43915343915343913,0.4384973404255319
suayptalha/DeepSeek-R1-Distill-Llama-3B,0.6691312384473198,0.44367297344211076,0.20921450151057402,0.2609060402684564,0.3386243386243386,0.29778922872340424
suayptalha/Falcon3-Jessi-v0.4-7B-Slerp,0.7282809611829945,0.5563270265578892,0.39652567975830816,0.31208053691275167,0.4801587301587302,0.406000664893617
suayptalha/HomerCreativeAnvita-Mix-Qw7B,0.7486136783733827,0.5540704738760632,0.3610271903323263,0.3145973154362416,0.44047619047619047,0.4444813829787234
suayptalha/Komodo-Llama-3.2-3B-v2-fp16,0.5822550831792976,0.4339524388127061,0.10649546827794562,0.27768456375838924,0.33994708994708994,0.28523936170212766
suayptalha/Lamarckvergence-14B,0.7338262476894639,0.6498871723659086,0.5400302114803626,0.36325503355704697,0.44047619047619047,0.5283410904255319
suayptalha/Lix-14B-v0.1,0.744916820702403,0.6583926401666378,0.5294561933534743,0.3699664429530201,0.43253968253968256,0.5314162234042553
suayptalha/Luminis-phi-4,0.6414048059149723,0.6899843777122028,0.4637462235649547,0.35151006711409394,0.45634920634920634,0.5423869680851063
suayptalha/Maestro-10B,0.7393715341959335,0.5719493143551466,0.19108761329305135,0.33305369127516776,0.43915343915343913,0.42179188829787234
suayptalha/Rombos-2.5-T.E-8.1,0.6487985212569316,0.5486894636347857,0.49244712990936557,0.311241610738255,0.41534391534391535,0.4445644946808511
sumink/Qmerft,0.10536044362292052,0.2902273910779379,0.0022658610271903325,0.2525167785234899,0.36772486772486773,0.11569148936170212
sumink/Qwenftmodel,0.10720887245841035,0.37927443152230517,0.0891238670694864,0.25671140939597314,0.3611111111111111,0.23387632978723405
sumink/Qwenmplus,0.1478743068391867,0.36434646762714806,0.024924471299093656,0.28523489932885904,0.38227513227513227,0.19921875
sumink/Qwensci,0.12014787430683918,0.3254643291095296,0.02039274924471299,0.25838926174496646,0.35978835978835977,0.12599734042553193
sumink/bbhqwen,0.11829944547134935,0.33657351154313486,0.010574018126888218,0.2575503355704698,0.43386243386243384,0.16165226063829788
sumink/bbhqwen2,0.09796672828096119,0.30185731643811836,0.006042296072507553,0.2625838926174497,0.4417989417989418,0.1149434840425532
sumink/bbhqwen3,0.1367837338262477,0.29231036278423883,0.0,0.2575503355704698,0.3783068783068783,0.11660571808510638
sumink/bbhqwen4,0.09426987060998152,0.31904183301510153,0.006042296072507553,0.24412751677852348,0.4021164021164021,0.15093085106382978
sumink/bbhqwen5,0.10166358595194085,0.286235028640861,0.0022658610271903325,0.2600671140939597,0.4007936507936508,0.11311502659574468
sumink/bbhqwen6,0.12199630314232902,0.2730428745009547,0.0007552870090634441,0.25838926174496646,0.35714285714285715,0.11527593085106383
sumink/flflmillama,0.11090573012939002,0.3848290227391078,0.019637462235649546,0.29194630872483224,0.3584656084656085,0.20960771276595744
sumink/ftgpt,0.07948243992606285,0.28849158132268704,0.0,0.26426174496644295,0.4126984126984127,0.1171875
sumink/llamaft,0.10351201478743069,0.3758028120118035,0.01661631419939577,0.2709731543624161,0.3492063492063492,0.21143617021276595
sumink/llamamerge,0.20702402957486138,0.46033674709251865,0.015105740181268883,0.2986577181208054,0.42328042328042326,0.2589760638297872
sumink/llftfl7,0.10905730129390019,0.3784065266446797,0.010574018126888218,0.28104026845637586,0.36243386243386244,0.17428523936170212
sumink/llmer,0.25693160813308685,0.4867210553723312,0.0649546827794562,0.2978187919463087,0.40343915343915343,0.35289228723404253
sumink/qwft,0.07024029574861368,0.29630272522131573,0.0,0.2525167785234899,0.35714285714285715,0.11294880319148937
sumink/qwmer,0.15711645101663585,0.4264884568651276,0.0007552870090634441,0.28691275167785235,0.4021164021164021,0.22149268617021275
sumink/solarmer3,0.3142329020332717,0.5249088699878494,0.0581570996978852,0.2911073825503356,0.43915343915343913,0.332280585106383
sumink/somer,0.23475046210720887,0.5162298212115952,0.04154078549848943,0.2986577181208054,0.4642857142857143,0.3447473404255319
sumink/somer2,0.24399260628465805,0.513626106578719,0.04682779456193353,0.3036912751677852,0.4656084656084656,0.34325132978723405
sumink/somerft,0.09426987060998152,0.3060232598507204,0.014350453172205438,0.2483221476510067,0.40343915343915343,0.11170212765957446
sunbaby/BrainCog-8B-0.1-Instruct,0.3733826247689464,0.4577330324596424,0.09667673716012085,0.3011744966442953,0.36507936507936506,0.28582114361702127
swap-uniba/LLaMAntino-3-ANITA-8B-Inst-DPO-ITA,0.4066543438077634,0.49192848463808364,0.04833836858006042,0.2986577181208054,0.43783068783068785,0.3723404255319149
synergetic/FrankenQwen2.5-14B,0.1256931608133087,0.6024995660475612,0.0,0.2701342281879195,0.3835978835978836,0.43816489361702127
talha2001/Beast-Soul-new,0.42513863216266173,0.5198750216976219,0.07401812688821752,0.28187919463087246,0.44576719576719576,0.3101728723404255
tangledgroup/tangled-llama-pints-1.5b-v0.1-instruct,0.09796672828096119,0.3107099461898976,0.012084592145015106,0.23993288590604026,0.37566137566137564,0.11087101063829788
tangledgroup/tangled-llama-pints-1.5b-v0.2-instruct,0.11460258780036968,0.31227217496962334,0.01283987915407855,0.24161073825503357,0.3637566137566138,0.11170212765957446
tanliboy/lambda-gemma-2-9b-dpo,0.38817005545286504,0.5462593299774344,0.09441087613293052,0.313758389261745,0.4007936507936508,0.379155585106383
tanliboy/lambda-qwen2.5-14b-dpo-test,0.7985212569316081,0.6370421801770526,0.5460725075528701,0.3624161073825503,0.4246031746031746,0.4847905585106383
tanliboy/lambda-qwen2.5-32b-dpo-test,0.7726432532347505,0.6719319562575942,0.6102719033232629,0.3565436241610738,0.42592592592592593,0.565658244680851
tannedbum/Ellaria-9B,0.7486136783733827,0.5934733553202569,0.20770392749244712,0.33305369127516776,0.414021164021164,0.42054521276595747
tannedbum/L3-Nymeria-Maid-8B,0.6802218114602587,0.5132789446276688,0.09365558912386707,0.2961409395973154,0.37433862433862436,0.37466755319148937
tannedbum/L3-Nymeria-v2-8B,0.6746765249537893,0.5214372504773477,0.09214501510574018,0.2902684563758389,0.36904761904761907,0.37533244680851063
tannedbum/L3-Rhaenys-8B,0.6931608133086876,0.528380489498351,0.08761329305135952,0.2978187919463087,0.3716931216931217,0.3799035904255319
teknium/CollectiveCognition-v1.1-Mistral-7B,0.2199630314232902,0.44835965978128794,0.030966767371601207,0.28691275167785235,0.3862433862433862,0.28366023936170215
teknium/OpenHermes-13B,0.20147874306839186,0.41885089394202396,0.012084592145015106,0.2726510067114094,0.40343915343915343,0.23894614361702127
teknium/OpenHermes-2-Mistral-7B,0.47689463955637706,0.4917549036625586,0.045317220543806644,0.2835570469798658,0.45105820105820105,0.2931349734042553
teknium/OpenHermes-2.5-Mistral-7B,0.5027726432532348,0.48411734073945495,0.05060422960725076,0.2835570469798658,0.42328042328042326,0.3054355053191489
teknium/OpenHermes-7B,0.1478743068391867,0.35879187641034543,0.015861027190332326,0.26929530201342283,0.4312169312169312,0.19331781914893617
tensopolis/falcon3-10b-tensopolis-v1,0.7467652495378928,0.6158653011629925,0.27492447129909364,0.3296979865771812,0.4365079365079365,0.4419880319148936
tensopolis/falcon3-10b-tensopolis-v2,0.7430683918669131,0.6158653011629925,0.26661631419939574,0.3271812080536913,0.42857142857142855,0.4424035904255319
tensopolis/lamarckvergence-14b-tensopolis-v1,0.7245841035120147,0.6544002777295609,0.5166163141993958,0.36073825503355705,0.44576719576719576,0.5250166223404256
tensopolis/mistral-small-2501-tensopolis-v1,0.7430683918669131,0.6443325811491061,0.44410876132930516,0.3573825503355705,0.42724867724867727,0.4464760638297872
tensopolis/mistral-small-r1-tensopolis,0.39926062846580407,0.5427877104669329,0.290785498489426,0.28187919463087246,0.373015873015873,0.4035073138297872
tensopolis/phi-4-tensopolis-v1,0.6303142329020333,0.6847769484464503,0.49395770392749244,0.3347315436241611,0.4126984126984127,0.5383976063829787
tensopolis/qwen2.5-14b-tensopolis-v1,0.767097966728281,0.6344384655441764,0.5294561933534743,0.3347315436241611,0.41798941798941797,0.49110704787234044
tensopolis/qwen2.5-3b-or1-tensopolis,0.28835489833641403,0.4398541919805589,0.1729607250755287,0.29446308724832215,0.37433862433862436,0.3197307180851064
tensopolis/qwen2.5-7b-tensopolis-v1,0.7264325323475046,0.5360180524214546,0.4561933534743202,0.2961409395973154,0.43253968253968256,0.42686170212765956
tensopolis/qwen2.5-7b-tensopolis-v2,0.711645101663586,0.5384481860788057,0.4818731117824773,0.2902684563758389,0.42328042328042326,0.42428523936170215
tensopolis/virtuoso-lite-tensopolis-v1,0.7744916820702403,0.6070126714112133,0.2545317220543807,0.3447986577181208,0.4576719576719577,0.4434840425531915
tensopolis/virtuoso-lite-tensopolis-v2,0.7689463955637708,0.6068390904356883,0.25,0.34312080536912754,0.458994708994709,0.44398271276595747
tensopolis/virtuoso-small-tensopolis-v1,0.7523105360443623,0.639819475785454,0.3527190332326284,0.32802013422818793,0.4312169312169312,0.4968417553191489
tensopolis/virtuoso-small-tensopolis-v2,0.767097966728281,0.6495400104148585,0.38746223564954685,0.3288590604026846,0.43386243386243384,0.515375664893617
tensopolis/virtuoso-small-v2-tensopolis-v1,0.8133086876155268,0.6519701440722097,0.452416918429003,0.3464765100671141,0.4497354497354497,0.5175365691489362
tensoropera/Fox-1-1.6B,0.21626617375231053,0.3278944627668807,0.017371601208459216,0.2634228187919463,0.3544973544973545,0.1371343085106383
tenyx/Llama3-TenyxChat-70B,0.7744916820702403,0.6491928484638083,0.23564954682779457,0.3011744966442953,0.4246031746031746,0.5210272606382979
theo77186/Qwen2.5-Coder-7B-Instruct-20241106,0.5656192236598891,0.49800381878146155,0.38821752265861026,0.29194630872483224,0.4060846560846561,0.33527260638297873
theprint/Boptruth-Agatha-7B,0.24953789279112754,0.49592084707516054,0.05513595166163142,0.29949664429530204,0.42724867724867727,0.28607047872340424
theprint/CleverBoi-7B-v2,0.1534195933456562,0.45252560319388996,0.026435045317220542,0.28859060402684567,0.46825396825396826,0.27086103723404253
theprint/CleverBoi-7B-v3,0.17190388170055454,0.44054851588265925,0.04003021148036254,0.26593959731543626,0.4060846560846561,0.28681848404255317
theprint/CleverBoi-Llama-3.1-8B-Instruct,0.11090573012939002,0.4549557368512411,0.04909365558912387,0.30033557046979864,0.4007936507936508,0.30751329787234044
theprint/CleverBoi-Llama-3.1-8B-v2,0.14048059149722736,0.46432910952959555,0.052870090634441085,0.2860738255033557,0.373015873015873,0.31881648936170215
theprint/CleverBoi-Nemo-12B-v2,0.14417744916820702,0.5209165075507725,0.10347432024169184,0.313758389261745,0.41798941798941797,0.3228058510638298
theprint/Code-Llama-Bagel-8B,0.1977818853974122,0.4681478909911474,0.06117824773413897,0.276006711409396,0.36772486772486773,0.28216422872340424
theprint/Conversely-Mistral-7B,0.20147874306839186,0.4671064051379969,0.027945619335347432,0.28523489932885904,0.41798941798941797,0.28257978723404253
theprint/Llama-3.2-3B-VanRossum,0.4121996303142329,0.42666203784065265,0.09743202416918428,0.2676174496644295,0.3439153439153439,0.27701130319148937
theprint/ReWiz-7B,0.3419593345656192,0.45530289880229124,0.04078549848942598,0.2751677852348993,0.4603174603174603,0.2670378989361702
theprint/ReWiz-Llama-3.1-8B-v2,0.17005545286506468,0.78,0.05740181268882175,0.30303030303030304,0.56,0.3310339095744681
theprint/ReWiz-Llama-3.2-3B,0.3974121996303142,0.43360527686165595,0.1095166163141994,0.2835570469798658,0.3611111111111111,0.28873005319148937
theprint/ReWiz-Nemo-12B-Instruct,0.07578558225508318,0.844,0.1042296072507553,0.3383838383838384,0.58,0.33394281914893614
theprint/ReWiz-Qwen-2.5-14B,0.22735674676524953,0.6153445582364173,0.29229607250755285,0.3800335570469799,0.4537037037037037,0.5092253989361702
theprint/ReWiz-Worldbuilder-7B,0.1866913123844732,0.4627668807498698,0.03700906344410876,0.26929530201342283,0.45634920634920634,0.297124335106383
theprint/RuDolph-Hermes-7B,0.2975970425138632,0.5032112480472141,0.0513595166163142,0.31208053691275167,0.421957671957672,0.30726396276595747
theprint/WorldBuilder-12B,0.09981515711645102,0.49904530463461205,0.0445619335347432,0.29697986577181207,0.4060846560846561,0.31923204787234044
theprint/phi-3-mini-4k-python,0.19038817005545286,0.4936642943933345,0.10498489425981873,0.2911073825503356,0.3915343915343915,0.35771276595744683
thinkcoder/llama3-8b-instruct-lora-8-sft,0.5970425138632163,0.48429092171498006,0.10196374622356495,0.26677852348993286,0.32275132275132273,0.34757313829787234
thirdeyeai/elevate360m,0.031423290203327174,0.2928311057108141,0.015861027190332326,0.2407718120805369,0.34523809523809523,0.1077127659574468
thomas-yanxin/XinYuan-Qwen2-1_5B,0.22181146025878004,0.36174275299427183,0.06722054380664652,0.2701342281879195,0.36243386243386244,0.23570478723404256
thomas-yanxin/XinYuan-Qwen2-7B-0917,0.3049907578558225,0.5131053636521438,0.19788519637462235,0.30956375838926176,0.43915343915343913,0.4245345744680851
thomas-yanxin/XinYuan-Qwen2-7B,0.38632162661737524,0.4903662558583579,0.14577039274924472,0.2911073825503356,0.40476190476190477,0.3924534574468085
thomas-yanxin/XinYuan-Qwen2.5-7B-0917,0.2957486136783734,0.51570907828502,0.1933534743202417,0.28104026845637586,0.3664021164021164,0.38821476063829785
tianyil1/MistralForCausalLM_Cal_DPO,0.4731977818853974,0.43464676271480646,0.028700906344410877,0.276006711409396,0.3968253968253968,0.2763464095744681
tiiuae/Falcon3-10B-Base,0.30868761552680224,0.5926054504426315,0.24924471299093656,0.34563758389261745,0.43915343915343913,0.4240359042553192
tiiuae/Falcon3-10B-Instruct,0.7467652495378928,0.6148238153098421,0.2764350453172205,0.3288590604026846,0.4312169312169312,0.44290226063829785
tiiuae/Falcon3-1B-Base,0.17744916820702403,0.35375802812011803,0.03323262839879154,0.27936241610738255,0.414021164021164,0.16082114361702127
tiiuae/Falcon3-1B-Instruct,0.5046210720887245,0.3718104495747266,0.0634441087613293,0.26677852348993286,0.41798941798941797,0.18384308510638298
tiiuae/Falcon3-3B-Base,0.2088724584103512,0.4391598680784586,0.11782477341389729,0.29697986577181207,0.37433862433862436,0.2878989361702128
tiiuae/Falcon3-3B-Instruct,0.6543438077634011,0.47231383440374936,0.25,0.28859060402684567,0.4126984126984127,0.300531914893617
tiiuae/Falcon3-7B-Base,0.27911275415896486,0.507377191459816,0.19410876132930513,0.3464765100671141,0.4695767195767196,0.3910405585106383
tiiuae/Falcon3-7B-Instruct,0.722735674676525,0.5597986460683909,0.4086102719033233,0.3104026845637584,0.48148148148148145,0.4087433510638298
tiiuae/Falcon3-Mamba-7B-Base,0.23290203327171904,0.4684950529421975,0.19410876132930513,0.30956375838926176,0.3425925925925926,0.30377327127659576
tiiuae/Falcon3-Mamba-7B-Instruct,0.6728280961182994,0.46537059538274606,0.30060422960725075,0.3036912751677852,0.3862433862433862,0.3369348404255319
tiiuae/falcon-11B,0.266173752310536,0.4362089914945322,0.027945619335347432,0.2709731543624161,0.39814814814814814,0.23894614361702127
tiiuae/falcon-40b-instruct,0.19593345656192238,0.40340218712029163,0.019637462235649546,0.25,0.37566137566137564,0.2261469414893617
tiiuae/falcon-40b,0.19593345656192238,0.40097205346294046,0.01812688821752266,0.27348993288590606,0.36243386243386244,0.25049867021276595
tiiuae/falcon-7b-instruct,0.15157116451016636,0.3185210900885263,0.012084592145015106,0.24748322147651006,0.36243386243386244,0.1155252659574468
tiiuae/falcon-7b,0.11829944547134935,0.3249435861829543,0.009818731117824773,0.24496644295302014,0.376984126984127,0.11253324468085106
tiiuae/falcon-mamba-7b,0.2846580406654344,0.4280506856448533,0.0445619335347432,0.3104026845637584,0.42063492063492064,0.23021941489361702
tinycompany/BiBo-v0.3,0.45286506469500926,0.4627668807498698,0.08761329305135952,0.2676174496644295,0.3941798941798942,0.29945146276595747
tinycompany/BiBo-v0.7,0.3123844731977819,0.4289185905224787,0.0823262839879154,0.27684563758389263,0.40343915343915343,0.2650432180851064
tinycompany/ShawtyIsBad-bgem3,0.20147874306839186,0.3823988890817566,0.04833836858006042,0.3053691275167785,0.36904761904761907,0.25831117021276595
tinycompany/ShawtyIsBad-e5-large,0.1866913123844732,0.38448186078805763,0.045317220543806644,0.30201342281879195,0.3716931216931217,0.25689827127659576
tinycompany/ShawtyIsBad-ib,0.19408502772643252,0.38500260371463285,0.04909365558912387,0.2986577181208054,0.3637566137566138,0.258061835106383
tinycompany/ShawtyIsBad-nomic-moe,0.1977818853974122,0.38500260371463285,0.04305135951661632,0.3070469798657718,0.37433862433862436,0.2572307180851064
tinycompany/ShawtyIsBad-nomic1.5,0.1922365988909427,0.38413469883700746,0.04305135951661632,0.311241610738255,0.36243386243386244,0.25673204787234044
tinycompany/SigmaBoi-base,0.18484288354898337,0.429439333449054,0.07779456193353475,0.2936241610738255,0.43386243386243384,0.2816655585106383
tinycompany/SigmaBoi-bge-m3,0.1866913123844732,0.4332581149106058,0.07628398791540786,0.29446308724832215,0.43783068783068785,0.28191489361702127
tinycompany/SigmaBoi-bgem3,0.1866913123844732,0.4332581149106058,0.07628398791540786,0.29446308724832215,0.43783068783068785,0.28191489361702127
tinycompany/SigmaBoi-ib,0.18853974121996303,0.4329109529595556,0.07401812688821752,0.287751677852349,0.42857142857142855,0.2824135638297872
tinycompany/SigmaBoi-nomic-moe,0.1866913123844732,0.4318694671064051,0.07175226586102719,0.29278523489932884,0.4312169312169312,0.28366023936170215
tinycompany/SigmaBoi-nomic1.5-fp32,0.1866913123844732,0.4351675056413817,0.08308157099697885,0.2961409395973154,0.4312169312169312,0.28407579787234044
tinycompany/SigmaBoi-nomic1.5,0.18484288354898337,0.4351675056413817,0.08308157099697885,0.2961409395973154,0.4312169312169312,0.28407579787234044
tinycompany/Tamed-Shawty,0.31053604436229204,0.38205172713070645,0.07175226586102719,0.2625838926174497,0.3492063492063492,0.2601396276595745
tklohj/WindyFloLLM,0.20517560073937152,0.46085749001909393,0.015861027190332326,0.2751677852348993,0.4246031746031746,0.25814494680851063
togethercomputer/GPT-JT-6B-v1,0.14602587800369685,0.32963027252213156,0.010574018126888218,0.2609060402684564,0.373015873015873,0.16256648936170212
togethercomputer/GPT-NeoXT-Chat-Base-20B,0.12014787430683918,0.3294566915466065,0.023413897280966767,0.25,0.34523809523809523,0.11452792553191489
togethercomputer/LLaMA-2-7B-32K,0.1367837338262477,0.3383093212983857,0.014350453172205438,0.25,0.37433862433862436,0.17677859042553193
togethercomputer/Llama-2-7B-32K-Instruct,0.16820702402957485,0.34195452178441244,0.015861027190332326,0.2516778523489933,0.40476190476190477,0.17810837765957446
togethercomputer/RedPajama-INCITE-7B-Base,0.1478743068391867,0.31730602325985074,0.015861027190332326,0.2550335570469799,0.3611111111111111,0.1196808510638298
togethercomputer/RedPajama-INCITE-7B-Chat,0.10536044362292052,0.3153966325290748,0.006797583081570997,0.2525167785234899,0.3439153439153439,0.11211768617021277
togethercomputer/RedPajama-INCITE-7B-Instruct,0.14602587800369685,0.33570560666550947,0.021148036253776436,0.25083892617449666,0.36772486772486773,0.1272440159574468
togethercomputer/RedPajama-INCITE-Base-3B-v1,0.1589648798521257,0.303072383266794,0.014350453172205438,0.24328859060402686,0.373015873015873,0.11112034574468085
togethercomputer/RedPajama-INCITE-Chat-3B-v1,0.11460258780036968,0.31869467106405136,0.00906344410876133,0.24412751677852348,0.36772486772486773,0.11269946808510638
togethercomputer/RedPajama-INCITE-Instruct-3B-v1,0.1478743068391867,0.3114042700919979,0.01283987915407855,0.24748322147651006,0.38756613756613756,0.11095412234042554
tokyotech-llm/Llama-3-Swallow-8B-Instruct-v0.1,0.49722735674676527,0.4992188856101371,0.07477341389728097,0.28942953020134227,0.4351851851851852,0.3087599734042553
tomasmcm/sky-t1-coder-32b-flash,0.7430683918669131,0.6785280333275473,0.5422960725075529,0.36828859060402686,0.421957671957672,0.5782081117021277
trthminh1112/autotrain-llama32-1b-finetune,0.133086876155268,0.2950876583926402,0.015105740181268883,0.25671140939597314,0.3505291005291005,0.10987367021276596
tugstugi/Qwen2.5-7B-Instruct-QwQ-v0.1,0.5415896487985212,0.5085922582884915,0.3814199395770393,0.2684563758389262,0.3783068783068783,0.4080784574468085
universalml/NepaliGPT-2.0,0.0166358595194085,0.46346120465197016,0.004531722054380665,0.28104026845637586,0.4656084656084656,0.3299534574468085
unsloth/Llama-3.2-1B-Instruct-no-system-message,0.5064695009242144,0.35132789446276685,0.0755287009063444,0.2726510067114094,0.3333333333333333,0.1668882978723404
unsloth/Llama-3.2-1B-Instruct,0.5157116451016636,0.34542614129491406,0.0823262839879154,0.2676174496644295,0.3187830687830688,0.17420212765957446
unsloth/Phi-3-mini-4k-instruct,0.48613678373382624,0.5483423016837354,0.16389728096676737,0.32298657718120805,0.42724867724867727,0.4030917553191489
unsloth/phi-4-bnb-4bit,0.6229205175600739,0.6748828328415206,0.4607250755287009,0.33808724832214765,0.3994708994708995,0.5255984042553191
unsloth/phi-4-unsloth-bnb-4bit,0.6321626617375231,0.6769658045478215,0.4561933534743202,0.33640939597315433,0.4021164021164021,0.5285904255319149
unsloth/phi-4,0.6414048059149723,0.6859920152751259,0.5,0.33640939597315433,0.41005291005291006,0.5378158244680851
upstage/SOLAR-10.7B-Instruct-v1.0,0.4029574861367837,0.5143204304808193,0.05664652567975831,0.3087248322147651,0.3888888888888889,0.31382978723404253
upstage/SOLAR-10.7B-v1.0,0.19408502772643252,0.5065092865821906,0.026435045317220542,0.28104026845637586,0.4365079365079365,0.3400099734042553
upstage/solar-pro-preview-instruct,0.8114602587800369,0.6785280333275473,0.22054380664652568,0.37080536912751677,0.44047619047619047,0.52734375
utkmst/chimera-beta-test2-lora-merged,0.5489833641404805,0.47734768269397676,0.09516616314199396,0.3036912751677852,0.4113756613756614,0.2992021276595745
uukuguy/speechless-code-mistral-7b-v1.0,0.3049907578558225,0.4540878319736157,0.05211480362537765,0.28439597315436244,0.4497354497354497,0.3145777925531915
uukuguy/speechless-codellama-34b-v2.0,0.39926062846580407,0.4783891685471272,0.04305135951661632,0.2692953020134229,0.3783068783068783,0.25423869680851063
uukuguy/speechless-coder-ds-6.7b,0.19038817005545286,0.4025342822426662,0.021148036253776436,0.26426174496644295,0.38095238095238093,0.171875
uukuguy/speechless-instruct-mistral-7b-v0.2,0.266173752310536,0.4598160041659434,0.04909365558912387,0.28187919463087246,0.4894179894179894,0.2902260638297872
uukuguy/speechless-llama2-hermes-orca-platypus-wizardlm-13b,0.3955637707948244,0.4818607880576289,0.02039274924471299,0.2701342281879195,0.4642857142857143,0.25590093085106386
uukuguy/speechless-mistral-dolphin-orca-platypus-samantha-7b,0.2975970425138632,0.4974830758548863,0.02945619335347432,0.2835570469798658,0.4351851851851852,0.2990359042553192
uukuguy/speechless-zephyr-code-functionary-7b,0.20702402957486138,0.46519701440722094,0.04229607250755287,0.30033557046979864,0.42592592592592593,0.3094248670212766
v000000/L3-8B-Stheno-v3.2-abliterated,0.6229205175600739,0.5131053636521438,0.06948640483383686,0.30956375838926176,0.3611111111111111,0.3603723404255319
v000000/L3.1-Niitorm-8B-DPO-t0.0001,0.7319778188539742,0.5120638777989932,0.1623867069486405,0.29446308724832215,0.38756613756613756,0.38663563829787234
v000000/L3.1-Storniitova-8B,0.7467652495378928,0.5144940114563444,0.14652567975830816,0.28942953020134227,0.4021164021164021,0.37757646276595747
v000000/Qwen2.5-14B-Gutenberg-1e-Delta,0.7744916820702403,0.6382572470057282,0.5264350453172205,0.3288590604026846,0.4060846560846561,0.4930186170212766
v000000/Qwen2.5-14B-Gutenberg-Instruct-Slerpeno,0.7929759704251387,0.6373893421281027,0.5324773413897281,0.3313758389261745,0.41005291005291006,0.4923537234042553
v000000/Qwen2.5-Lumen-14B,0.7781885397412199,0.6372157611525777,0.5362537764350453,0.32802013422818793,0.41005291005291006,0.49027593085106386
vhab10/Llama-3.1-8B-Base-Instruct-SLERP,0.21811460258780038,0.5039055719493144,0.12009063444108761,0.2961409395973154,0.4007936507936508,0.3621176861702128
vhab10/Llama-3.2-Instruct-3B-TIES,0.4011090573012939,0.4332581149106058,0.09818731117824774,0.26929530201342283,0.3492063492063492,0.2915558510638298
vhab10/llama-3-8b-merged-linear,0.5286506469500925,0.49192848463808364,0.08157099697885196,0.29949664429530204,0.41798941798941797,0.37042885638297873
vicgalle/CarbonBeagle-11B-truthy,0.46210720887245843,0.5339350807151536,0.04909365558912387,0.29949664429530204,0.373015873015873,0.335688164893617
vicgalle/CarbonBeagle-11B,0.4787430683918669,0.5275125846207256,0.061933534743202415,0.30201342281879195,0.4007936507936508,0.32762632978723405
vicgalle/Configurable-Hermes-2-Pro-Llama-3-8B,0.5194085027726433,0.5014754382919632,0.07628398791540786,0.29697986577181207,0.41798941798941797,0.3097573138297872
vicgalle/Configurable-Llama-3.1-8B-Instruct,0.800369685767098,0.5021697621940635,0.1729607250755287,0.27432885906040266,0.3835978835978836,0.3592087765957447
vicgalle/Configurable-Yi-1.5-9B-Chat,0.36229205175600737,0.5412254816872071,0.20468277945619334,0.34312080536912754,0.42592592592592593,0.4015126329787234
vicgalle/ConfigurableBeagle-11B,0.5194085027726433,0.5275125846207256,0.04305135951661632,0.30201342281879195,0.3941798941798942,0.33743351063829785
vicgalle/ConfigurableHermes-7B,0.4898336414048059,0.4561708036799167,0.04758308157099698,0.27684563758389263,0.40476190476190477,0.3025265957446808
vicgalle/ConfigurableSOLAR-10.7B,0.4491682070240296,0.48429092171498006,0.06646525679758308,0.2986577181208054,0.37962962962962965,0.31732047872340424
vicgalle/Humanish-RP-Llama-3.1-8B,0.6192236598890942,0.5084186773129665,0.15181268882175228,0.28691275167785235,0.3941798941798942,0.34765625
vicgalle/Merge-Mistral-Prometheus-7B,0.4288354898336414,0.4164207602846728,0.01812688821752266,0.2634228187919463,0.4087301587301587,0.2716921542553192
vicgalle/Merge-Mixtral-Prometheus-8x7B,0.5157116451016636,0.5316785280333276,0.09290030211480363,0.3087248322147651,0.4087301587301587,0.3683510638297872
vicgalle/Roleplay-Llama-3-8B,0.6894639556377079,0.4995660475611873,0.09138972809667674,0.2609060402684564,0.35185185185185186,0.370844414893617
viettelsecurity-ai/security-llama3.2-3b,0.5378927911275416,0.43846554417635825,0.12613293051359517,0.27432885906040266,0.3373015873015873,0.2837433510638298
vihangd/smart-dan-sft-v0.1,0.10905730129390019,0.30289880229126886,0.009818731117824773,0.2550335570469799,0.3492063492063492,0.11419547872340426
voidful/smol-360m-ft,0.14602587800369685,0.2976913730255164,0.008308157099697885,0.24580536912751677,0.37037037037037035,0.10871010638297872
vonjack/MobileLLM-125M-HF,0.15526802218114602,0.29925360180524213,0.00906344410876133,0.2600671140939597,0.376984126984127,0.1163563829787234
vonjack/Phi-3-mini-4k-instruct-LLaMAfied,0.5268022181146026,0.5707342475264711,0.13821752265861026,0.33053691275167785,0.3915343915343915,0.3885472074468085
vonjack/Phi-3.5-mini-instruct-hermes-fc-json,0.09611829944547134,0.29474049644159,0.0075528700906344415,0.25419463087248323,0.40343915343915343,0.11386303191489362
vonjack/Qwen2.5-Coder-0.5B-Merged,0.24584103512014788,0.3041138691199445,0.0377643504531722,0.2533557046979866,0.32936507936507936,0.12017952127659574
vonjack/SmolLM2-1.7B-Merged,0.3031423290203327,0.3551466759243187,0.06268882175226587,0.27936241610738255,0.33994708994708994,0.2047872340425532
vonjack/SmolLM2-135M-Merged,0.18484288354898337,0.3065440027772956,0.011329305135951661,0.23825503355704697,0.36507936507936506,0.11120345744680851
vonjack/SmolLM2-360M-Merged,0.25508317929759705,0.31331366082277384,0.017371601208459216,0.2558724832214765,0.35185185185185186,0.10979055851063829
w4r10ck/SOLAR-10.7B-Instruct-v1.0-uncensored,0.32717190388170053,0.5282069085228259,0.06570996978851963,0.29446308724832215,0.46296296296296297,0.3343583776595745
wanlige/li-14b-v0.4-slerp,0.3900184842883549,0.6570039923624371,0.41918429003021146,0.4001677852348993,0.47619047619047616,0.5372340425531915
wanlige/li-14b-v0.4-slerp0.1,0.756007393715342,0.6545738587050859,0.5332326283987915,0.35906040268456374,0.4193121693121693,0.5294215425531915
wanlige/li-14b-v0.4,0.7800369685767098,0.6523173060232599,0.5574018126888217,0.3389261744966443,0.4444444444444444,0.5167054521276596
wannaphong/KhanomTanLLM-Instruct,0.10720887245841035,0.3070647457038709,0.013595166163141994,0.2634228187919463,0.36904761904761907,0.1118683510638298
waqasali1707/Beast-Soul-new,0.4436229205175601,0.5195278597465718,0.0702416918429003,0.2827181208053691,0.44841269841269843,0.3107546542553192
wave-on-discord/qwent-7b,0.1367837338262477,0.42266967540357575,0.0037764350453172208,0.2651006711409396,0.38095238095238093,0.16032247340425532
weathermanj/Menda-3B-500,0.5859519408502772,0.4728345773303246,0.3723564954682779,0.287751677852349,0.3955026455026455,0.3474900265957447
weathermanj/Menda-3b-750,0.5859519408502772,0.4697101197708731,0.3716012084592145,0.287751677852349,0.39285714285714285,0.3505651595744681
weathermanj/Menda-3b-Optim-100,0.5878003696857671,0.4710987675750738,0.3716012084592145,0.28942953020134227,0.39814814814814814,0.3460771276595745
weathermanj/Menda-3b-Optim-200,0.5914972273567468,0.471619510501649,0.3731117824773414,0.2827181208053691,0.4021164021164021,0.3484042553191489
win10/ArliAI-RPMax-v1.3-merge-13.3B,0.23475046210720887,0.4537406700225655,0.03927492447129909,0.27432885906040266,0.4312169312169312,0.31998005319148937
win10/Breeze-13B-32k-Instruct-v1_0,0.2828096118299446,0.456865127582017,0.01283987915407855,0.26426174496644295,0.4193121693121693,0.2568151595744681
win10/EVA-Norns-Qwen2.5-v0.1,0.5748613678373382,0.5026905051206387,0.26132930513595165,0.28523489932885904,0.40343915343915343,0.3425033244680851
win10/Llama-3.2-3B-Instruct-24-9-29,0.6894639556377079,0.4591216802638431,0.17069486404833836,0.27432885906040266,0.3544973544973545,0.3228058510638298
win10/Norns-Qwen2.5-12B,0.43622920517560076,0.4577330324596424,0.08383685800604229,0.2835570469798658,0.3544973544973545,0.2660405585106383
win10/Norns-Qwen2.5-7B,0.5637707948243993,0.5028640860961638,0.2628398791540785,0.28439597315436244,0.4074074074074074,0.34133976063829785
win10/Qwen2.5-2B-Instruct,0.16081330868761554,0.3666030203089741,0.022658610271903322,0.2676174496644295,0.4365079365079365,0.19340093085106383
win10/llama3-13.45b-Instruct,0.3456561922365989,0.4839437597639299,0.02416918429003021,0.25838926174496646,0.3835978835978836,0.3345246010638298
win10/miscii-14b-1M-0128,0.34935304990757854,0.5749001909390731,0.4773413897280967,0.3825503355704698,0.5423280423280423,0.44913563829787234
winglian/Llama-3-8b-64k-PoSE,0.22365988909426987,0.3699010588439507,0.04154078549848943,0.2609060402684564,0.3386243386243386,0.2466755319148936
winglian/llama-3-8b-256k-PoSE,0.23290203327171904,0.31331366082277384,0.019637462235649546,0.2575503355704698,0.3306878306878307,0.1116190159574468
wzhouad/gemma-2-9b-it-WPO-HB,0.48428835489833644,0.562228779725742,0.15332326283987915,0.3498322147651007,0.3664021164021164,0.33602061170212766
x0000001/Deepseek-Lumen-R1-Qwen2.5-14B,0.3752310536044362,0.4558236417288665,0.27794561933534745,0.28523489932885904,0.4722222222222222,0.4379155585106383
xMaulana/FinMatcha-3B-Instruct,0.7134935304990758,0.4521784412428398,0.14350453172205438,0.26929530201342283,0.36243386243386244,0.3181515957446808
xinchen9/Llama3.1_8B_Instruct_CoT,0.22181146025878004,0.43968061100503386,0.06042296072507553,0.30201342281879195,0.4365079365079365,0.2878989361702128
xinchen9/Llama3.1_CoT,0.16266173752310537,0.4318694671064051,0.03851963746223565,0.28859060402684567,0.4298941798941799,0.2738530585106383
xinchen9/Llama3.1_CoT_V1,0.18484288354898337,0.43777122027425797,0.03323262839879154,0.27936241610738255,0.45634920634920634,0.2805019946808511
xinchen9/Mistral-7B-CoT,0.21256931608133087,0.38500260371463285,0.024924471299093656,0.24916107382550334,0.39814814814814814,0.2283909574468085
xinchen9/llama3-b8-ft-dis,0.10536044362292052,0.46033674709251865,0.03927492447129909,0.31291946308724833,0.36507936507936506,0.3243849734042553
xkp24/Llama-3-8B-Instruct-SPPO-Iter2_bt_2b-table,0.5914972273567468,0.49001909390730775,0.09214501510574018,0.25922818791946306,0.38095238095238093,0.3686003989361702
xkp24/Llama-3-8B-Instruct-SPPO-Iter2_bt_8b-table,0.6839186691312384,0.5049470578024648,0.08459214501510574,0.2600671140939597,0.38095238095238093,0.3696808510638298
xkp24/Llama-3-8B-Instruct-SPPO-Iter2_gp_2b-table,0.6062846580406654,0.4936642943933345,0.0891238670694864,0.25922818791946306,0.3584656084656085,0.37017952127659576
xkp24/Llama-3-8B-Instruct-SPPO-Iter2_gp_8b-table,0.6155268022181146,0.4992188856101371,0.08610271903323263,0.25922818791946306,0.37962962962962965,0.3599567819148936
xkp24/Llama-3-8B-Instruct-SPPO-score-Iter2_bt_2b-table-0.001,0.5489833641404805,0.49192848463808364,0.09969788519637462,0.25922818791946306,0.3783068783068783,0.370844414893617
xkp24/Llama-3-8B-Instruct-SPPO-score-Iter2_bt_8b-table-0.002,0.6709796672828097,0.49887172365908694,0.08534743202416918,0.25838926174496646,0.3862433862433862,0.3664394946808511
xkp24/Llama-3-8B-Instruct-SPPO-score-Iter2_gp_2b-table-0.001,0.532347504621072,0.48810970317653185,0.10725075528700906,0.25922818791946306,0.35714285714285715,0.37042885638297873
xkp24/Llama-3-8B-Instruct-SPPO-score-Iter2_gp_8b-table-0.002,0.5951940850277264,0.4938378753688596,0.09365558912386707,0.2600671140939597,0.39285714285714285,0.3529753989361702
xukp20/Llama-3-8B-Instruct-SPPO-Iter3_bt_2b-table,0.5157116451016636,0.488456865127582,0.09969788519637462,0.25922818791946306,0.36507936507936506,0.36585771276595747
xukp20/Llama-3-8B-Instruct-SPPO-Iter3_bt_8b-table,0.6598890942698706,0.5077243534108662,0.09667673716012085,0.25922818791946306,0.373015873015873,0.3692652925531915
xukp20/Llama-3-8B-Instruct-SPPO-Iter3_gp_2b-table,0.5452865064695009,0.4948793612220101,0.1042296072507553,0.25922818791946306,0.3664021164021164,0.3657746010638298
xukp20/Llama-3-8B-Instruct-SPPO-Iter3_gp_8b-table,0.6118299445471349,0.49904530463461205,0.09365558912386707,0.25922818791946306,0.38095238095238093,0.3614527925531915
xukp20/Llama-3-8B-Instruct-SPPO-score-Iter3_bt_2b-table-0.001,0.4713493530499076,0.49019267488283286,0.09818731117824774,0.25922818791946306,0.376984126984127,0.3624501329787234
xukp20/Llama-3-8B-Instruct-SPPO-score-Iter3_bt_8b-table-0.002,0.6377079482439926,0.5066828675577156,0.07175226586102719,0.25838926174496646,0.38227513227513227,0.3621176861702128
xukp20/Llama-3-8B-Instruct-SPPO-score-Iter3_gp_2b-table-0.001,0.48613678373382624,0.4865474743968061,0.0891238670694864,0.2609060402684564,0.36243386243386244,0.36710438829787234
xukp20/llama-3-8b-instruct-sppo-iter1-gp-2b-tau01-table,0.6414048059149723,0.49592084707516054,0.10498489425981873,0.25922818791946306,0.3664021164021164,0.37159242021276595
xwen-team/Xwen-7B-Chat,0.6414048059149723,0.5042527339003645,0.4509063444108761,0.2609060402684564,0.39021164021164023,0.42902260638297873
xxx777xxxASD/L3.1-ClaudeMaid-4x8B,0.6210720887245841,0.5054678007290401,0.14123867069486404,0.2911073825503356,0.42857142857142855,0.35804521276595747
yam-peleg/Hebrew-Gemma-11B-Instruct,0.23844731977818853,0.4016663773650408,0.06570996978851963,0.276006711409396,0.4074074074074074,0.25540226063829785
yam-peleg/Hebrew-Mistral-7B-200K,0.12014787430683918,0.3391772261760111,0.030966767371601207,0.2533557046979866,0.373015873015873,0.2529089095744681
yam-peleg/Hebrew-Mistral-7B,0.17190388170055454,0.4329109529595556,0.04984894259818731,0.27936241610738255,0.3968253968253968,0.27800864361702127
yanng1242/Marcoro14-7B-slerp,0.3419593345656192,0.5229994792570735,0.07477341389728097,0.3145973154362416,0.46825396825396826,0.3168218085106383
yasserrmd/Coder-GRPO-3B,0.5748613678373382,0.4438465544176358,0.3202416918429003,0.27768456375838924,0.41005291005291006,0.3197307180851064
yasserrmd/Text2SQL-1.5B,0.22735674676524953,0.38257247005728173,0.06797583081570997,0.287751677852349,0.3941798941798942,0.23628656914893617
ycros/BagelMIsteryTour-v2-8x7B,0.5785582255083179,0.5124110397500434,0.09365558912386707,0.30788590604026844,0.4126984126984127,0.3480718085106383
yfzp/Llama-3-8B-Instruct-SPPO-Iter1_bt_2b-table,0.6247689463955638,0.496788751952786,0.11178247734138973,0.25922818791946306,0.3716931216931217,0.37159242021276595
yfzp/Llama-3-8B-Instruct-SPPO-Iter1_bt_8b-table,0.6931608133086876,0.5068564485332407,0.10347432024169184,0.2600671140939597,0.37962962962962965,0.3748337765957447
yfzp/Llama-3-8B-Instruct-SPPO-Iter1_gp_2b-table,0.6303142329020333,0.4922756465891338,0.11253776435045318,0.25922818791946306,0.3637566137566138,0.37175864361702127
yfzp/Llama-3-8B-Instruct-SPPO-Iter1_gp_8b-table,0.6709796672828097,0.5011282763409131,0.09894259818731117,0.25922818791946306,0.37037037037037035,0.36826795212765956
yfzp/Llama-3-8B-Instruct-SPPO-score-Iter1_bt_2b-table-0.001,0.5988909426987061,0.4966151709772609,0.10120845921450151,0.25922818791946306,0.376984126984127,0.37200797872340424
yfzp/Llama-3-8B-Instruct-SPPO-score-Iter1_bt_8b-table-0.002,0.6802218114602587,0.5035584099982642,0.08761329305135952,0.2600671140939597,0.38227513227513227,0.3734208776595745
yfzp/Llama-3-8B-Instruct-SPPO-score-Iter1_gp_2b-table-0.001,0.5970425138632163,0.49401145634438465,0.09365558912386707,0.25922818791946306,0.36507936507936506,0.3702626329787234
yfzp/Llama-3-8B-Instruct-SPPO-score-Iter1_gp_8b-table-0.002,0.6561922365988909,0.4974830758548863,0.08685800604229607,0.25922818791946306,0.376984126984127,0.366938164893617
yifAI/Llama-3-8B-Instruct-SPPO-score-Iter3_gp_8b-table-0.002,0.5988909426987061,0.49001909390730775,0.0755287009063444,0.26174496644295303,0.3888888888888889,0.3519780585106383
ylalain/ECE-PRYMMAL-YL-1B-SLERP-V8,0.09242144177449169,0.3917722617601111,0.004531722054380665,0.28942953020134227,0.3862433862433862,0.23836436170212766
ymcki/Llama-3.1-8B-GRPO-Instruct,0.7060998151571165,0.5120638777989932,0.20241691842900303,0.29446308724832215,0.38095238095238093,0.3738364361702128
ymcki/Llama-3.1-8B-SFT-GRPO-Instruct,0.2643253234750462,0.3107099461898976,0.04003021148036254,0.2533557046979866,0.35185185185185186,0.10979055851063829
ymcki/gemma-2-2b-ORPO-jpn-it-abliterated-18-merge,0.46210720887245843,0.4120812358965457,0.054380664652567974,0.2835570469798658,0.3505291005291005,0.24609375
ymcki/gemma-2-2b-ORPO-jpn-it-abliterated-18,0.3974121996303142,0.40201353931609096,0.04305135951661632,0.28859060402684567,0.37433862433862436,0.23445811170212766
ymcki/gemma-2-2b-jpn-it-abliterated-17-18-24,0.4510166358595194,0.37823294566915466,0.0256797583081571,0.28104026845637586,0.3492063492063492,0.2282247340425532
ymcki/gemma-2-2b-jpn-it-abliterated-17-ORPO-alpaca,0.2532347504621072,0.4056587398021177,0.0324773413897281,0.26929530201342283,0.3955026455026455,0.2249002659574468
ymcki/gemma-2-2b-jpn-it-abliterated-17-ORPO,0.4195933456561922,0.38760631834750914,0.061933534743202415,0.27432885906040266,0.37566137566137564,0.21908244680851063
ymcki/gemma-2-2b-jpn-it-abliterated-17,0.4491682070240296,0.4046172539489672,0.03851963746223565,0.27181208053691275,0.36904761904761907,0.2455119680851064
ymcki/gemma-2-2b-jpn-it-abliterated-18-ORPO,0.4232902033271719,0.40183995834056585,0.04682779456193353,0.26174496644295303,0.3941798941798942,0.21850066489361702
ymcki/gemma-2-2b-jpn-it-abliterated-18,0.45471349353049906,0.4096511022391946,0.0445619335347432,0.27348993288590606,0.373015873015873,0.25049867021276595
ymcki/gemma-2-2b-jpn-it-abliterated-24,0.4417744916820702,0.4077417115084187,0.04380664652567976,0.27768456375838924,0.39021164021164023,0.2473404255319149
yuchenxie/ArlowGPT-3B-Multilingual,0.589648798521257,0.42857142857142855,0.11253776435045318,0.2802013422818792,0.3716931216931217,0.2816655585106383
yuchenxie/ArlowGPT-8B,0.7467652495378928,0.5065092865821906,0.2039274924471299,0.2936241610738255,0.38756613756613756,0.378656914893617
yuvraj17/Llama3-8B-SuperNova-Spectrum-Hermes-DPO,0.3974121996303142,0.43707689637215763,0.05664652567975831,0.30201342281879195,0.4007936507936508,0.2634640957446808
yuvraj17/Llama3-8B-SuperNova-Spectrum-dare_ties,0.32532347504621073,0.4577330324596424,0.08459214501510574,0.2751677852348993,0.42063492063492064,0.35738031914893614
yuvraj17/Llama3-8B-abliterated-Spectrum-slerp,0.2532347504621072,0.4948793612220101,0.06042296072507553,0.3011744966442953,0.3994708994708995,0.32571476063829785
zake7749/gemma-2-2b-it-chinese-kyara-dpo,0.47689463955637706,0.4235375802812012,0.08383685800604229,0.26677852348993286,0.45634920634920634,0.25731382978723405
zake7749/gemma-2-9b-it-chinese-kyara,0.16820702402957485,0.5967713938552335,0.10498489425981873,0.33808724832214765,0.42328042328042326,0.41788563829787234
zelk12/Gemma-2-TM-9B,0.7707948243992606,0.5976392987328589,0.20241691842900303,0.3464765100671141,0.414021164021164,0.40882646276595747
zelk12/MT-Gen1-gemma-2-9B,0.7523105360443623,0.6089220621419892,0.22205438066465258,0.3464765100671141,0.42063492063492064,0.4380817819148936
zelk12/MT-Gen2-GI-gemma-2-9B,0.7578558225508318,0.608401319215414,0.22054380664652568,0.35067114093959734,0.42724867724867727,0.43558843085106386
zelk12/MT-Gen2-gemma-2-9B,0.7541589648798521,0.6089220621419892,0.2190332326283988,0.3464765100671141,0.4312169312169312,0.4387466755319149
zelk12/MT-Gen3-gemma-2-9B,0.767097966728281,0.6085749001909391,0.229607250755287,0.348993288590604,0.42063492063492064,0.43558843085106386
zelk12/MT-Gen4-gemma-2-9B,0.7504621072088724,0.6099635479951397,0.22356495468277945,0.3548657718120805,0.421957671957672,0.4387466755319149
zelk12/MT-Gen5-gemma-2-9B,0.7597042513863216,0.6122201006769658,0.21525679758308158,0.35151006711409394,0.4193121693121693,0.4402426861702128
zelk12/MT-Gen6-gemma-2-9B,0.15526802218114602,0.5842735636174275,0.0823262839879154,0.33305369127516776,0.4060846560846561,0.4165558510638298
zelk12/MT-Gen6fix-gemma-2-9B,0.14972273567467653,0.5906960597118556,0.08157099697885196,0.337248322147651,0.4074074074074074,0.4119847074468085
zelk12/MT-Gen7-gemma-2-9B,0.1589648798521257,0.5926054504426315,0.0891238670694864,0.33557046979865773,0.4087301587301587,0.4122340425531915
zelk12/MT-Max-Merge_02012025163610-gemma-2-9B,0.7541589648798521,0.6130880055545912,0.2212990936555891,0.35151006711409394,0.421957671957672,0.4395777925531915
zelk12/MT-Merge-gemma-2-9B,0.7689463955637708,0.6108314528727652,0.22054380664652568,0.34815436241610737,0.4246031746031746,0.43617021276595747
zelk12/MT-Merge1-gemma-2-9B,0.7541589648798521,0.6089220621419892,0.22885196374622357,0.35151006711409394,0.42328042328042326,0.43741688829787234
zelk12/MT-Merge2-MU-gemma-2-MTg2MT1g2-9B,0.7578558225508318,0.6071862523867384,0.21827794561933533,0.35067114093959734,0.4312169312169312,0.437250664893617
zelk12/MT-Merge2-gemma-2-9B,0.7504621072088724,0.6094428050685645,0.2348942598187311,0.35067114093959734,0.42063492063492064,0.43816489361702127
zelk12/MT-Merge3-gemma-2-9B,0.7467652495378928,0.6090956431175143,0.22054380664652568,0.348993288590604,0.4246031746031746,0.4373337765957447
zelk12/MT-Merge4-gemma-2-9B,0.744916820702403,0.6108314528727652,0.21676737160120846,0.3523489932885906,0.42857142857142855,0.43899601063829785
zelk12/MT-Merge5-gemma-2-9B,0.7486136783733827,0.6111786148238153,0.21827794561933533,0.35318791946308725,0.42724867724867727,0.4387466755319149
zelk12/MT-Merge6-gemma-2-9B,0.16266173752310537,0.593820517271307,0.08006042296072508,0.3288590604026846,0.4087301587301587,0.41148603723404253
zelk12/MT-gemma-2-9B,0.7615526802218114,0.6051032806804374,0.2054380664652568,0.34563758389261745,0.4060846560846561,0.42237367021276595
zelk12/MT1-Gen1-gemma-2-9B,0.7615526802218114,0.6106578718972401,0.2243202416918429,0.34395973154362414,0.4298941798941799,0.43758311170212766
zelk12/MT1-Gen2-gemma-2-9B,0.7634011090573013,0.6085749001909391,0.22507552870090636,0.3523489932885906,0.42724867724867727,0.43550531914893614
zelk12/MT1-Gen3-gemma-2-9B,0.7634011090573013,0.6090956431175143,0.2243202416918429,0.348993288590604,0.42328042328042326,0.43492353723404253
zelk12/MT1-Gen4-gemma-2-9B,0.7597042513863216,0.6052768616559625,0.21601208459214502,0.34731543624161076,0.421957671957672,0.42860704787234044
zelk12/MT1-Gen5-IF-gemma-2-S2DMv1-9B,0.7597042513863216,0.5993751084881097,0.20317220543806647,0.34395973154362414,0.42328042328042326,0.42179188829787234
zelk12/MT1-Gen5-gemma-2-9B,0.7412199630314233,0.6011109182433605,0.20770392749244712,0.3464765100671141,0.41798941798941797,0.42220744680851063
zelk12/MT1-Gen6-gemma-2-9B,0.15526802218114602,0.5932997743447318,0.08081570996978851,0.32802013422818793,0.40343915343915343,0.4133144946808511
zelk12/MT1-Gen7-gemma-2-9B,0.15526802218114602,0.5926054504426315,0.08308157099697885,0.32802013422818793,0.41005291005291006,0.4144780585106383
zelk12/MT1-Max-Merge_02012025163610-gemma-2-9B,0.756007393715342,0.6111786148238153,0.22280966767371602,0.3548657718120805,0.4246031746031746,0.43816489361702127
zelk12/MT1-gemma-2-9B,0.756007393715342,0.6099635479951397,0.22356495468277945,0.34563758389261745,0.4312169312169312,0.4357546542553192
zelk12/MT2-Gen1-gemma-2-9B,0.7486136783733827,0.6087484811664642,0.2212990936555891,0.34312080536912754,0.42328042328042326,0.4376662234042553
zelk12/MT2-Gen2-gemma-2-9B,0.7504621072088724,0.6078805762888387,0.21827794561933533,0.3464765100671141,0.42592592592592593,0.43882978723404253
zelk12/MT2-Gen3-gemma-2-9B,0.7430683918669131,0.6094428050685645,0.2107250755287009,0.3464765100671141,0.421957671957672,0.43741688829787234
zelk12/MT2-Gen4-gemma-2-9B,0.7578558225508318,0.6085749001909391,0.22356495468277945,0.34563758389261745,0.4113756613756614,0.43209773936170215
zelk12/MT2-Gen5-gemma-2-9B,0.7356746765249538,0.6056240236070126,0.2107250755287009,0.35151006711409394,0.42328042328042326,0.43018617021276595
zelk12/MT2-Gen6-gemma-2-9B,0.1589648798521257,0.5952091650755077,0.08459214501510574,0.33808724832214765,0.4126984126984127,0.42096077127659576
zelk12/MT2-Gen7-gemma-2-9B,0.17005545286506468,0.6068390904356883,0.10196374622356495,0.3548657718120805,0.4193121693121693,0.4311003989361702
zelk12/MT2-Max-Merge_02012025163610-gemma-2-9B,0.7541589648798521,0.6096163860440895,0.2243202416918429,0.35151006711409394,0.421957671957672,0.4390791223404255
zelk12/MT2-gemma-2-9B,0.7486136783733827,0.610484290921715,0.2212990936555891,0.34731543624161076,0.42063492063492064,0.43683510638297873
zelk12/MT3-Gen1-gemma-2-9B,0.7486136783733827,0.6096163860440895,0.21450151057401812,0.3464765100671141,0.414021164021164,0.43267952127659576
zelk12/MT3-Gen2-gemma-2-9B,0.744916820702403,0.6080541572643638,0.22356495468277945,0.3573825503355705,0.41005291005291006,0.43326130319148937
zelk12/MT3-Gen3-gemma-2-9B,0.7523105360443623,0.6077069953133136,0.21525679758308158,0.35151006711409394,0.4246031746031746,0.4302692819148936
zelk12/MT3-Gen4-gemma-2-9B,0.7356746765249538,0.6092692240930394,0.20619335347432025,0.34731543624161076,0.4470899470899471,0.4387466755319149
zelk12/MT3-Gen5-gemma-2-9B,0.767097966728281,0.6090956431175143,0.22658610271903323,0.35318791946308725,0.41798941798941797,0.43168218085106386
zelk12/MT3-Gen5-gemma-2-9B_v1,0.767097966728281,0.6103107099461899,0.22280966767371602,0.348993288590604,0.4193121693121693,0.4359208776595745
zelk12/MT3-Gen6-gemma-2-9B,0.17005545286506468,0.6009373372678355,0.08836858006042296,0.34312080536912754,0.4113756613756614,0.41023936170212766
zelk12/MT3-Max-Merge_02012025163610-gemma-2-9B,0.17005545286506468,0.6111786148238153,0.10120845921450151,0.35067114093959734,0.4246031746031746,0.4389128989361702
zelk12/MT3-gemma-2-9B,0.7430683918669131,0.6120465197014407,0.21676737160120846,0.3447986577181208,0.42328042328042326,0.43267952127659576
zelk12/MT4-Gen1-gemma-2-9B,0.7504621072088724,0.608227738239889,0.21978851963746224,0.34395973154362414,0.4312169312169312,0.4389128989361702
zelk12/MT4-Gen2-gemma-2-9B,0.7707948243992606,0.6096163860440895,0.2326283987915408,0.34563758389261745,0.4246031746031746,0.4367519946808511
zelk12/MT4-Gen3-gemma-2-9B,0.7467652495378928,0.6075334143377886,0.2190332326283988,0.34395973154362414,0.42328042328042326,0.4380817819148936
zelk12/MT4-Gen4-gemma-2-9B,0.7523105360443623,0.6070126714112133,0.21450151057401812,0.3523489932885906,0.42328042328042326,0.4323470744680851
zelk12/MT4-Gen5-gemma-2-9B,0.7412199630314233,0.6096163860440895,0.22658610271903323,0.3565436241610738,0.42592592592592593,0.43841422872340424
zelk12/MT4-Max-Merge_02012025163610-gemma-2-9B,0.17190388170055454,0.6108314528727652,0.09516616314199396,0.35151006711409394,0.421957671957672,0.4390791223404255
zelk12/MT4-gemma-2-9B,0.7393715341959335,0.606318347509113,0.2084592145015106,0.33808724832214765,0.4298941798941799,0.43658577127659576
zelk12/MT5-Gen1-gemma-2-9B,0.744916820702403,0.6101371289706649,0.2212990936555891,0.34731543624161076,0.4193121693121693,0.43683510638297873
zelk12/MT5-Gen2-gemma-2-9B,0.7615526802218114,0.6096163860440895,0.22054380664652568,0.35151006711409394,0.41534391534391535,0.4379155585106383
zelk12/MT5-Gen3-gemma-2-9B,0.744916820702403,0.6078805762888387,0.21676737160120846,0.35151006711409394,0.421957671957672,0.4375
zelk12/MT5-Gen4-gemma-2-9B,0.7467652495378928,0.6120465197014407,0.2243202416918429,0.35318791946308725,0.421957671957672,0.4396609042553192
zelk12/MT5-Gen5-gemma-2-9B,0.7597042513863216,0.6101371289706649,0.2258308157099698,0.34815436241610737,0.41798941798941797,0.43292885638297873
zelk12/MT5-Max-Merge_02012025163610-gemma-2-9B,0.17005545286506468,0.6115257767748655,0.09818731117824774,0.35151006711409394,0.421957671957672,0.43899601063829785
zelk12/MT5-gemma-2-9B,0.7726432532347505,0.6101371289706649,0.2258308157099698,0.34312080536912754,0.4193121693121693,0.4366688829787234
zelk12/MTM-Merge-gemma-2-9B,0.7430683918669131,0.6122201006769658,0.2175226586102719,0.3548657718120805,0.42592592592592593,0.43882978723404253
zelk12/MTMaMe-Merge_02012025163610-gemma-2-9B,0.17375231053604437,0.610484290921715,0.09592145015105741,0.3523489932885906,0.42328042328042326,0.43816489361702127
zelk12/Rv0.4DMv1t0.25-gemma-2-9B,0.7079482439926063,0.6054504426314876,0.2258308157099698,0.34563758389261745,0.4298941798941799,0.44007646276595747
zelk12/Rv0.4DMv1t0.25Tt0.25-gemma-2-9B,0.7282809611829945,0.6089220621419892,0.20694864048338368,0.3422818791946309,0.42724867724867727,0.43467420212765956
zelk12/Rv0.4MT4g2-gemma-2-9B,0.6894639556377079,0.6031938899496615,0.19486404833836857,0.35318791946308725,0.421957671957672,0.44173869680851063
zelk12/T31122024203920-gemma-2-9B,0.7282809611829945,0.6087484811664642,0.2054380664652568,0.35067114093959734,0.4312169312169312,0.437250664893617
zelk12/Test01012025155054,0.10720887245841035,0.2787710466932824,0.0,0.24161073825503357,0.3664021164021164,0.10904255319148937
zelk12/Test01012025155054t0.5_gemma-2,0.10720887245841035,0.2787710466932824,0.0,0.24161073825503357,0.3664021164021164,0.10904255319148937
zelk12/gemma-2-S2MTM-9B,0.7467652495378928,0.6056240236070126,0.20468277945619334,0.34563758389261745,0.42063492063492064,0.4296875
zelk12/recoilme-gemma-2-Ataraxy-9B-v0.1-t0.25,0.7319778188539742,0.606318347509113,0.21450151057401812,0.34312080536912754,0.4312169312169312,0.4399933510638298
zelk12/recoilme-gemma-2-Ataraxy-9B-v0.1-t0.75,0.6802218114602587,0.5983336226349593,0.20166163141993956,0.3498322147651007,0.3941798941798942,0.4140625
zelk12/recoilme-gemma-2-Ataraxy-9B-v0.1,0.7264325323475046,0.6068390904356883,0.2280966767371601,0.3498322147651007,0.4126984126984127,0.43209773936170215
zelk12/recoilme-gemma-2-Ataraxy-9B-v0.2,0.7190388170055453,0.6057976045825377,0.22280966767371602,0.34815436241610737,0.41005291005291006,0.43226396276595747
zelk12/recoilme-gemma-2-Gutenberg-Doppel-9B-v0.1,0.7208872458410351,0.6087484811664642,0.20996978851963746,0.3414429530201342,0.4298941798941799,0.4315159574468085
zelk12/recoilme-gemma-2-Ifable-9B-v0.1,0.7578558225508318,0.6057976045825377,0.22054380664652568,0.35151006711409394,0.4193121693121693,0.4323470744680851
zelk12/recoilme-gemma-2-psy10k-mental_healt-9B-v0.1,0.7060998151571165,0.5974657177573338,0.18882175226586104,0.34395973154362414,0.42857142857142855,0.41805186170212766
zetasepic/Qwen2.5-32B-Instruct-abliterated-v2,0.8059149722735675,0.690505120638778,0.595166163141994,0.3674496644295302,0.43386243386243384,0.5621675531914894
zetasepic/Qwen2.5-72B-Instruct-abliterated,0.6691312384473198,0.713591390383614,0.5241691842900302,0.40687919463087246,0.4708994708994709,0.5871841755319149
zhengr/MixTAO-7Bx2-MoE-v8.1,0.3567467652495379,0.4174622461378233,0.06042296072507553,0.2986577181208054,0.3968253968253968,0.28465757978723405
